0.24776458740234375,0,-0.05824352060364906,0.03882901373576604,-0.06
0.24776458740234375,1,0.0,0.07,-0.06
0.24776458740234375,2,0.05824352060364906,0.03882901373576604,-0.06
0.24776458740234375,3,0.05824352060364906,-0.03882901373576604,-0.06
0.24776458740234375,4,0.0,-0.07,-0.06
0.24776458740234375,5,-0.05824352060364906,-0.03882901373576604,-0.06
0.30463337898254395,0,-0.05824352060364906,0.03882901373576604,-0.06
0.30463337898254395,1,0.0,0.07,-0.06
0.30463337898254395,2,0.05824352060364906,0.03882901373576604,-0.06
0.30463337898254395,3,0.05824352060364906,-0.03882901373576604,-0.06
0.30463337898254395,4,0.0,-0.07,-0.06
0.30463337898254395,5,-0.05824352060364906,-0.03882901373576604,-0.06
0.3175013065338135,0,-0.05824352060364906,0.03882901373576604,-0.06
0.3175013065338135,1,0.0,0.07,-0.06
0.3175013065338135,2,0.05824352060364906,0.03882901373576604,-0.06
0.3175013065338135,3,0.05824352060364906,-0.03882901373576604,-0.06
0.3175013065338135,4,0.0,-0.07,-0.06
0.3175013065338135,5,-0.05824352060364906,-0.03882901373576604,-0.06
0.3326408863067627,0,-0.05824352060364906,0.03882901373576604,-0.06
0.3326408863067627,1,0.0,0.07,-0.06
0.3326408863067627,2,0.05824352060364906,0.03882901373576604,-0.06
0.3326408863067627,3,0.05824352060364906,-0.03882901373576604,-0.06
0.3326408863067627,4,0.0,-0.07,-0.06
0.3326408863067627,5,-0.05824352060364906,-0.03882901373576604,-0.06
0.3476548194885254,0,-0.05824352060364906,0.03882901373576604,-0.06
0.3476548194885254,1,0.0,0.07,-0.06
0.3476548194885254,2,0.05824352060364906,0.03882901373576604,-0.06
0.3476548194885254,3,0.05824352060364906,-0.03882901373576604,-0.06
0.3476548194885254,4,0.0,-0.07,-0.06
0.3476548194885254,5,-0.05824352060364906,-0.03882901373576604,-0.06
0.36595892906188965,0,-0.05824352060364906,0.03882901373576604,-0.06
0.36595892906188965,1,0.0,0.07,-0.06
0.36595892906188965,2,0.05824352060364906,0.03882901373576604,-0.06
0.36595892906188965,3,0.05824352060364906,-0.03882901373576604,-0.06
0.36595892906188965,4,0.0,-0.07,-0.06
0.36595892906188965,5,-0.05824352060364906,-0.03882901373576604,-0.06
0.3811202049255371,0,-0.05824352060364906,0.03882901373576604,-0.06
0.3811202049255371,1,0.0,0.07,-0.06
0.3811202049255371,2,0.05824352060364906,0.03882901373576604,-0.06
0.3811202049255371,3,0.05824352060364906,-0.03882901373576604,-0.06
0.3811202049255371,4,0.0,-0.07,-0.06
0.3811202049255371,5,-0.05824352060364906,-0.03882901373576604,-0.06
0.39890241622924805,0,-0.05824352060364906,0.03882901373576604,-0.06
0.39890241622924805,1,0.0,0.07,-0.06
0.39890241622924805,2,0.05824352060364906,0.03882901373576604,-0.06
0.39890241622924805,3,0.05824352060364906,-0.03882901373576604,-0.06
0.39890241622924805,4,0.0,-0.07,-0.06
0.39890241622924805,5,-0.05824352060364906,-0.03882901373576604,-0.06
0.4129209518432617,0,-0.05824352060364906,0.03882901373576604,-0.06
0.4129209518432617,1,0.0,0.07,-0.06
0.4129209518432617,2,0.05824352060364906,0.03882901373576604,-0.06
0.4129209518432617,3,0.05824352060364906,-0.03882901373576604,-0.06
0.4129209518432617,4,0.0,-0.07,-0.06
0.4129209518432617,5,-0.05824352060364906,-0.03882901373576604,-0.06
0.4194324016571045,0,-0.05824352060364906,0.03882901373576604,-0.06
0.4194324016571045,1,0.0,0.07,-0.06
0.4194324016571045,2,0.05824352060364906,0.03882901373576604,-0.06
0.4194324016571045,3,0.05824352060364906,-0.03882901373576604,-0.06
0.4194324016571045,4,0.0,-0.07,-0.06
0.4194324016571045,5,-0.05824352060364906,-0.03882901373576604,-0.06
0.44180798530578613,0,-0.05824352060364906,0.03882901373576604,-0.06
0.44180798530578613,1,0.0,0.07,-0.06
0.44180798530578613,2,0.05824352060364906,0.03882901373576604,-0.06
0.44180798530578613,3,0.05824352060364906,-0.03882901373576604,-0.06
0.44180798530578613,4,0.0,-0.07,-0.06
0.44180798530578613,5,-0.05824352060364906,-0.03882901373576604,-0.06
0.45885205268859863,0,-0.05824352060364906,0.03882901373576604,-0.06
0.45885205268859863,1,0.0,0.07,-0.06
0.45885205268859863,2,0.05824352060364906,0.03882901373576604,-0.06
0.45885205268859863,3,0.05824352060364906,-0.03882901373576604,-0.06
0.45885205268859863,4,0.0,-0.07,-0.06
0.45885205268859863,5,-0.05824352060364906,-0.03882901373576604,-0.06
0.473447322845459,0,-0.05824352060364906,0.03882901373576604,-0.06
0.473447322845459,1,0.0,0.07,-0.06
0.473447322845459,2,0.05824352060364906,0.03882901373576604,-0.06
0.473447322845459,3,0.05824352060364906,-0.03882901373576604,-0.06
0.473447322845459,4,0.0,-0.07,-0.06
0.473447322845459,5,-0.05824352060364906,-0.03882901373576604,-0.06
0.4890754222869873,0,-0.05824352060364906,0.03882901373576604,-0.06
0.4890754222869873,1,0.0,0.07,-0.06
0.4890754222869873,2,0.05824352060364906,0.03882901373576604,-0.06
0.4890754222869873,3,0.05824352060364906,-0.03882901373576604,-0.06
0.4890754222869873,4,0.0,-0.07,-0.06
0.4890754222869873,5,-0.05824352060364906,-0.03882901373576604,-0.06
0.5032098293304443,0,-0.05824352060364906,0.03882901373576604,-0.06
0.5032098293304443,1,0.0,0.07,-0.06
0.5032098293304443,2,0.05824352060364906,0.03882901373576604,-0.06
0.5032098293304443,3,0.05824352060364906,-0.03882901373576604,-0.06
0.5032098293304443,4,0.0,-0.07,-0.06
0.5032098293304443,5,-0.05824352060364906,-0.03882901373576604,-0.06
0.5188331604003906,0,-0.05824352060364906,0.03882901373576604,-0.06
0.5188331604003906,1,0.0,0.07,-0.06
0.5188331604003906,2,0.05824352060364906,0.03882901373576604,-0.06
0.5188331604003906,3,0.05824352060364906,-0.03882901373576604,-0.06
0.5188331604003906,4,0.0,-0.07,-0.06
0.5188331604003906,5,-0.05824352060364906,-0.03882901373576604,-0.06
0.536102294921875,0,-0.05824352060364906,0.03882901373576604,-0.06
0.536102294921875,1,0.0,0.07,-0.06
0.536102294921875,2,0.05824352060364906,0.03882901373576604,-0.06
0.536102294921875,3,0.05824352060364906,-0.03882901373576604,-0.06
0.536102294921875,4,0.0,-0.07,-0.06
0.536102294921875,5,-0.05824352060364906,-0.03882901373576604,-0.06
0.5626285076141357,0,-0.05824352060364906,0.03882901373576604,-0.06
0.5626285076141357,1,0.0,0.07,-0.06
0.5626285076141357,2,0.05824352060364906,0.03882901373576604,-0.06
0.5626285076141357,3,0.05824352060364906,-0.03882901373576604,-0.06
0.5626285076141357,4,0.0,-0.07,-0.06
0.5626285076141357,5,-0.05824352060364906,-0.03882901373576604,-0.06
0.5791440010070801,0,-0.05824352060364906,0.03882901373576604,-0.06
0.5791440010070801,1,0.0,0.07,-0.06
0.5791440010070801,2,0.05824352060364906,0.03882901373576604,-0.06
0.5791440010070801,3,0.05824352060364906,-0.03882901373576604,-0.06
0.5791440010070801,4,0.0,-0.07,-0.06
0.5791440010070801,5,-0.05824352060364906,-0.03882901373576604,-0.06
0.5953242778778076,0,-0.05824352060364906,0.03882901373576604,-0.06
0.5953242778778076,1,0.0,0.07,-0.06
0.5953242778778076,2,0.05824352060364906,0.03882901373576604,-0.06
0.5953242778778076,3,0.05824352060364906,-0.03882901373576604,-0.06
0.5953242778778076,4,0.0,-0.07,-0.06
0.5953242778778076,5,-0.05824352060364906,-0.03882901373576604,-0.06
0.6087546348571777,0,-0.05824352060364906,0.03882901373576604,-0.06
0.6087546348571777,1,0.0,0.07,-0.06
0.6087546348571777,2,0.05824352060364906,0.03882901373576604,-0.06
0.6087546348571777,3,0.05824352060364906,-0.03882901373576604,-0.06
0.6087546348571777,4,0.0,-0.07,-0.06
0.6087546348571777,5,-0.05824352060364906,-0.03882901373576604,-0.06
0.6267757415771484,0,-0.05824352060364906,0.03882901373576604,-0.06
0.6267757415771484,1,0.0,0.07,-0.06
0.6267757415771484,2,0.05824352060364906,0.03882901373576604,-0.06
0.6267757415771484,3,0.05824352060364906,-0.03882901373576604,-0.06
0.6267757415771484,4,0.0,-0.07,-0.06
0.6267757415771484,5,-0.05824352060364906,-0.03882901373576604,-0.06
0.6564297676086426,0,-0.05824352060364906,0.03882901373576604,-0.06
0.6564297676086426,1,0.0,0.07,-0.06
0.6564297676086426,2,0.05824352060364906,0.03882901373576604,-0.06
0.6564297676086426,3,0.05824352060364906,-0.03882901373576604,-0.06
0.6564297676086426,4,0.0,-0.07,-0.06
0.6564297676086426,5,-0.05824352060364906,-0.03882901373576604,-0.06
0.6709051132202148,0,-0.05824352060364906,0.03882901373576604,-0.06
0.6709051132202148,1,0.0,0.07,-0.06
0.6709051132202148,2,0.05824352060364906,0.03882901373576604,-0.06
0.6709051132202148,3,0.05824352060364906,-0.03882901373576604,-0.06
0.6709051132202148,4,0.0,-0.07,-0.06
0.6709051132202148,5,-0.05824352060364906,-0.03882901373576604,-0.06
0.6855809688568115,0,-0.05824352060364906,0.03882901373576604,-0.06
0.6855809688568115,1,0.0,0.07,-0.06
0.6855809688568115,2,0.05824352060364906,0.03882901373576604,-0.06
0.6855809688568115,3,0.05824352060364906,-0.03882901373576604,-0.06
0.6855809688568115,4,0.0,-0.07,-0.06
0.6855809688568115,5,-0.05824352060364906,-0.03882901373576604,-0.06
0.7027416229248047,0,-0.05824352060364906,0.03882901373576604,-0.06
0.7027416229248047,1,0.0,0.07,-0.06
0.7027416229248047,2,0.05824352060364906,0.03882901373576604,-0.06
0.7027416229248047,3,0.05824352060364906,-0.03882901373576604,-0.06
0.7027416229248047,4,0.0,-0.07,-0.06
0.7027416229248047,5,-0.05824352060364906,-0.03882901373576604,-0.06
0.7190558910369873,0,-0.05824352060364906,0.03882901373576604,-0.06
0.7190558910369873,1,0.0,0.07,-0.06
0.7190558910369873,2,0.05824352060364906,0.03882901373576604,-0.06
0.7190558910369873,3,0.05824352060364906,-0.03882901373576604,-0.06
0.7190558910369873,4,0.0,-0.07,-0.06
0.7190558910369873,5,-0.05824352060364906,-0.03882901373576604,-0.06
0.7340693473815918,0,-0.05824352060364906,0.03882901373576604,-0.06
0.7340693473815918,1,0.0,0.07,-0.06
0.7340693473815918,2,0.05824352060364906,0.03882901373576604,-0.06
0.7340693473815918,3,0.05824352060364906,-0.03882901373576604,-0.06
0.7340693473815918,4,0.0,-0.07,-0.06
0.7340693473815918,5,-0.05824352060364906,-0.03882901373576604,-0.06
0.7642378807067871,0,-0.05824352060364906,0.03882901373576604,-0.06
0.7642378807067871,1,0.0,0.07,-0.06
0.7642378807067871,2,0.05824352060364906,0.03882901373576604,-0.06
0.7642378807067871,3,0.05824352060364906,-0.03882901373576604,-0.06
0.7642378807067871,4,0.0,-0.07,-0.06
0.7642378807067871,5,-0.05824352060364906,-0.03882901373576604,-0.06
0.7778358459472656,0,-0.05824352060364906,0.03882901373576604,-0.06
0.7778358459472656,1,0.0,0.07,-0.06
0.7778358459472656,2,0.05824352060364906,0.03882901373576604,-0.06
0.7778358459472656,3,0.05824352060364906,-0.03882901373576604,-0.06
0.7778358459472656,4,0.0,-0.07,-0.06
0.7778358459472656,5,-0.05824352060364906,-0.03882901373576604,-0.06
0.7873420715332031,0,-0.05824352060364906,0.03882901373576604,-0.06
0.7873420715332031,1,0.0,0.07,-0.06
0.7873420715332031,2,0.05824352060364906,0.03882901373576604,-0.06
0.7873420715332031,3,0.05824352060364906,-0.03882901373576604,-0.06
0.7873420715332031,4,0.0,-0.07,-0.06
0.7873420715332031,5,-0.05824352060364906,-0.03882901373576604,-0.06
0.8118669986724854,0,-0.05824352060364906,0.03882901373576604,-0.06
0.8118669986724854,1,0.0,0.07,-0.06
0.8118669986724854,2,0.05824352060364906,0.03882901373576604,-0.06
0.8118669986724854,3,0.05824352060364906,-0.03882901373576604,-0.06
0.8118669986724854,4,0.0,-0.07,-0.06
0.8118669986724854,5,-0.05824352060364906,-0.03882901373576604,-0.06
0.8267943859100342,0,-0.05824352060364906,0.03882901373576604,-0.06
0.8267943859100342,1,0.0,0.07,-0.06
0.8267943859100342,2,0.05824352060364906,0.03882901373576604,-0.06
0.8267943859100342,3,0.05824352060364906,-0.03882901373576604,-0.06
0.8267943859100342,4,0.0,-0.07,-0.06
0.8267943859100342,5,-0.05824352060364906,-0.03882901373576604,-0.06
0.8437073230743408,0,-0.05824352060364906,0.03882901373576604,-0.06
0.8437073230743408,1,0.0,0.07,-0.06
0.8437073230743408,2,0.05824352060364906,0.03882901373576604,-0.06
0.8437073230743408,3,0.05824352060364906,-0.03882901373576604,-0.06
0.8437073230743408,4,0.0,-0.07,-0.06
0.8437073230743408,5,-0.05824352060364906,-0.03882901373576604,-0.06
0.857018232345581,0,-0.05824352060364906,0.03882901373576604,-0.06
0.857018232345581,1,0.0,0.07,-0.06
0.857018232345581,2,0.05824352060364906,0.03882901373576604,-0.06
0.857018232345581,3,0.05824352060364906,-0.03882901373576604,-0.06
0.857018232345581,4,0.0,-0.07,-0.06
0.857018232345581,5,-0.05824352060364906,-0.03882901373576604,-0.06
0.8749008178710938,0,-0.05824352060364906,0.03882901373576604,-0.06
0.8749008178710938,1,0.0,0.07,-0.06
0.8749008178710938,2,0.05824352060364906,0.03882901373576604,-0.06
0.8749008178710938,3,0.05824352060364906,-0.03882901373576604,-0.06
0.8749008178710938,4,0.0,-0.07,-0.06
0.8749008178710938,5,-0.05824352060364906,-0.03882901373576604,-0.06
0.902590274810791,0,-0.05824352060364906,0.03882901373576604,-0.06
0.902590274810791,1,0.0,0.07,-0.06
0.902590274810791,2,0.05824352060364906,0.03882901373576604,-0.06
0.902590274810791,3,0.05824352060364906,-0.03882901373576604,-0.06
0.902590274810791,4,0.0,-0.07,-0.06
0.902590274810791,5,-0.05824352060364906,-0.03882901373576604,-0.06
0.9178814888000488,0,-0.05824352060364906,0.03882901373576604,-0.06
0.9178814888000488,1,0.0,0.07,-0.06
0.9178814888000488,2,0.05824352060364906,0.03882901373576604,-0.06
0.9178814888000488,3,0.05824352060364906,-0.03882901373576604,-0.06
0.9178814888000488,4,0.0,-0.07,-0.06
0.9178814888000488,5,-0.05824352060364906,-0.03882901373576604,-0.06
0.9365918636322021,0,-0.05824352060364906,0.03882901373576604,-0.06
0.9365918636322021,1,0.0,0.07,-0.06
0.9365918636322021,2,0.05824352060364906,0.03882901373576604,-0.06
0.9365918636322021,3,0.05824352060364906,-0.03882901373576604,-0.06
0.9365918636322021,4,0.0,-0.07,-0.06
0.9365918636322021,5,-0.05824352060364906,-0.03882901373576604,-0.06
0.9491977691650391,0,-0.05824352060364906,0.03882901373576604,-0.06
0.9491977691650391,1,0.0,0.07,-0.06
0.9491977691650391,2,0.05824352060364906,0.03882901373576604,-0.06
0.9491977691650391,3,0.05824352060364906,-0.03882901373576604,-0.06
0.9491977691650391,4,0.0,-0.07,-0.06
0.9491977691650391,5,-0.05824352060364906,-0.03882901373576604,-0.06
0.9649226665496826,0,-0.05824352060364906,0.03882901373576604,-0.06
0.9649226665496826,1,0.0,0.07,-0.06
0.9649226665496826,2,0.05824352060364906,0.03882901373576604,-0.06
0.9649226665496826,3,0.05824352060364906,-0.03882901373576604,-0.06
0.9649226665496826,4,0.0,-0.07,-0.06
0.9649226665496826,5,-0.05824352060364906,-0.03882901373576604,-0.06
0.979034423828125,0,-0.05824352060364906,0.03882901373576604,-0.06
0.979034423828125,1,0.0,0.07,-0.06
0.979034423828125,2,0.05824352060364906,0.03882901373576604,-0.06
0.979034423828125,3,0.05824352060364906,-0.03882901373576604,-0.06
0.979034423828125,4,0.0,-0.07,-0.06
0.979034423828125,5,-0.05824352060364906,-0.03882901373576604,-0.06
0.9951810836791992,0,-0.05824352060364906,0.03882901373576604,-0.06
0.9951810836791992,1,0.0,0.07,-0.06
0.9951810836791992,2,0.05824352060364906,0.03882901373576604,-0.06
0.9951810836791992,3,0.05824352060364906,-0.03882901373576604,-0.06
0.9951810836791992,4,0.0,-0.07,-0.06
0.9951810836791992,5,-0.05824352060364906,-0.03882901373576604,-0.06
1.0116312503814697,0,-0.05824352060364906,0.03882901373576604,-0.06
1.0116312503814697,1,0.0,0.07,-0.06
1.0116312503814697,2,0.05824352060364906,0.03882901373576604,-0.06
1.0116312503814697,3,0.05824352060364906,-0.03882901373576604,-0.06
1.0116312503814697,4,0.0,-0.07,-0.06
1.0116312503814697,5,-0.05824352060364906,-0.03882901373576604,-0.06
1.0279948711395264,0,-0.05824352060364906,0.03882901373576604,-0.06
1.0279948711395264,1,0.0,0.07,-0.06
1.0279948711395264,2,0.05824352060364906,0.03882901373576604,-0.06
1.0279948711395264,3,0.05824352060364906,-0.03882901373576604,-0.06
1.0279948711395264,4,0.0,-0.07,-0.06
1.0279948711395264,5,-0.05824352060364906,-0.03882901373576604,-0.06
1.0449812412261963,0,-0.05824352060364906,0.03882901373576604,-0.06
1.0449812412261963,1,0.0,0.07,-0.06
1.0449812412261963,2,0.05824352060364906,0.03882901373576604,-0.06
1.0449812412261963,3,0.05824352060364906,-0.03882901373576604,-0.06
1.0449812412261963,4,0.0,-0.07,-0.06
1.0449812412261963,5,-0.05824352060364906,-0.03882901373576604,-0.06
1.0581495761871338,0,-0.05824352060364906,0.03882901373576604,-0.06
1.0581495761871338,1,0.0,0.07,-0.06
1.0581495761871338,2,0.05824352060364906,0.03882901373576604,-0.06
1.0581495761871338,3,0.05824352060364906,-0.03882901373576604,-0.06
1.0581495761871338,4,0.0,-0.07,-0.06
1.0581495761871338,5,-0.05824352060364906,-0.03882901373576604,-0.06
1.0738039016723633,0,-0.05824352060364906,0.03882901373576604,-0.06
1.0738039016723633,1,0.0,0.07,-0.06
1.0738039016723633,2,0.05824352060364906,0.03882901373576604,-0.06
1.0738039016723633,3,0.05824352060364906,-0.03882901373576604,-0.06
1.0738039016723633,4,0.0,-0.07,-0.06
1.0738039016723633,5,-0.05824352060364906,-0.03882901373576604,-0.06
1.0893127918243408,0,-0.05824352060364906,0.03882901373576604,-0.06
1.0893127918243408,1,0.0,0.07,-0.06
1.0893127918243408,2,0.05824352060364906,0.03882901373576604,-0.06
1.0893127918243408,3,0.05824352060364906,-0.03882901373576604,-0.06
1.0893127918243408,4,0.0,-0.07,-0.06
1.0893127918243408,5,-0.05824352060364906,-0.03882901373576604,-0.06
1.1065146923065186,0,-0.05824352060364906,0.03882901373576604,-0.06
1.1065146923065186,1,0.0,0.07,-0.06
1.1065146923065186,2,0.05824352060364906,0.03882901373576604,-0.06
1.1065146923065186,3,0.05824352060364906,-0.03882901373576604,-0.06
1.1065146923065186,4,0.0,-0.07,-0.06
1.1065146923065186,5,-0.05824352060364906,-0.03882901373576604,-0.06
1.1327874660491943,0,-0.05824352060364906,0.03882901373576604,-0.06
1.1327874660491943,1,0.0,0.07,-0.06
1.1327874660491943,2,0.05824352060364906,0.03882901373576604,-0.06
1.1327874660491943,3,0.05824352060364906,-0.03882901373576604,-0.06
1.1327874660491943,4,0.0,-0.07,-0.06
1.1327874660491943,5,-0.05824352060364906,-0.03882901373576604,-0.06
1.1508054733276367,0,-0.05824352060364906,0.03882901373576604,-0.06
1.1508054733276367,1,0.0,0.07,-0.06
1.1508054733276367,2,0.05824352060364906,0.03882901373576604,-0.06
1.1508054733276367,3,0.05824352060364906,-0.03882901373576604,-0.06
1.1508054733276367,4,0.0,-0.07,-0.06
1.1508054733276367,5,-0.05824352060364906,-0.03882901373576604,-0.06
1.1678650379180908,0,-0.05824352060364906,0.03882901373576604,-0.06
1.1678650379180908,1,0.0,0.07,-0.06
1.1678650379180908,2,0.05824352060364906,0.03882901373576604,-0.06
1.1678650379180908,3,0.05824352060364906,-0.03882901373576604,-0.06
1.1678650379180908,4,0.0,-0.07,-0.06
1.1678650379180908,5,-0.05824352060364906,-0.03882901373576604,-0.06
1.1800003051757812,0,-0.05824352060364906,0.03882901373576604,-0.06
1.1800003051757812,1,0.0,0.07,-0.06
1.1800003051757812,2,0.05824352060364906,0.03882901373576604,-0.06
1.1800003051757812,3,0.05824352060364906,-0.03882901373576604,-0.06
1.1800003051757812,4,0.0,-0.07,-0.06
1.1800003051757812,5,-0.05824352060364906,-0.03882901373576604,-0.06
1.1951537132263184,0,-0.05824352060364906,0.03882901373576604,-0.06
1.1951537132263184,1,0.0,0.07,-0.06
1.1951537132263184,2,0.05824352060364906,0.03882901373576604,-0.06
1.1951537132263184,3,0.05824352060364906,-0.03882901373576604,-0.06
1.1951537132263184,4,0.0,-0.07,-0.06
1.1951537132263184,5,-0.05824352060364906,-0.03882901373576604,-0.06
1.2128469944000244,0,-0.05824352060364906,0.03882901373576604,-0.06
1.2128469944000244,1,0.0,0.07,-0.06
1.2128469944000244,2,0.05824352060364906,0.03882901373576604,-0.06
1.2128469944000244,3,0.05824352060364906,-0.03882901373576604,-0.06
1.2128469944000244,4,0.0,-0.07,-0.06
1.2128469944000244,5,-0.05824352060364906,-0.03882901373576604,-0.06
1.2280070781707764,0,-0.05824352060364906,0.03882901373576604,-0.06
1.2280070781707764,1,0.0,0.07,-0.06
1.2280070781707764,2,0.05824352060364906,0.03882901373576604,-0.06
1.2280070781707764,3,0.05824352060364906,-0.03882901373576604,-0.06
1.2280070781707764,4,0.0,-0.07,-0.06
1.2280070781707764,5,-0.05824352060364906,-0.03882901373576604,-0.06
1.2446491718292236,0,-0.05824352060364906,0.03882901373576604,-0.06
1.2446491718292236,1,0.0,0.07,-0.06
1.2446491718292236,2,0.05824352060364906,0.03882901373576604,-0.06
1.2446491718292236,3,0.05824352060364906,-0.03882901373576604,-0.06
1.2446491718292236,4,0.0,-0.07,-0.06
1.2446491718292236,5,-0.05824352060364906,-0.03882901373576604,-0.06
1.2579216957092285,0,-0.05824352060364906,0.03882901373576604,-0.06
1.2579216957092285,1,0.0,0.07,-0.06
1.2579216957092285,2,0.05824352060364906,0.03882901373576604,-0.06
1.2579216957092285,3,0.05824352060364906,-0.03882901373576604,-0.06
1.2579216957092285,4,0.0,-0.07,-0.06
1.2579216957092285,5,-0.05824352060364906,-0.03882901373576604,-0.06
1.2779388427734375,0,-0.05824352060364906,0.03882901373576604,-0.06
1.2779388427734375,1,0.0,0.07,-0.06
1.2779388427734375,2,0.05824352060364906,0.03882901373576604,-0.06
1.2779388427734375,3,0.05824352060364906,-0.03882901373576604,-0.06
1.2779388427734375,4,0.0,-0.07,-0.06
1.2779388427734375,5,-0.05824352060364906,-0.03882901373576604,-0.06
1.309462070465088,0,-0.05824352060364906,0.03882901373576604,-0.06
1.309462070465088,1,0.0,0.07,-0.06
1.309462070465088,2,0.05824352060364906,0.03882901373576604,-0.06
1.309462070465088,3,0.05824352060364906,-0.03882901373576604,-0.06
1.309462070465088,4,0.0,-0.07,-0.06
1.309462070465088,5,-0.05824352060364906,-0.03882901373576604,-0.06
1.3372879028320312,0,-0.05824352060364906,0.03882901373576604,-0.06
1.3372879028320312,1,0.0,0.07,-0.06
1.3372879028320312,2,0.05824352060364906,0.03882901373576604,-0.06
1.3372879028320312,3,0.05824352060364906,-0.03882901373576604,-0.06
1.3372879028320312,4,0.0,-0.07,-0.06
1.3372879028320312,5,-0.05824352060364906,-0.03882901373576604,-0.06
1.352797269821167,0,-0.05824352060364906,0.03882901373576604,-0.06
1.352797269821167,1,0.0,0.07,-0.06
1.352797269821167,2,0.05824352060364906,0.03882901373576604,-0.06
1.352797269821167,3,0.05824352060364906,-0.03882901373576604,-0.06
1.352797269821167,4,0.0,-0.07,-0.06
1.352797269821167,5,-0.05824352060364906,-0.03882901373576604,-0.06
1.366797685623169,0,-0.05824352060364906,0.03882901373576604,-0.06
1.366797685623169,1,0.0,0.07,-0.06
1.366797685623169,2,0.05824352060364906,0.03882901373576604,-0.06
1.366797685623169,3,0.05824352060364906,-0.03882901373576604,-0.06
1.366797685623169,4,0.0,-0.07,-0.06
1.366797685623169,5,-0.05824352060364906,-0.03882901373576604,-0.06
1.3830716609954834,0,-0.05824352060364906,0.03882901373576604,-0.06
1.3830716609954834,1,0.0,0.07,-0.06
1.3830716609954834,2,0.05824352060364906,0.03882901373576604,-0.06
1.3830716609954834,3,0.05824352060364906,-0.03882901373576604,-0.06
1.3830716609954834,4,0.0,-0.07,-0.06
1.3830716609954834,5,-0.05824352060364906,-0.03882901373576604,-0.06
1.3989222049713135,0,-0.05824352060364906,0.03882901373576604,-0.06
1.3989222049713135,1,0.0,0.07,-0.06
1.3989222049713135,2,0.05824352060364906,0.03882901373576604,-0.06
1.3989222049713135,3,0.05824352060364906,-0.03882901373576604,-0.06
1.3989222049713135,4,0.0,-0.07,-0.06
1.3989222049713135,5,-0.05824352060364906,-0.03882901373576604,-0.06
1.4140844345092773,0,-0.05824352060364906,0.03882901373576604,-0.06
1.4140844345092773,1,0.0,0.07,-0.06
1.4140844345092773,2,0.05824352060364906,0.03882901373576604,-0.06
1.4140844345092773,3,0.05824352060364906,-0.03882901373576604,-0.06
1.4140844345092773,4,0.0,-0.07,-0.06
1.4140844345092773,5,-0.05824352060364906,-0.03882901373576604,-0.06
1.4210851192474365,0,-0.05824352060364906,0.03882901373576604,-0.06
1.4210851192474365,1,0.0,0.07,-0.06
1.4210851192474365,2,0.05824352060364906,0.03882901373576604,-0.06
1.4210851192474365,3,0.05824352060364906,-0.03882901373576604,-0.06
1.4210851192474365,4,0.0,-0.07,-0.06
1.4210851192474365,5,-0.05824352060364906,-0.03882901373576604,-0.06
1.4446117877960205,0,-0.05824352060364906,0.03882901373576604,-0.06
1.4446117877960205,1,0.0,0.07,-0.06
1.4446117877960205,2,0.05824352060364906,0.03882901373576604,-0.06
1.4446117877960205,3,0.05824352060364906,-0.03882901373576604,-0.06
1.4446117877960205,4,0.0,-0.07,-0.06
1.4446117877960205,5,-0.05824352060364906,-0.03882901373576604,-0.06
1.4580309391021729,0,-0.05824352060364906,0.03882901373576604,-0.06
1.4580309391021729,1,0.0,0.07,-0.06
1.4580309391021729,2,0.05824352060364906,0.03882901373576604,-0.06
1.4580309391021729,3,0.05824352060364906,-0.03882901373576604,-0.06
1.4580309391021729,4,0.0,-0.07,-0.06
1.4580309391021729,5,-0.05824352060364906,-0.03882901373576604,-0.06
1.476046085357666,0,-0.05824352060364906,0.03882901373576604,-0.06
1.476046085357666,1,0.0,0.07,-0.06
1.476046085357666,2,0.05824352060364906,0.03882901373576604,-0.06
1.476046085357666,3,0.05824352060364906,-0.03882901373576604,-0.06
1.476046085357666,4,0.0,-0.07,-0.06
1.476046085357666,5,-0.05824352060364906,-0.03882901373576604,-0.06
1.491739273071289,0,-0.05824352060364906,0.03882901373576604,-0.06
1.491739273071289,1,0.0,0.07,-0.06
1.491739273071289,2,0.05824352060364906,0.03882901373576604,-0.06
1.491739273071289,3,0.05824352060364906,-0.03882901373576604,-0.06
1.491739273071289,4,0.0,-0.07,-0.06
1.491739273071289,5,-0.05824352060364906,-0.03882901373576604,-0.06
1.50575852394104,0,-0.05824352060364906,0.03882901373576604,-0.06
1.50575852394104,1,0.0,0.07,-0.06
1.50575852394104,2,0.05824352060364906,0.03882901373576604,-0.06
1.50575852394104,3,0.05824352060364906,-0.03882901373576604,-0.06
1.50575852394104,4,0.0,-0.07,-0.06
1.50575852394104,5,-0.05824352060364906,-0.03882901373576604,-0.06
1.5218870639801025,0,-0.05824352060364906,0.03882901373576604,-0.06
1.5218870639801025,1,0.0,0.07,-0.06
1.5218870639801025,2,0.05824352060364906,0.03882901373576604,-0.06
1.5218870639801025,3,0.05824352060364906,-0.03882901373576604,-0.06
1.5218870639801025,4,0.0,-0.07,-0.06
1.5218870639801025,5,-0.05824352060364906,-0.03882901373576604,-0.06
1.5385351181030273,0,-0.05824352060364906,0.03882901373576604,-0.06
1.5385351181030273,1,0.0,0.07,-0.06
1.5385351181030273,2,0.05824352060364906,0.03882901373576604,-0.06
1.5385351181030273,3,0.05824352060364906,-0.03882901373576604,-0.06
1.5385351181030273,4,0.0,-0.07,-0.06
1.5385351181030273,5,-0.05824352060364906,-0.03882901373576604,-0.06
1.5537514686584473,0,-0.05824352060364906,0.03882901373576604,-0.06
1.5537514686584473,1,0.0,0.07,-0.06
1.5537514686584473,2,0.05824352060364906,0.03882901373576604,-0.06
1.5537514686584473,3,0.05824352060364906,-0.03882901373576604,-0.06
1.5537514686584473,4,0.0,-0.07,-0.06
1.5537514686584473,5,-0.05824352060364906,-0.03882901373576604,-0.06
1.5664317607879639,0,-0.05824352060364906,0.03882901373576604,-0.06
1.5664317607879639,1,0.0,0.07,-0.06
1.5664317607879639,2,0.05824352060364906,0.03882901373576604,-0.06
1.5664317607879639,3,0.05824352060364906,-0.03882901373576604,-0.06
1.5664317607879639,4,0.0,-0.07,-0.06
1.5664317607879639,5,-0.05824352060364906,-0.03882901373576604,-0.06
1.5825650691986084,0,-0.05824352060364906,0.03882901373576604,-0.06
1.5825650691986084,1,0.0,0.07,-0.06
1.5825650691986084,2,0.05824352060364906,0.03882901373576604,-0.06
1.5825650691986084,3,0.05824352060364906,-0.03882901373576604,-0.06
1.5825650691986084,4,0.0,-0.07,-0.06
1.5825650691986084,5,-0.05824352060364906,-0.03882901373576604,-0.06
1.598736047744751,0,-0.05824352060364906,0.03882901373576604,-0.06
1.598736047744751,1,0.0,0.07,-0.06
1.598736047744751,2,0.05824352060364906,0.03882901373576604,-0.06
1.598736047744751,3,0.05824352060364906,-0.03882901373576604,-0.06
1.598736047744751,4,0.0,-0.07,-0.06
1.598736047744751,5,-0.05824352060364906,-0.03882901373576604,-0.06
1.6149449348449707,0,-0.05824352060364906,0.03882901373576604,-0.06
1.6149449348449707,1,0.0,0.07,-0.06
1.6149449348449707,2,0.05824352060364906,0.03882901373576604,-0.06
1.6149449348449707,3,0.05824352060364906,-0.03882901373576604,-0.06
1.6149449348449707,4,0.0,-0.07,-0.06
1.6149449348449707,5,-0.05824352060364906,-0.03882901373576604,-0.06
1.628612756729126,0,-0.05824352060364906,0.03882901373576604,-0.06
1.628612756729126,1,0.0,0.07,-0.06
1.628612756729126,2,0.05824352060364906,0.03882901373576604,-0.06
1.628612756729126,3,0.05824352060364906,-0.03882901373576604,-0.06
1.628612756729126,4,0.0,-0.07,-0.06
1.628612756729126,5,-0.05824352060364906,-0.03882901373576604,-0.06
1.644146203994751,0,-0.05824352060364906,0.03882901373576604,-0.06
1.644146203994751,1,0.0,0.07,-0.06
1.644146203994751,2,0.05824352060364906,0.03882901373576604,-0.06
1.644146203994751,3,0.05824352060364906,-0.03882901373576604,-0.06
1.644146203994751,4,0.0,-0.07,-0.06
1.644146203994751,5,-0.05824352060364906,-0.03882901373576604,-0.06
1.6608188152313232,0,-0.05824352060364906,0.03882901373576604,-0.06
1.6608188152313232,1,0.0,0.07,-0.06
1.6608188152313232,2,0.05824352060364906,0.03882901373576604,-0.06
1.6608188152313232,3,0.05824352060364906,-0.03882901373576604,-0.06
1.6608188152313232,4,0.0,-0.07,-0.06
1.6608188152313232,5,-0.05824352060364906,-0.03882901373576604,-0.06
1.6779663562774658,0,-0.05824352060364906,0.03882901373576604,-0.06
1.6779663562774658,1,0.0,0.07,-0.06
1.6779663562774658,2,0.05824352060364906,0.03882901373576604,-0.06
1.6779663562774658,3,0.05824352060364906,-0.03882901373576604,-0.06
1.6779663562774658,4,0.0,-0.07,-0.06
1.6779663562774658,5,-0.05824352060364906,-0.03882901373576604,-0.06
1.691082239151001,0,-0.05824352060364906,0.03882901373576604,-0.06
1.691082239151001,1,0.0,0.07,-0.06
1.691082239151001,2,0.05824352060364906,0.03882901373576604,-0.06
1.691082239151001,3,0.05824352060364906,-0.03882901373576604,-0.06
1.691082239151001,4,0.0,-0.07,-0.06
1.691082239151001,5,-0.05824352060364906,-0.03882901373576604,-0.06
1.7073144912719727,0,-0.05824352060364906,0.03882901373576604,-0.06
1.7073144912719727,1,0.0,0.07,-0.06
1.7073144912719727,2,0.05824352060364906,0.03882901373576604,-0.06
1.7073144912719727,3,0.05824352060364906,-0.03882901373576604,-0.06
1.7073144912719727,4,0.0,-0.07,-0.06
1.7073144912719727,5,-0.05824352060364906,-0.03882901373576604,-0.06
1.7230794429779053,0,-0.05824352060364906,0.03882901373576604,-0.06
1.7230794429779053,1,0.0,0.07,-0.06
1.7230794429779053,2,0.05824352060364906,0.03882901373576604,-0.06
1.7230794429779053,3,0.05824352060364906,-0.03882901373576604,-0.06
1.7230794429779053,4,0.0,-0.07,-0.06
1.7230794429779053,5,-0.05824352060364906,-0.03882901373576604,-0.06
1.7396435737609863,0,-0.05824352060364906,0.03882901373576604,-0.06
1.7396435737609863,1,0.0,0.07,-0.06
1.7396435737609863,2,0.05824352060364906,0.03882901373576604,-0.06
1.7396435737609863,3,0.05824352060364906,-0.03882901373576604,-0.06
1.7396435737609863,4,0.0,-0.07,-0.06
1.7396435737609863,5,-0.05824352060364906,-0.03882901373576604,-0.06
1.7675063610076904,0,-0.05824352060364906,0.03882901373576604,-0.06
1.7675063610076904,1,0.0,0.07,-0.06
1.7675063610076904,2,0.05824352060364906,0.03882901373576604,-0.06
1.7675063610076904,3,0.05824352060364906,-0.03882901373576604,-0.06
1.7675063610076904,4,0.0,-0.07,-0.06
1.7675063610076904,5,-0.05824352060364906,-0.03882901373576604,-0.06
1.7826564311981201,0,-0.05824352060364906,0.03882901373576604,-0.06
1.7826564311981201,1,0.0,0.07,-0.06
1.7826564311981201,2,0.05824352060364906,0.03882901373576604,-0.06
1.7826564311981201,3,0.05824352060364906,-0.03882901373576604,-0.06
1.7826564311981201,4,0.0,-0.07,-0.06
1.7826564311981201,5,-0.05824352060364906,-0.03882901373576604,-0.06
1.8006713390350342,0,-0.05824352060364906,0.03882901373576604,-0.06
1.8006713390350342,1,0.0,0.07,-0.06
1.8006713390350342,2,0.05824352060364906,0.03882901373576604,-0.06
1.8006713390350342,3,0.05824352060364906,-0.03882901373576604,-0.06
1.8006713390350342,4,0.0,-0.07,-0.06
1.8006713390350342,5,-0.05824352060364906,-0.03882901373576604,-0.06
1.8170347213745117,0,-0.05824352060364906,0.03882901373576604,-0.06
1.8170347213745117,1,0.0,0.07,-0.06
1.8170347213745117,2,0.05824352060364906,0.03882901373576604,-0.06
1.8170347213745117,3,0.05824352060364906,-0.03882901373576604,-0.06
1.8170347213745117,4,0.0,-0.07,-0.06
1.8170347213745117,5,-0.05824352060364906,-0.03882901373576604,-0.06
1.8307456970214844,0,-0.05824352060364906,0.03882901373576604,-0.06
1.8307456970214844,1,0.0,0.07,-0.06
1.8307456970214844,2,0.05824352060364906,0.03882901373576604,-0.06
1.8307456970214844,3,0.05824352060364906,-0.03882901373576604,-0.06
1.8307456970214844,4,0.0,-0.07,-0.06
1.8307456970214844,5,-0.05824352060364906,-0.03882901373576604,-0.06
1.8447747230529785,0,-0.05824352060364906,0.03882901373576604,-0.06
1.8447747230529785,1,0.0,0.07,-0.06
1.8447747230529785,2,0.05824352060364906,0.03882901373576604,-0.06
1.8447747230529785,3,0.05824352060364906,-0.03882901373576604,-0.06
1.8447747230529785,4,0.0,-0.07,-0.06
1.8447747230529785,5,-0.05824352060364906,-0.03882901373576604,-0.06
1.8628637790679932,0,-0.05824352060364906,0.03882901373576604,-0.06
1.8628637790679932,1,0.0,0.07,-0.06
1.8628637790679932,2,0.05824352060364906,0.03882901373576604,-0.06
1.8628637790679932,3,0.05824352060364906,-0.03882901373576604,-0.06
1.8628637790679932,4,0.0,-0.07,-0.06
1.8628637790679932,5,-0.05824352060364906,-0.03882901373576604,-0.06
1.8698687553405762,0,-0.05824352060364906,0.03882901373576604,-0.06
1.8698687553405762,1,0.0,0.07,-0.06
1.8698687553405762,2,0.05824352060364906,0.03882901373576604,-0.06
1.8698687553405762,3,0.05824352060364906,-0.03882901373576604,-0.06
1.8698687553405762,4,0.0,-0.07,-0.06
1.8698687553405762,5,-0.05824352060364906,-0.03882901373576604,-0.06
1.8925402164459229,0,-0.05950387696723685,0.03882901373576604,-0.06
1.8925402164459229,1,0.001260356363587789,0.07,-0.028747727961300755
1.8925402164459229,2,0.05698316424006127,0.03882901373576604,-0.06
1.8925402164459229,3,0.05950387696723685,-0.03882901373576604,-0.028747727961300755
1.8925402164459229,4,-0.001260356363587789,-0.07,-0.06
1.8925402164459229,5,-0.05698316424006127,-0.03882901373576604,-0.028747727961300755
1.9104604721069336,0,-0.06297288316538191,0.03882901373576604,-0.06
1.9104604721069336,1,0.004729362561732842,0.07,-0.033330913626248765
1.9104604721069336,2,0.05351415804191622,0.03882901373576604,-0.06
1.9104604721069336,3,0.06297288316538191,-0.03882901373576604,-0.033330913626248765
1.9104604721069336,4,-0.004729362561732842,-0.07,-0.06
1.9104604721069336,5,-0.05351415804191622,-0.03882901373576604,-0.033330913626248765
1.9253292083740234,0,-0.06651167501156413,0.03882901373576604,-0.06
1.9253292083740234,1,0.008268154407915063,0.07,-0.03739267450633628
1.9253292083740234,2,0.049975366195734,0.03882901373576604,-0.06
1.9253292083740234,3,0.06651167501156413,-0.03882901373576604,-0.03739267450633628
1.9253292083740234,4,-0.008268154407915063,-0.07,-0.06
1.9253292083740234,5,-0.049975366195734,-0.03882901373576604,-0.03739267450633628
1.9558537006378174,0,-0.0725015953871439,0.03882901373576604,-0.06
1.9558537006378174,1,0.014258074783494834,0.07,-0.046308192749723004
1.9558537006378174,2,0.04398544582015423,0.03882901373576604,-0.06
1.9558537006378174,3,0.0725015953871439,-0.03882901373576604,-0.046308192749723004
1.9558537006378174,4,-0.014258074783494834,-0.07,-0.06
1.9558537006378174,5,-0.04398544582015423,-0.03882901373576604,-0.046308192749723004
1.9704930782318115,0,-0.07416544383632034,0.03882901373576604,-0.06
1.9704930782318115,1,0.015921923232671276,0.07,-0.0507831401531324
1.9704930782318115,2,0.042321597370977786,0.03882901373576604,-0.06
1.9704930782318115,3,0.07416544383632034,-0.03882901373576604,-0.0507831401531324
1.9704930782318115,4,-0.015921923232671276,-0.07,-0.06
1.9704930782318115,5,-0.042321597370977786,-0.03882901373576604,-0.0507831401531324
1.9841344356536865,0,-0.07756577541025939,0.03882901373576604,-0.06
1.9841344356536865,1,0.019322254806610317,0.07,-0.05502393693488358
1.9841344356536865,2,0.038921265797038744,0.03882901373576604,-0.06
1.9841344356536865,3,0.07756577541025939,-0.03882901373576604,-0.05502393693488358
1.9841344356536865,4,-0.019322254806610317,-0.07,-0.06
1.9841344356536865,5,-0.038921265797038744,-0.03882901373576604,-0.05502393693488358
2.0016400814056396,0,-0.08056976765175156,0.03882901373576604,-0.05948476234190376
2.0016400814056396,1,0.022326247048102488,0.07,-0.06
2.0016400814056396,2,0.035917273555546574,0.03882901373576604,-0.05948476234190376
2.0016400814056396,3,0.08056976765175156,-0.03882901373576604,-0.06
2.0016400814056396,4,-0.022326247048102488,-0.07,-0.05948476234190376
2.0016400814056396,5,-0.035917273555546574,-0.03882901373576604,-0.06
2.0287930965423584,0,-0.08073676712590488,0.03882901373576604,-0.05100364388868547
2.0287930965423584,1,0.022493246522255816,0.07,-0.06
2.0287930965423584,2,0.035750274081393245,0.03882901373576604,-0.05100364388868547
2.0287930965423584,3,0.08073676712590488,-0.03882901373576604,-0.06
2.0287930965423584,4,-0.022493246522255816,-0.07,-0.05100364388868547
2.0287930965423584,5,-0.035750274081393245,-0.03882901373576604,-0.06
2.0445504188537598,0,-0.0800428034719784,0.03882901373576604,-0.04618613192655488
2.0445504188537598,1,0.02179928286832933,0.07,-0.06
2.0445504188537598,2,0.03644423773531973,0.03882901373576604,-0.04618613192655488
2.0445504188537598,3,0.0800428034719784,-0.03882901373576604,-0.06
2.0445504188537598,4,-0.02179928286832933,-0.07,-0.04618613192655488
2.0445504188537598,5,-0.03644423773531973,-0.03882901373576604,-0.06
2.061858654022217,0,-0.07848356870560996,0.03882901373576604,-0.04105213061549601
2.061858654022217,1,0.020240048101960895,0.07,-0.06
2.061858654022217,2,0.03800347250168817,0.03882901373576604,-0.04105213061549601
2.061858654022217,3,0.07848356870560996,-0.03882901373576604,-0.06
2.061858654022217,4,-0.020240048101960895,-0.07,-0.04105213061549601
2.061858654022217,5,-0.03800347250168817,-0.03882901373576604,-0.06
2.076873540878296,0,-0.07737854901973312,0.03882901373576604,-0.03677762182737369
2.076873540878296,1,0.019135028416084054,0.07,-0.06
2.076873540878296,2,0.03910849218756501,0.03882901373576604,-0.03677762182737369
2.076873540878296,3,0.07737854901973312,-0.03882901373576604,-0.06
2.076873540878296,4,-0.019135028416084054,-0.07,-0.03677762182737369
2.076873540878296,5,-0.03910849218756501,-0.03882901373576604,-0.06
2.0946125984191895,0,-0.07564691011788488,0.03882901373576604,-0.031996574347818545
2.0946125984191895,1,0.017403389514235812,0.07,-0.06
2.0946125984191895,2,0.04084013108941325,0.03882901373576604,-0.031996574347818545
2.0946125984191895,3,0.07564691011788488,-0.03882901373576604,-0.06
2.0946125984191895,4,-0.017403389514235812,-0.07,-0.031996574347818545
2.0946125984191895,5,-0.04084013108941325,-0.03882901373576604,-0.06
2.107785224914551,0,-0.07417157590486573,0.03882901373576604,-0.028667985670207355
2.107785224914551,1,0.01592805530121666,0.07,-0.06
2.107785224914551,2,0.0423154653024324,0.03882901373576604,-0.028667985670207355
2.107785224914551,3,0.07417157590486573,-0.03882901373576604,-0.06
2.107785224914551,4,-0.01592805530121666,-0.07,-0.028667985670207355
2.107785224914551,5,-0.0423154653024324,-0.03882901373576604,-0.06
2.1237080097198486,0,-0.0723882239516262,0.03882901373576604,-0.024932830277237257
2.1237080097198486,1,0.014144703347977128,0.07,-0.06
2.1237080097198486,2,0.044098817255671934,0.03882901373576604,-0.024932830277237257
2.1237080097198486,3,0.0723882239516262,-0.03882901373576604,-0.06
2.1237080097198486,4,-0.014144703347977128,-0.07,-0.024932830277237257
2.1237080097198486,5,-0.044098817255671934,-0.03882901373576604,-0.06
2.1407628059387207,0,-0.07063906902719713,0.03882901373576604,-0.021322026451003187
2.1407628059387207,1,0.012395548423548064,0.07,-0.06
2.1407628059387207,2,0.045847972180101,0.03882901373576604,-0.021322026451003187
2.1407628059387207,3,0.07063906902719713,-0.03882901373576604,-0.06
2.1407628059387207,4,-0.012395548423548064,-0.07,-0.021322026451003187
2.1407628059387207,5,-0.045847972180101,-0.03882901373576604,-0.06
2.1553690433502197,0,-0.06898164524699174,0.03882901373576604,-0.01858091486056493
2.1553690433502197,1,0.010738124643342672,0.07,-0.06
2.1553690433502197,2,0.04750539596030639,0.03882901373576604,-0.01858091486056493
2.1553690433502197,3,0.06898164524699174,-0.03882901373576604,-0.06
2.1553690433502197,4,-0.010738124643342672,-0.07,-0.01858091486056493
2.1553690433502197,5,-0.04750539596030639,-0.03882901373576604,-0.06
2.171004295349121,0,-0.06720745537574663,0.03882901373576604,-0.016033541204202376
2.171004295349121,1,0.00896393477209756,0.07,-0.06
2.171004295349121,2,0.0492795858315515,0.03882901373576604,-0.016033541204202376
2.171004295349121,3,0.06720745537574663,-0.03882901373576604,-0.06
2.171004295349121,4,-0.00896393477209756,-0.07,-0.016033541204202376
2.171004295349121,5,-0.0492795858315515,-0.03882901373576604,-0.06
2.1858692169189453,0,-0.06561518505302905,0.03882901373576604,-0.014004502738071384
2.1858692169189453,1,0.007371664449379978,0.07,-0.06
2.1858692169189453,2,0.050871856154269084,0.03882901373576604,-0.014004502738071384
2.1858692169189453,3,0.06561518505302905,-0.03882901373576604,-0.06
2.1858692169189453,4,-0.007371664449379978,-0.07,-0.014004502738071384
2.1858692169189453,5,-0.050871856154269084,-0.03882901373576604,-0.06
2.202728033065796,0,-0.06367730858126824,0.03882901373576604,-0.01218933294036046
2.202728033065796,1,0.0054337879776191755,0.07,-0.06
2.202728033065796,2,0.052809732626029886,0.03882901373576604,-0.01218933294036046
2.202728033065796,3,0.06367730858126824,-0.03882901373576604,-0.06
2.202728033065796,4,-0.0054337879776191755,-0.07,-0.01218933294036046
2.202728033065796,5,-0.052809732626029886,-0.03882901373576604,-0.06
2.2176945209503174,0,-0.06195695025458197,0.03882901373576604,-0.011026502866363669
2.2176945209503174,1,0.003713429650932909,0.07,-0.06
2.2176945209503174,2,0.05453009095271615,0.03882901373576604,-0.011026502866363669
2.2176945209503174,3,0.06195695025458197,-0.03882901373576604,-0.06
2.2176945209503174,4,-0.003713429650932909,-0.07,-0.011026502866363669
2.2176945209503174,5,-0.05453009095271615,-0.03882901373576604,-0.06
2.231893301010132,0,-0.06035152167095153,0.03882901373576604,-0.010323227897683994
2.231893301010132,1,0.0021080010673024674,0.07,-0.06
2.231893301010132,2,0.056135519536346594,0.03882901373576604,-0.010323227897683994
2.231893301010132,3,0.06035152167095153,-0.03882901373576604,-0.06
2.231893301010132,4,-0.0021080010673024674,-0.07,-0.010323227897683994
2.231893301010132,5,-0.056135519536346594,-0.03882901373576604,-0.06
2.247626304626465,0,-0.058523366764599176,0.03882901373576604,-0.010005560111187146
2.247626304626465,1,0.0002798461609501146,0.07,-0.06
2.247626304626465,2,0.05796367444269895,0.03882901373576604,-0.010005560111187146
2.247626304626465,3,0.058523366764599176,-0.03882901373576604,-0.06
2.247626304626465,4,-0.0002798461609501146,-0.07,-0.010005560111187146
2.247626304626465,5,-0.05796367444269895,-0.03882901373576604,-0.06
2.265563488006592,0,-0.05638573164538035,0.03882901373576604,-0.010238872502973777
2.265563488006592,1,-0.0018577889582687135,0.07,-0.06
2.265563488006592,2,0.060101309561917775,0.03882901373576604,-0.010238872502973777
2.265563488006592,3,0.05638573164538035,-0.03882901373576604,-0.06
2.265563488006592,4,0.0018577889582687135,-0.07,-0.010238872502973777
2.265563488006592,5,-0.060101309561917775,-0.03882901373576604,-0.06
2.2787866592407227,0,-0.054807302600319234,0.03882901373576604,-0.01081563824851483
2.2787866592407227,1,-0.0034362180033298273,0.07,-0.06
2.2787866592407227,2,0.06167973860697889,0.03882901373576604,-0.01081563824851483
2.2787866592407227,3,0.054807302600319234,-0.03882901373576604,-0.06
2.2787866592407227,4,0.0034362180033298273,-0.07,-0.01081563824851483
2.2787866592407227,5,-0.06167973860697889,-0.03882901373576604,-0.06
2.2945828437805176,0,-0.052921737024763375,0.03882901373576604,-0.011948917213984979
2.2945828437805176,1,-0.005321783578885686,0.07,-0.06
2.2945828437805176,2,0.06356530418253475,0.03882901373576604,-0.011948917213984979
2.2945828437805176,3,0.052921737024763375,-0.03882901373576604,-0.06
2.2945828437805176,4,0.005321783578885686,-0.07,-0.011948917213984979
2.2945828437805176,5,-0.06356530418253475,-0.03882901373576604,-0.06
2.304072856903076,0,-0.05162955697103915,0.03882901373576604,-0.012858095239972375
2.304072856903076,1,-0.006613963632609909,0.07,-0.06
2.304072856903076,2,0.06485748423625898,0.03882901373576604,-0.012858095239972375
2.304072856903076,3,0.05162955697103915,-0.03882901373576604,-0.06
2.304072856903076,4,0.006613963632609909,-0.07,-0.012858095239972375
2.304072856903076,5,-0.06485748423625898,-0.03882901373576604,-0.06
2.328178882598877,0,-0.04856579782004904,0.03882901373576604,-0.015911918323466327
2.328178882598877,1,-0.009677722783600018,0.07,-0.06
2.328178882598877,2,0.06792124338724909,0.03882901373576604,-0.015911918323466327
2.328178882598877,3,0.04856579782004904,-0.03882901373576604,-0.06
2.328178882598877,4,0.009677722783600018,-0.07,-0.015911918323466327
2.328178882598877,5,-0.06792124338724909,-0.03882901373576604,-0.06
2.3426926136016846,0,-0.04649595216077434,0.03882901373576604,-0.01824288401594168
2.3426926136016846,1,-0.011747568442874723,0.07,-0.06
2.3426926136016846,2,0.06999108904652379,0.03882901373576604,-0.01824288401594168
2.3426926136016846,3,0.04649595216077434,-0.03882901373576604,-0.06
2.3426926136016846,4,0.011747568442874723,-0.07,-0.01824288401594168
2.3426926136016846,5,-0.06999108904652379,-0.03882901373576604,-0.06
2.358924388885498,0,-0.04411774567741394,0.03882901373576604,-0.021259824754754637
2.358924388885498,1,-0.014125774926235124,0.07,-0.06
2.358924388885498,2,0.07236929552988419,0.03882901373576604,-0.021259824754754637
2.358924388885498,3,0.04411774567741394,-0.03882901373576604,-0.06
2.358924388885498,4,0.014125774926235124,-0.07,-0.021259824754754637
2.358924388885498,5,-0.07236929552988419,-0.03882901373576604,-0.06
2.3750624656677246,0,-0.04184059149320068,0.03882901373576604,-0.02465853951927989
2.3750624656677246,1,-0.016402929110448383,0.07,-0.06
2.3750624656677246,2,0.07464644971409745,0.03882901373576604,-0.02465853951927989
2.3750624656677246,3,0.04184059149320068,-0.03882901373576604,-0.06
2.3750624656677246,4,0.016402929110448383,-0.07,-0.02465853951927989
2.3750624656677246,5,-0.07464644971409745,-0.03882901373576604,-0.06
2.3892197608947754,0,-0.039573419730589636,0.03882901373576604,-0.027940316076499577
2.3892197608947754,1,-0.018670100873059425,0.07,-0.06
2.3892197608947754,2,0.0769136214767085,0.03882901373576604,-0.027940316076499577
2.3892197608947754,3,0.039573419730589636,-0.03882901373576604,-0.06
2.3892197608947754,4,0.018670100873059425,-0.07,-0.027940316076499577
2.3892197608947754,5,-0.0769136214767085,-0.03882901373576604,-0.06
2.404560089111328,0,-0.03706065230302163,0.03882901373576604,-0.03178163393224923
2.404560089111328,1,-0.021182868300627433,0.07,-0.06
2.404560089111328,2,0.0794263889042765,0.03882901373576604,-0.03178163393224923
2.404560089111328,3,0.03706065230302163,-0.03882901373576604,-0.06
2.404560089111328,4,0.021182868300627433,-0.07,-0.03178163393224923
2.404560089111328,5,-0.0794263889042765,-0.03882901373576604,-0.06
2.420959711074829,0,-0.03456110342948098,0.03882901373576604,-0.03617696059579896
2.420959711074829,1,-0.02368241717416808,0.07,-0.06
2.420959711074829,2,0.08192593777781715,0.03882901373576604,-0.03617696059579896
2.420959711074829,3,0.03456110342948098,-0.03882901373576604,-0.06
2.420959711074829,4,0.02368241717416808,-0.07,-0.03617696059579896
2.420959711074829,5,-0.08192593777781715,-0.03882901373576604,-0.06
2.4376020431518555,0,-0.031979234450569764,0.03882901373576604,-0.04089544957465966
2.4376020431518555,1,-0.026264286153079297,0.07,-0.06
2.4376020431518555,2,0.08450780675672837,0.03882901373576604,-0.04089544957465966
2.4376020431518555,3,0.031979234450569764,-0.03882901373576604,-0.06
2.4376020431518555,4,0.026264286153079297,-0.07,-0.04089544957465966
2.4376020431518555,5,-0.08450780675672837,-0.03882901373576604,-0.06
2.4534857273101807,0,-0.029755518658936823,0.03882901373576604,-0.04559424916497204
2.4534857273101807,1,-0.028488001944712238,0.07,-0.06
2.4534857273101807,2,0.0867315225483613,0.03882901373576604,-0.04559424916497204
2.4534857273101807,3,0.029755518658936823,-0.03882901373576604,-0.06
2.4534857273101807,4,0.028488001944712238,-0.07,-0.04559424916497204
2.4534857273101807,5,-0.0867315225483613,-0.03882901373576604,-0.06
2.4826247692108154,0,-0.025676052775479734,0.03882901373576604,-0.054552246735019794
2.4826247692108154,1,-0.03256746782816933,0.07,-0.06
2.4826247692108154,2,0.0908109884318184,0.03882901373576604,-0.054552246735019794
2.4826247692108154,3,0.025676052775479734,-0.03882901373576604,-0.06
2.4826247692108154,4,0.03256746782816933,-0.07,-0.054552246735019794
2.4826247692108154,5,-0.0908109884318184,-0.03882901373576604,-0.06
2.4983999729156494,0,-0.023467524247400222,0.03882901373576604,-0.05949734512630361
2.4983999729156494,1,-0.03477599635624884,0.07,-0.06
2.4983999729156494,2,0.09301951695989791,0.03882901373576604,-0.05949734512630361
2.4983999729156494,3,0.023467524247400222,-0.03882901373576604,-0.06
2.4983999729156494,4,0.03477599635624884,-0.07,-0.05949734512630361
2.4983999729156494,5,-0.09301951695989791,-0.03882901373576604,-0.06
2.511420726776123,0,-0.02484242221010196,0.03882901373576604,-0.06
2.511420726776123,1,-0.0334010983935471,0.07,-0.05641515123199539
2.511420726776123,2,0.09164461899719617,0.03882901373576604,-0.06
2.511420726776123,3,0.02484242221010196,-0.03882901373576604,-0.05641515123199539
2.511420726776123,4,0.0334010983935471,-0.07,-0.06
2.511420726776123,5,-0.09164461899719617,-0.03882901373576604,-0.05641515123199539
2.5281004905700684,0,-0.027177589151196217,0.03882901373576604,-0.06
2.5281004905700684,1,-0.031065931452452844,0.07,-0.05121776592779893
2.5281004905700684,2,0.08930945205610191,0.03882901373576604,-0.06
2.5281004905700684,3,0.027177589151196217,-0.03882901373576604,-0.05121776592779893
2.5281004905700684,4,0.031065931452452844,-0.07,-0.06
2.5281004905700684,5,-0.08930945205610191,-0.03882901373576604,-0.05121776592779893
2.555574417114258,0,-0.031023938883758477,0.03882901373576604,-0.06
2.555574417114258,1,-0.027219581719890584,0.07,-0.04289342451887759
2.555574417114258,2,0.08546310232353965,0.03882901373576604,-0.06
2.555574417114258,3,0.031023938883758477,-0.03882901373576604,-0.04289342451887759
2.555574417114258,4,0.027219581719890584,-0.07,-0.06
2.555574417114258,5,-0.08546310232353965,-0.03882901373576604,-0.04289342451887759
2.574270009994507,0,-0.03364132189813678,0.03882901373576604,-0.06
2.574270009994507,1,-0.02460219870551228,0.07,-0.037505050040824044
2.574270009994507,2,0.08284571930916135,0.03882901373576604,-0.06
2.574270009994507,3,0.03364132189813678,-0.03882901373576604,-0.037505050040824044
2.574270009994507,4,0.02460219870551228,-0.07,-0.06
2.574270009994507,5,-0.08284571930916135,-0.03882901373576604,-0.037505050040824044
2.587780237197876,0,-0.035532753714661185,0.03882901373576604,-0.06
2.587780237197876,1,-0.022710766888987877,0.07,-0.033800046227729905
2.587780237197876,2,0.08095428749263694,0.03882901373576604,-0.06
2.587780237197876,3,0.035532753714661185,-0.03882901373576604,-0.033800046227729905
2.587780237197876,4,0.022710766888987877,-0.07,-0.06
2.587780237197876,5,-0.08095428749263694,-0.03882901373576604,-0.033800046227729905
2.595449209213257,0,-0.03660640980138557,0.03882901373576604,-0.06
2.595449209213257,1,-0.021637110802263493,0.07,-0.031779222497559684
2.595449209213257,2,0.07988063140591256,0.03882901373576604,-0.06
2.595449209213257,3,0.03660640980138557,-0.03882901373576604,-0.031779222497559684
2.595449209213257,4,0.021637110802263493,-0.07,-0.06
2.595449209213257,5,-0.07988063140591256,-0.03882901373576604,-0.031779222497559684
2.6197049617767334,0,-0.04000221517472984,0.03882901373576604,-0.06
2.6197049617767334,1,-0.01824130542891922,0.07,-0.025840270333869313
2.6197049617767334,2,0.07648482603256829,0.03882901373576604,-0.06
2.6197049617767334,3,0.04000221517472984,-0.03882901373576604,-0.025840270333869313
2.6197049617767334,4,0.01824130542891922,-0.07,-0.06
2.6197049617767334,5,-0.07648482603256829,-0.03882901373576604,-0.025840270333869313
2.631896734237671,0,-0.041709063326527955,0.03882901373576604,-0.06
2.631896734237671,1,-0.016534457277121106,0.07,-0.02314626042029013
2.631896734237671,2,0.07477797788077017,0.03882901373576604,-0.06
2.631896734237671,3,0.041709063326527955,-0.03882901373576604,-0.02314626042029013
2.631896734237671,4,0.016534457277121106,-0.07,-0.06
2.631896734237671,5,-0.07477797788077017,-0.03882901373576604,-0.02314626042029013
2.6476829051971436,0,-0.04391912727026342,0.03882901373576604,-0.06
2.6476829051971436,1,-0.014324393333385643,0.07,-0.01998129192682637
2.6476829051971436,2,0.07256791393703471,0.03882901373576604,-0.06
2.6476829051971436,3,0.04391912727026342,-0.03882901373576604,-0.01998129192682637
2.6476829051971436,4,0.014324393333385643,-0.07,-0.06
2.6476829051971436,5,-0.07256791393703471,-0.03882901373576604,-0.01998129192682637
2.6657423973083496,0,-0.04644745617659656,0.03882901373576604,-0.06
2.6657423973083496,1,-0.0117960644270525,0.07,-0.01684464241678875
2.6657423973083496,2,0.07003958503070157,0.03882901373576604,-0.06
2.6657423973083496,3,0.04644745617659656,-0.03882901373576604,-0.01684464241678875
2.6657423973083496,4,0.0117960644270525,-0.07,-0.06
2.6657423973083496,5,-0.07003958503070157,-0.03882901373576604,-0.01684464241678875
2.6782519817352295,0,-0.04819879800381604,0.03882901373576604,-0.06
2.6782519817352295,1,-0.010044722599833023,0.07,-0.014995189996619376
2.6782519817352295,2,0.06828824320348209,0.03882901373576604,-0.06
2.6782519817352295,3,0.04819879800381604,-0.03882901373576604,-0.014995189996619376
2.6782519817352295,4,0.010044722599833023,-0.07,-0.06
2.6782519817352295,5,-0.06828824320348209,-0.03882901373576604,-0.014995189996619376
2.6952385902404785,0,-0.05057692320467571,0.03882901373576604,-0.06
2.6952385902404785,1,-0.007666597398973352,0.07,-0.012930623507747763
2.6952385902404785,2,0.06591011800262242,0.03882901373576604,-0.06
2.6952385902404785,3,0.05057692320467571,-0.03882901373576604,-0.012930623507747763
2.6952385902404785,4,0.007666597398973352,-0.07,-0.06
2.6952385902404785,5,-0.06591011800262242,-0.03882901373576604,-0.012930623507747763
2.7113821506500244,0,-0.05283702167163445,0.03882901373576604,-0.06
2.7113821506500244,1,-0.005406498932014614,0.07,-0.011464683775337069
2.7113821506500244,2,0.06365001953566368,0.03882901373576604,-0.06
2.7113821506500244,3,0.05283702167163445,-0.03882901373576604,-0.011464683775337069
2.7113821506500244,4,0.005406498932014614,-0.07,-0.06
2.7113821506500244,5,-0.06365001953566368,-0.03882901373576604,-0.011464683775337069
2.7282967567443848,0,-0.05520506653492679,0.03882901373576604,-0.06
2.7282967567443848,1,-0.003038454068722274,0.07,-0.010464168037043253
2.7282967567443848,2,0.061281974672371335,0.03882901373576604,-0.06
2.7282967567443848,3,0.05520506653492679,-0.03882901373576604,-0.010464168037043253
2.7282967567443848,4,0.003038454068722274,-0.07,-0.06
2.7282967567443848,5,-0.061281974672371335,-0.03882901373576604,-0.010464168037043253
2.7420151233673096,0,-0.057125637870313044,0.03882901373576604,-0.06
2.7420151233673096,1,-0.0011178827333360175,0.07,-0.010062912932938158
2.7420151233673096,2,0.05936140333698508,0.03882901373576604,-0.06
2.7420151233673096,3,0.057125637870313044,-0.03882901373576604,-0.010062912932938158
2.7420151233673096,4,0.0011178827333360175,-0.07,-0.06
2.7420151233673096,5,-0.05936140333698508,-0.03882901373576604,-0.010062912932938158
2.7580649852752686,0,-0.059372618546993765,0.03882901373576604,-0.06
2.7580649852752686,1,0.0011290979433447035,0.07,-0.010064181362573296
2.7580649852752686,2,0.05711442266030436,0.03882901373576604,-0.06
2.7580649852752686,3,0.059372618546993765,-0.03882901373576604,-0.010064181362573296
2.7580649852752686,4,-0.0011290979433447035,-0.07,-0.06
2.7580649852752686,5,-0.05711442266030436,-0.03882901373576604,-0.010064181362573296
2.775136947631836,0,-0.06176269328708888,0.03882901373576604,-0.06
2.775136947631836,1,0.0035191726834398196,0.07,-0.010622330853303281
2.775136947631836,2,0.05472434792020924,0.03882901373576604,-0.06
2.775136947631836,3,0.06176269328708888,-0.03882901373576604,-0.010622330853303281
2.775136947631836,4,-0.0035191726834398196,-0.07,-0.06
2.775136947631836,5,-0.05472434792020924,-0.03882901373576604,-0.010622330853303281
2.788644313812256,0,-0.0636537245603987,0.03882901373576604,-0.06
2.788644313812256,1,0.005410203956749626,0.07,-0.011466682057436457
2.788644313812256,2,0.052833316646899435,0.03882901373576604,-0.06
2.788644313812256,3,0.0636537245603987,-0.03882901373576604,-0.011466682057436457
2.788644313812256,4,-0.005410203956749626,-0.07,-0.06
2.788644313812256,5,-0.052833316646899435,-0.03882901373576604,-0.011466682057436457
2.8049426078796387,0,-0.06593548573954683,0.03882901373576604,-0.06
2.8049426078796387,1,0.00769196513589776,0.07,-0.01294985637510166
2.8049426078796387,2,0.0505515554677513,0.03882901373576604,-0.06
2.8049426078796387,3,0.06593548573954683,-0.03882901373576604,-0.01294985637510166
2.8049426078796387,4,-0.00769196513589776,-0.07,-0.06
2.8049426078796387,5,-0.0505515554677513,-0.03882901373576604,-0.01294985637510166
2.8213939666748047,0,-0.06823867598067584,0.03882901373576604,-0.06
2.8213939666748047,1,0.009995155377026776,0.07,-0.014946840072977502
2.8213939666748047,2,0.048248365226622285,0.03882901373576604,-0.06
2.8213939666748047,3,0.06823867598067584,-0.03882901373576604,-0.014946840072977502
2.8213939666748047,4,-0.009995155377026776,-0.07,-0.06
2.8213939666748047,5,-0.048248365226622285,-0.03882901373576604,-0.014946840072977502
2.834599733352661,0,-0.070087483323447,0.03882901373576604,-0.06
2.834599733352661,1,0.01184396271979793,0.07,-0.016899023506017893
2.834599733352661,2,0.04639955788385113,0.03882901373576604,-0.06
2.834599733352661,3,0.070087483323447,-0.03882901373576604,-0.016899023506017893
2.834599733352661,4,-0.01184396271979793,-0.07,-0.06
2.834599733352661,5,-0.04639955788385113,-0.03882901373576604,-0.016899023506017893
2.8501126766204834,0,-0.07225929539018855,0.03882901373576604,-0.06
2.8501126766204834,1,0.014015774786539481,0.07,-0.01956996647443362
2.8501126766204834,2,0.04422774581710958,0.03882901373576604,-0.06
2.8501126766204834,3,0.07225929539018855,-0.03882901373576604,-0.01956996647443362
2.8501126766204834,4,-0.014015774786539481,-0.07,-0.06
2.8501126766204834,5,-0.04422774581710958,-0.03882901373576604,-0.01956996647443362
2.865910053253174,0,-0.07447092812818118,0.03882901373576604,-0.06
2.865910053253174,1,0.01622740752453211,0.07,-0.022684128230478898
2.865910053253174,2,0.04201611307911695,0.03882901373576604,-0.06
2.865910053253174,3,0.07447092812818118,-0.03882901373576604,-0.022684128230478898
2.865910053253174,4,-0.01622740752453211,-0.07,-0.06
2.865910053253174,5,-0.04201611307911695,-0.03882901373576604,-0.022684128230478898
2.882805824279785,0,-0.07683633608197743,0.03882901373576604,-0.06
2.882805824279785,1,0.01859281547832836,0.07,-0.02642049783495113
2.882805824279785,2,0.0396507051253207,0.03882901373576604,-0.06
2.882805824279785,3,0.07683633608197743,-0.03882901373576604,-0.02642049783495113
2.882805824279785,4,-0.01859281547832836,-0.07,-0.06
2.882805824279785,5,-0.0396507051253207,-0.03882901373576604,-0.02642049783495113
2.899012565612793,0,-0.0791052798782585,0.03882901373576604,-0.06
2.899012565612793,1,0.020861759274609426,0.07,-0.030360337679042886
2.899012565612793,2,0.037381761329039635,0.03882901373576604,-0.06
2.899012565612793,3,0.0791052798782585,-0.03882901373576604,-0.030360337679042886
2.899012565612793,4,-0.020861759274609426,-0.07,-0.06
2.899012565612793,5,-0.037381761329039635,-0.03882901373576604,-0.030360337679042886
2.9147722721099854,0,-0.08131163879725894,0.03882901373576604,-0.06
2.9147722721099854,1,0.023068118193609877,0.07,-0.034486374990350795
2.9147722721099854,2,0.035175402410039185,0.03882901373576604,-0.06
2.9147722721099854,3,0.08131163879725894,-0.03882901373576604,-0.034486374990350795
2.9147722721099854,4,-0.023068118193609877,-0.07,-0.06
2.9147722721099854,5,-0.035175402410039185,-0.03882901373576604,-0.034486374990350795
2.928910493850708,0,-0.08329098984938715,0.03882901373576604,-0.06
2.928910493850708,1,0.025047469245738085,0.07,-0.038401833534228616
2.928910493850708,2,0.033196051357910976,0.03882901373576604,-0.06
2.928910493850708,3,0.08329098984938715,-0.03882901373576604,-0.038401833534228616
2.928910493850708,4,-0.025047469245738085,-0.07,-0.06
2.928910493850708,5,-0.033196051357910976,-0.03882901373576604,-0.038401833534228616
2.9439306259155273,0,-0.08539380834741456,0.03882901373576604,-0.06
2.9439306259155273,1,0.02715028774376549,0.07,-0.04274739597612026
2.9439306259155273,2,0.031093232859883572,0.03882901373576604,-0.06
2.9439306259155273,3,0.08539380834741456,-0.03882901373576604,-0.04274739597612026
2.9439306259155273,4,-0.02715028774376549,-0.07,-0.06
2.9439306259155273,5,-0.031093232859883572,-0.03882901373576604,-0.04274739597612026
2.9616687297821045,0,-0.08787714289930809,0.03882901373576604,-0.06
2.9616687297821045,1,0.029633622295659023,0.07,-0.04807395638196641
2.9616687297821045,2,0.028609898307990038,0.03882901373576604,-0.06
2.9616687297821045,3,0.08787714289930809,-0.03882901373576604,-0.04807395638196641
2.9616687297821045,4,-0.029633622295659023,-0.07,-0.06
2.9616687297821045,5,-0.028609898307990038,-0.03882901373576604,-0.04807395638196641
2.975684881210327,0,-0.08983940410761354,0.03882901373576604,-0.06
2.975684881210327,1,0.03159588350396447,0.07,-0.052390861178676223
2.975684881210327,2,0.02664763709968459,0.03882901373576604,-0.06
2.975684881210327,3,0.08983940410761354,-0.03882901373576604,-0.052390861178676223
2.975684881210327,4,-0.03159588350396447,-0.07,-0.06
2.975684881210327,5,-0.02664763709968459,-0.03882901373576604,-0.052390861178676223
2.99269437789917,0,-0.09222073365418998,0.03882901373576604,-0.06
2.99269437789917,1,0.03397721305054091,0.07,-0.05770567699930332
2.99269437789917,2,0.02426630755310815,0.03882901373576604,-0.06
2.99269437789917,3,0.09222073365418998,-0.03882901373576604,-0.05770567699930332
2.99269437789917,4,-0.03397721305054091,-0.07,-0.06
2.99269437789917,5,-0.02426630755310815,-0.03882901373576604,-0.05770567699930332
3.0104923248291016,0,-0.09177459527033255,0.03882901373576604,-0.05670612603770919
3.0104923248291016,1,0.03353107466668348,0.07,-0.06
3.0104923248291016,2,0.02471244593696558,0.03882901373576604,-0.05670612603770919
3.0104923248291016,3,0.09177459527033255,-0.03882901373576604,-0.06
3.0104923248291016,4,-0.03353107466668348,-0.07,-0.05670612603770919
3.0104923248291016,5,-0.02471244593696558,-0.03882901373576604,-0.06
3.0390217304229736,0,-0.08778047847018561,0.03882901373576604,-0.04786341551890884
3.0390217304229736,1,0.02953695786653654,0.07,-0.06
3.0390217304229736,2,0.028706562737112522,0.03882901373576604,-0.04786341551890884
3.0390217304229736,3,0.08778047847018561,-0.03882901373576604,-0.06
3.0390217304229736,4,-0.02953695786653654,-0.07,-0.04786341551890884
3.0390217304229736,5,-0.028706562737112522,-0.03882901373576604,-0.06
3.0539228916168213,0,-0.08569431589416515,0.03882901373576604,-0.043381867776279545
3.0539228916168213,1,0.027450795290516083,0.07,-0.06
3.0539228916168213,2,0.030792725313132978,0.03882901373576604,-0.043381867776279545
3.0539228916168213,3,0.08569431589416515,-0.03882901373576604,-0.06
3.0539228916168213,4,-0.027450795290516083,-0.07,-0.043381867776279545
3.0539228916168213,5,-0.030792725313132978,-0.03882901373576604,-0.06
3.0695226192474365,0,-0.08351035401658086,0.03882901373576604,-0.038846830827834286
3.0695226192474365,1,0.02526683341293179,0.07,-0.06
3.0695226192474365,2,0.03297668719071727,0.03882901373576604,-0.038846830827834286
3.0695226192474365,3,0.08351035401658086,-0.03882901373576604,-0.06
3.0695226192474365,4,-0.02526683341293179,-0.07,-0.038846830827834286
3.0695226192474365,5,-0.03297668719071727,-0.03882901373576604,-0.06
3.0846633911132812,0,-0.08139064594633799,0.03882901373576604,-0.034639008128772686
3.0846633911132812,1,0.023147125342688923,0.07,-0.06
3.0846633911132812,2,0.03509639526096014,0.03882901373576604,-0.034639008128772686
3.0846633911132812,3,0.08139064594633799,-0.03882901373576604,-0.06
3.0846633911132812,4,-0.023147125342688923,-0.07,-0.034639008128772686
3.0846633911132812,5,-0.03509639526096014,-0.03882901373576604,-0.06
3.1001737117767334,0,-0.07921920104420982,0.03882901373576604,-0.03056660384390255
3.1001737117767334,1,0.02097568044056075,0.07,-0.06
3.1001737117767334,2,0.03726784016308831,0.03882901373576604,-0.03056660384390255
3.1001737117767334,3,0.07921920104420982,-0.03882901373576604,-0.06
3.1001737117767334,4,-0.02097568044056075,-0.07,-0.03056660384390255
3.1001737117767334,5,-0.03726784016308831,-0.03882901373576604,-0.06
3.1168222427368164,0,-0.0768884066998749,0.03882901373576604,-0.02650716347643097
3.1168222427368164,1,0.018644886096225832,0.07,-0.06
3.1168222427368164,2,0.03959863450742323,0.03882901373576604,-0.02650716347643097
3.1168222427368164,3,0.0768884066998749,-0.03882901373576604,-0.06
3.1168222427368164,4,-0.018644886096225832,-0.07,-0.02650716347643097
3.1168222427368164,5,-0.03959863450742323,-0.03882901373576604,-0.06
3.1328346729278564,0,-0.07464666646358514,0.03882901373576604,-0.02294776557367393
3.1328346729278564,1,0.016403145859936075,0.07,-0.06
3.1328346729278564,2,0.04184037474371299,0.03882901373576604,-0.02294776557367393
3.1328346729278564,3,0.07464666646358514,-0.03882901373576604,-0.06
3.1328346729278564,4,-0.016403145859936075,-0.07,-0.02294776557367393
3.1328346729278564,5,-0.04184037474371299,-0.03882901373576604,-0.06
3.1470866203308105,0,-0.07265139381867675,0.03882901373576604,-0.020093876069015228
3.1470866203308105,1,0.014407873215027678,0.07,-0.06
3.1470866203308105,2,0.043835647388621383,0.03882901373576604,-0.020093876069015228
3.1470866203308105,3,0.07265139381867675,-0.03882901373576604,-0.06
3.1470866203308105,4,-0.014407873215027678,-0.07,-0.020093876069015228
3.1470866203308105,5,-0.043835647388621383,-0.03882901373576604,-0.06
3.1613008975982666,0,-0.07066139499276053,0.03882901373576604,-0.01756602924134506
3.1613008975982666,1,0.01241787438911146,0.07,-0.06
3.1613008975982666,2,0.0458256462145376,0.03882901373576604,-0.01756602924134506
3.1613008975982666,3,0.07066139499276053,-0.03882901373576604,-0.06
3.1613008975982666,4,-0.01241787438911146,-0.07,-0.01756602924134506
3.1613008975982666,5,-0.0458256462145376,-0.03882901373576604,-0.06
3.176955461502075,0,-0.06846975603689648,0.03882901373576604,-0.015174144401811127
3.176955461502075,1,0.01022623543324741,0.07,-0.06
3.176955461502075,2,0.04801728517040165,0.03882901373576604,-0.015174144401811127
3.176955461502075,3,0.06846975603689648,-0.03882901373576604,-0.06
3.176955461502075,4,-0.01022623543324741,-0.07,-0.015174144401811127
3.176955461502075,5,-0.04801728517040165,-0.03882901373576604,-0.06
3.1938459873199463,0,-0.06610508241232699,0.03882901373576604,-0.013080003770978524
3.1938459873199463,1,0.00786156180867792,0.07,-0.06
3.1938459873199463,2,0.05038195879497114,0.03882901373576604,-0.013080003770978524
3.1938459873199463,3,0.06610508241232699,-0.03882901373576604,-0.06
3.1938459873199463,4,-0.00786156180867792,-0.07,-0.013080003770978524
3.1938459873199463,5,-0.05038195879497114,-0.03882901373576604,-0.06
3.2086217403411865,0,-0.06403647698054632,0.03882901373576604,-0.011680336785565008
3.2086217403411865,1,0.005792956376897251,0.07,-0.06
3.2086217403411865,2,0.05245056422675181,0.03882901373576604,-0.011680336785565008
3.2086217403411865,3,0.06403647698054632,-0.03882901373576604,-0.06
3.2086217403411865,4,-0.005792956376897251,-0.07,-0.011680336785565008
3.2086217403411865,5,-0.05245056422675181,-0.03882901373576604,-0.06
3.223771572113037,0,-0.06191550052345723,0.03882901373576604,-0.010677424152009965
3.223771572113037,1,0.003671979919808166,0.07,-0.06
3.223771572113037,2,0.054571540683840895,0.03882901373576604,-0.010677424152009965
3.223771572113037,3,0.06191550052345723,-0.03882901373576604,-0.06
3.223771572113037,4,-0.003671979919808166,-0.07,-0.010677424152009965
3.223771572113037,5,-0.054571540683840895,-0.03882901373576604,-0.06
3.2402827739715576,0,-0.05960393225342291,0.03882901373576604,-0.010093163538005073
3.2402827739715576,1,0.0013604116497738517,0.07,-0.06
3.2402827739715576,2,0.05688310895387521,0.03882901373576604,-0.010093163538005073
3.2402827739715576,3,0.05960393225342291,-0.03882901373576604,-0.06
3.2402827739715576,4,-0.0013604116497738517,-0.07,-0.010093163538005073
3.2402827739715576,5,-0.05688310895387521,-0.03882901373576604,-0.06
3.2576286792755127,0,-0.05717550550053024,0.03882901373576604,-0.010057426147117708
3.2576286792755127,1,-0.0010680151031188245,0.07,-0.06
3.2576286792755127,2,0.059311535706767886,0.03882901373576604,-0.010057426147117708
3.2576286792755127,3,0.05717550550053024,-0.03882901373576604,-0.06
3.2576286792755127,4,0.0010680151031188245,-0.07,-0.010057426147117708
3.2576286792755127,5,-0.059311535706767886,-0.03882901373576604,-0.06
3.2716314792633057,0,-0.0552151134938929,0.03882901373576604,-0.010461108188109747
3.2716314792633057,1,-0.0030284071097561593,0.07,-0.06
3.2716314792633057,2,0.06127192771340522,0.03882901373576604,-0.010461108188109747
3.2716314792633057,3,0.0552151134938929,-0.03882901373576604,-0.06
3.2716314792633057,4,0.0030284071097561593,-0.07,-0.010461108188109747
3.2716314792633057,5,-0.06127192771340522,-0.03882901373576604,-0.06
3.2860970497131348,0,-0.053189933622294676,0.03882901373576604,-0.011280502499470851
3.2860970497131348,1,-0.0050535869813543854,0.07,-0.06
3.2860970497131348,2,0.06329710758500345,0.03882901373576604,-0.011280502499470851
3.2860970497131348,3,0.053189933622294676,-0.03882901373576604,-0.06
3.2860970497131348,4,0.0050535869813543854,-0.07,-0.011280502499470851
3.2860970497131348,5,-0.06329710758500345,-0.03882901373576604,-0.06
3.3003275394439697,0,-0.05119766505149575,0.03882901373576604,-0.012479071865530295
3.3003275394439697,1,-0.007045855552153313,0.07,-0.06
3.3003275394439697,2,0.06528937615580238,0.03882901373576604,-0.012479071865530295
3.3003275394439697,3,0.05119766505149575,-0.03882901373576604,-0.06
3.3003275394439697,4,0.007045855552153313,-0.07,-0.012479071865530295
3.3003275394439697,5,-0.06528937615580238,-0.03882901373576604,-0.06
3.3083434104919434,0,-0.05007544310000161,0.03882901373576604,-0.01332211260614223
3.3083434104919434,1,-0.008168077503647453,0.07,-0.06
3.3083434104919434,2,0.06641159810729652,0.03882901373576604,-0.01332211260614223
3.3083434104919434,3,0.05007544310000161,-0.03882901373576604,-0.06
3.3083434104919434,4,0.008168077503647453,-0.07,-0.01332211260614223
3.3083434104919434,5,-0.06641159810729652,-0.03882901373576604,-0.06
3.3309366703033447,0,-0.046912386712938785,0.03882901373576604,-0.01632718592671576
3.3309366703033447,1,-0.011331133890710277,0.07,-0.06
3.3309366703033447,2,0.06957465449435934,0.03882901373576604,-0.01632718592671576
3.3309366703033447,3,0.046912386712938785,-0.03882901373576604,-0.06
3.3309366703033447,4,0.011331133890710277,-0.07,-0.01632718592671576
3.3309366703033447,5,-0.06957465449435934,-0.03882901373576604,-0.06
3.3469507694244385,0,-0.04467041282644051,0.03882901373576604,-0.018993542510718997
3.3469507694244385,1,-0.013573107777208548,0.07,-0.06
3.3469507694244385,2,0.07181662838085762,0.03882901373576604,-0.018993542510718997
3.3469507694244385,3,0.04467041282644051,-0.03882901373576604,-0.06
3.3469507694244385,4,0.013573107777208548,-0.07,-0.018993542510718997
3.3469507694244385,5,-0.07181662838085762,-0.03882901373576604,-0.06
3.3613853454589844,0,-0.04264957217300041,0.03882901373576604,-0.021753212354350994
3.3613853454589844,1,-0.015593948430648652,0.07,-0.06
3.3613853454589844,2,0.07383746903429772,0.03882901373576604,-0.021753212354350994
3.3613853454589844,3,0.04264957217300041,-0.03882901373576604,-0.06
3.3613853454589844,4,0.015593948430648652,-0.07,-0.021753212354350994
3.3613853454589844,5,-0.07383746903429772,-0.03882901373576604,-0.06
3.3770313262939453,0,-0.04045913484678015,0.03882901373576604,-0.025098775056287166
3.3770313262939453,1,-0.017784385756868915,0.07,-0.06
3.3770313262939453,2,0.07602790636051798,0.03882901373576604,-0.025098775056287166
3.3770313262939453,3,0.04045913484678015,-0.03882901373576604,-0.06
3.3770313262939453,4,0.017784385756868915,-0.07,-0.025098775056287166
3.3770313262939453,5,-0.07602790636051798,-0.03882901373576604,-0.06
3.3968913555145264,0,-0.0376787307440613,0.03882901373576604,-0.02982629943406686
3.3968913555145264,1,-0.020564789859587762,0.07,-0.06
3.3968913555145264,2,0.07880831046323683,0.03882901373576604,-0.02982629943406686
3.3968913555145264,3,0.0376787307440613,-0.03882901373576604,-0.06
3.3968913555145264,4,0.020564789859587762,-0.07,-0.02982629943406686
3.3968913555145264,5,-0.07880831046323683,-0.03882901373576604,-0.06
3.402017593383789,0,-0.036961057439309046,0.03882901373576604,-0.031125876583757223
3.402017593383789,1,-0.021282463164340015,0.07,-0.06
3.402017593383789,2,0.07952598376798908,0.03882901373576604,-0.031125876583757223
3.402017593383789,3,0.036961057439309046,-0.03882901373576604,-0.06
3.402017593383789,4,0.021282463164340015,-0.07,-0.031125876583757223
3.402017593383789,5,-0.07952598376798908,-0.03882901373576604,-0.06
3.4246068000793457,0,-0.0337985684884669,0.03882901373576604,-0.037190480341833046
3.4246068000793457,1,-0.02444495211518216,0.07,-0.06
3.4246068000793457,2,0.08268847271883123,0.03882901373576604,-0.037190480341833046
3.4246068000793457,3,0.0337985684884669,-0.03882901373576604,-0.06
3.4246068000793457,4,0.02444495211518216,-0.07,-0.037190480341833046
3.4246068000793457,5,-0.08268847271883123,-0.03882901373576604,-0.06
3.441242218017578,0,-0.03146960996719888,0.03882901373576604,-0.04195717832934032
3.441242218017578,1,-0.026773910636450182,0.07,-0.06
3.441242218017578,2,0.08501743124009925,0.03882901373576604,-0.04195717832934032
3.441242218017578,3,0.03146960996719888,-0.03882901373576604,-0.06
3.441242218017578,4,0.026773910636450182,-0.07,-0.04195717832934032
3.441242218017578,5,-0.08501743124009925,-0.03882901373576604,-0.06
3.456946611404419,0,-0.029270994883680616,0.03882901373576604,-0.046638737009464463
3.456946611404419,1,-0.028972525719968445,0.07,-0.06
3.456946611404419,2,0.08721604632361751,0.03882901373576604,-0.046638737009464463
3.456946611404419,3,0.029270994883680616,-0.03882901373576604,-0.06
3.456946611404419,4,0.028972525719968445,-0.07,-0.046638737009464463
3.456946611404419,5,-0.08721604632361751,-0.03882901373576604,-0.06
3.4703710079193115,0,-0.02739157936359409,0.03882901373576604,-0.05074545054092735
3.4703710079193115,1,-0.03085194124005497,0.07,-0.06
3.4703710079193115,2,0.08909546184370404,0.03882901373576604,-0.05074545054092735
3.4703710079193115,3,0.02739157936359409,-0.03882901373576604,-0.06
3.4703710079193115,4,0.03085194124005497,-0.07,-0.05074545054092735
3.4703710079193115,5,-0.08909546184370404,-0.03882901373576604,-0.06
3.486111640930176,0,-0.025187890732690947,0.03882901373576604,-0.055642378611892494
3.486111640930176,1,-0.033055629870958114,0.07,-0.06
3.486111640930176,2,0.09129915047460718,0.03882901373576604,-0.055642378611892494
3.486111640930176,3,0.025187890732690947,-0.03882901373576604,-0.06
3.486111640930176,4,0.033055629870958114,-0.07,-0.055642378611892494
3.486111640930176,5,-0.09129915047460718,-0.03882901373576604,-0.06
3.5012011528015137,0,-0.023411681847565306,0.03882901373576604,-0.06
3.5012011528015137,1,-0.034831838756083755,0.07,-0.05962265029488669
3.5012011528015137,2,0.09307535935973282,0.03882901373576604,-0.06
3.5012011528015137,3,0.023411681847565306,-0.03882901373576604,-0.05962265029488669
3.5012011528015137,4,0.034831838756083755,-0.07,-0.06
3.5012011528015137,5,-0.09307535935973282,-0.03882901373576604,-0.05962265029488669
3.5158426761627197,0,-0.025461495126861182,0.03882901373576604,-0.06
3.5158426761627197,1,-0.03278202547678788,0.07,-0.05503109182349391
3.5158426761627197,2,0.09102554608043695,0.03882901373576604,-0.06
3.5158426761627197,3,0.025461495126861182,-0.03882901373576604,-0.05503109182349391
3.5158426761627197,4,0.03278202547678788,-0.07,-0.06
3.5158426761627197,5,-0.09102554608043695,-0.03882901373576604,-0.05503109182349391
3.5302116870880127,0,-0.027473156664966795,0.03882901373576604,-0.06
3.5302116870880127,1,-0.030770363938682266,0.07,-0.05056561693578045
3.5302116870880127,2,0.08901388454233133,0.03882901373576604,-0.06
3.5302116870880127,3,0.027473156664966795,-0.03882901373576604,-0.05056561693578045
3.5302116870880127,4,0.030770363938682266,-0.07,-0.06
3.5302116870880127,5,-0.08901388454233133,-0.03882901373576604,-0.05056561693578045
3.548902988433838,0,-0.030089938864523207,0.03882901373576604,-0.06
3.548902988433838,1,-0.028153581739125855,0.07,-0.04487728313584325
3.548902988433838,2,0.08639710234277492,0.03882901373576604,-0.06
3.548902988433838,3,0.030089938864523207,-0.03882901373576604,-0.04487728313584325
3.548902988433838,4,0.028153581739125855,-0.07,-0.06
3.548902988433838,5,-0.08639710234277492,-0.03882901373576604,-0.04487728313584325
3.5681397914886475,0,-0.032783091303662575,0.03882901373576604,-0.06
3.5681397914886475,1,-0.025460429299986487,0.07,-0.03924125970409752
3.5681397914886475,2,0.08370394990363555,0.03882901373576604,-0.06
3.5681397914886475,3,0.032783091303662575,-0.03882901373576604,-0.03924125970409752
3.5681397914886475,4,0.025460429299986487,-0.07,-0.06
3.5681397914886475,5,-0.08370394990363555,-0.03882901373576604,-0.03924125970409752
3.597508192062378,0,-0.03689466740148977,0.03882901373576604,-0.06
3.597508192062378,1,-0.02134885320215929,0.07,-0.03124763140730397
3.597508192062378,2,0.07959237380580836,0.03882901373576604,-0.06
3.597508192062378,3,0.03689466740148977,-0.03882901373576604,-0.03124763140730397
3.597508192062378,4,0.02134885320215929,-0.07,-0.06
3.597508192062378,5,-0.07959237380580836,-0.03882901373576604,-0.03124763140730397
3.610689640045166,0,-0.03874007012693686,0.03882901373576604,-0.06
3.610689640045166,1,-0.019503450476712203,0.07,-0.027962162823819407
3.610689640045166,2,0.07774697108036127,0.03882901373576604,-0.06
3.610689640045166,3,0.03874007012693686,-0.03882901373576604,-0.027962162823819407
3.610689640045166,4,0.019503450476712203,-0.07,-0.06
3.610689640045166,5,-0.07774697108036127,-0.03882901373576604,-0.027962162823819407
3.628263235092163,0,-0.04120037344399113,0.03882901373576604,-0.06
3.628263235092163,1,-0.017043147159657934,0.07,-0.023927233942621765
3.628263235092163,2,0.075286667763307,0.03882901373576604,-0.06
3.628263235092163,3,0.04120037344399113,-0.03882901373576604,-0.023927233942621765
3.628263235092163,4,0.017043147159657934,-0.07,-0.06
3.628263235092163,5,-0.075286667763307,-0.03882901373576604,-0.023927233942621765
3.657684326171875,0,-0.04531932621268713,0.03882901373576604,-0.06
3.657684326171875,1,-0.01292419439096193,0.07,-0.018177866653034135
3.657684326171875,2,0.071167714994611,0.03882901373576604,-0.06
3.657684326171875,3,0.04531932621268713,-0.03882901373576604,-0.018177866653034135
3.657684326171875,4,0.01292419439096193,-0.07,-0.06
3.657684326171875,5,-0.071167714994611,-0.03882901373576604,-0.018177866653034135
3.6739890575408936,0,-0.04760198861406811,0.03882901373576604,-0.06
3.6739890575408936,1,-0.010641531989580955,0.07,-0.015594756888746224
3.6739890575408936,2,0.06888505259323002,0.03882901373576604,-0.06
3.6739890575408936,3,0.04760198861406811,-0.03882901373576604,-0.015594756888746224
3.6739890575408936,4,0.010641531989580955,-0.07,-0.06
3.6739890575408936,5,-0.06888505259323002,-0.03882901373576604,-0.015594756888746224
3.6893470287323,0,-0.049752104590019046,0.03882901373576604,-0.06
3.6893470287323,1,-0.008491416013630015,0.07,-0.013587082019182059
3.6893470287323,2,0.06673493661727908,0.03882901373576604,-0.06
3.6893470287323,3,0.049752104590019046,-0.03882901373576604,-0.013587082019182059
3.6893470287323,4,0.008491416013630015,-0.07,-0.06
3.6893470287323,5,-0.06673493661727908,-0.03882901373576604,-0.013587082019182059
3.7180185317993164,0,-0.05376611503649092,0.03882901373576604,-0.06
3.7180185317993164,1,-0.004477405567158144,0.07,-0.011006084284028592
3.7180185317993164,2,0.06272092617080721,0.03882901373576604,-0.06
3.7180185317993164,3,0.05376611503649092,-0.03882901373576604,-0.011006084284028592
3.7180185317993164,4,0.004477405567158144,-0.07,-0.06
3.7180185317993164,5,-0.06272092617080721,-0.03882901373576604,-0.011006084284028592
3.734271287918091,0,-0.05604150090280673,0.03882901373576604,-0.06
3.734271287918091,1,-0.002202019700842328,0.07,-0.01024396709495367
3.734271287918091,2,0.06044554030449139,0.03882901373576604,-0.06
3.734271287918091,3,0.05604150090280673,-0.03882901373576604,-0.01024396709495367
3.734271287918091,4,0.002202019700842328,-0.07,-0.06
3.734271287918091,5,-0.06044554030449139,-0.03882901373576604,-0.01024396709495367
3.7630252838134766,0,-0.060067060345299454,0.03882901373576604,-0.06
3.7630252838134766,1,0.001823539741650393,0.07,-0.010167351570561825
3.7630252838134766,2,0.05641998086199867,0.03882901373576604,-0.06
3.7630252838134766,3,0.060067060345299454,-0.03882901373576604,-0.010167351570561825
3.7630252838134766,4,-0.001823539741650393,-0.07,-0.06
3.7630252838134766,5,-0.05641998086199867,-0.03882901373576604,-0.010167351570561825
3.7771477699279785,0,-0.062044208409747385,0.03882901373576604,-0.06
3.7771477699279785,1,0.003800687806098324,0.07,-0.010725628553327003
3.7771477699279785,2,0.05444283279755074,0.03882901373576604,-0.06
3.7771477699279785,3,0.062044208409747385,-0.03882901373576604,-0.010725628553327003
3.7771477699279785,4,-0.003800687806098324,-0.07,-0.06
3.7771477699279785,5,-0.05444283279755074,-0.03882901373576604,-0.010725628553327003
3.7948012351989746,0,-0.06451569355820913,0.03882901373576604,-0.06
3.7948012351989746,1,0.006272172954560062,0.07,-0.011967931183082647
3.7948012351989746,2,0.051971347649089,0.03882901373576604,-0.06
3.7948012351989746,3,0.06451569355820913,-0.03882901373576604,-0.011967931183082647
3.7948012351989746,4,-0.006272172954560062,-0.07,-0.06
3.7948012351989746,5,-0.051971347649089,-0.03882901373576604,-0.011967931183082647
3.8113181591033936,0,-0.06682806291467264,0.03882901373576604,-0.06
3.8113181591033936,1,0.008584542311023569,0.07,-0.013665212480766117
3.8113181591033936,2,0.04965897829262549,0.03882901373576604,-0.06
3.8113181591033936,3,0.06682806291467264,-0.03882901373576604,-0.013665212480766117
3.8113181591033936,4,-0.008584542311023569,-0.07,-0.06
3.8113181591033936,5,-0.04965897829262549,-0.03882901373576604,-0.013665212480766117
3.825333833694458,0,-0.06879025736577565,0.03882901373576604,-0.06
3.825333833694458,1,0.010546736762126585,0.07,-0.0154973842339775
3.825333833694458,2,0.047696783841522476,0.03882901373576604,-0.06
3.825333833694458,3,0.06879025736577565,-0.03882901373576604,-0.0154973842339775
3.825333833694458,4,-0.010546736762126585,-0.07,-0.06
3.825333833694458,5,-0.047696783841522476,-0.03882901373576604,-0.0154973842339775
3.840970754623413,0,-0.0709794263051497,0.03882901373576604,-0.06
3.840970754623413,1,0.012735905701500627,0.07,-0.017947799305379666
3.840970754623413,2,0.045507614902148434,0.03882901373576604,-0.06
3.840970754623413,3,0.0709794263051497,-0.03882901373576604,-0.017947799305379666
3.840970754623413,4,-0.012735905701500627,-0.07,-0.06
3.840970754623413,5,-0.045507614902148434,-0.03882901373576604,-0.017947799305379666
3.8567497730255127,0,-0.07318848889084867,0.03882901373576604,-0.06
3.8567497730255127,1,0.0149449682871996,0.07,-0.020831549210657316
3.8567497730255127,2,0.04329855231644946,0.03882901373576604,-0.06
3.8567497730255127,3,0.07318848889084867,-0.03882901373576604,-0.020831549210657316
3.8567497730255127,4,-0.0149449682871996,-0.07,-0.06
3.8567497730255127,5,-0.04329855231644946,-0.03882901373576604,-0.020831549210657316
3.8729045391082764,0,-0.07545015615206457,0.03882901373576604,-0.06
3.8729045391082764,1,0.017206635548415505,0.07,-0.02418224382795233
3.8729045391082764,2,0.041036885055233556,0.03882901373576604,-0.06
3.8729045391082764,3,0.07545015615206457,-0.03882901373576604,-0.02418224382795233
3.8729045391082764,4,-0.017206635548415505,-0.07,-0.06
3.8729045391082764,5,-0.041036885055233556,-0.03882901373576604,-0.02418224382795233
3.890209436416626,0,-0.07787284178554804,0.03882901373576604,-0.06
3.890209436416626,1,0.019629321181898973,0.07,-0.028179524609332263
3.890209436416626,2,0.03861419942175009,0.03882901373576604,-0.06
3.890209436416626,3,0.07787284178554804,-0.03882901373576604,-0.028179524609332263
3.890209436416626,4,-0.019629321181898973,-0.07,-0.06
3.890209436416626,5,-0.03861419942175009,-0.03882901373576604,-0.028179524609332263
3.9199025630950928,0,-0.08202987953823188,0.03882901373576604,-0.06
3.9199025630950928,1,0.023786358934582807,0.07,-0.03588549608480582
3.9199025630950928,2,0.034457161669066254,0.03882901373576604,-0.06
3.9199025630950928,3,0.08202987953823188,-0.03882901373576604,-0.03588549608480582
3.9199025630950928,4,-0.023786358934582807,-0.07,-0.06
3.9199025630950928,5,-0.034457161669066254,-0.03882901373576604,-0.03588549608480582
3.9339139461517334,0,-0.083991473174513,0.03882901373576604,-0.06
3.9339139461517334,1,0.02574795257086393,0.07,-0.03982993766809627
3.9339139461517334,2,0.03249556803278513,0.03882901373576604,-0.06
3.9339139461517334,3,0.083991473174513,-0.03882901373576604,-0.03982993766809627
3.9339139461517334,4,-0.02574795257086393,-0.07,-0.06
3.9339139461517334,5,-0.03249556803278513,-0.03882901373576604,-0.03982993766809627
3.9530200958251953,0,-0.08666633414018582,0.03882901373576604,-0.06
3.9530200958251953,1,0.02842281353653675,0.07,-0.045454231558143585
3.9530200958251953,2,0.02982070706711231,0.03882901373576604,-0.06
3.9530200958251953,3,0.08666633414018582,-0.03882901373576604,-0.045454231558143585
3.9530200958251953,4,-0.02842281353653675,-0.07,-0.06
3.9530200958251953,5,-0.02982070706711231,-0.03882901373576604,-0.045454231558143585
3.978161096572876,0,-0.09018607425984632,0.03882901373576604,-0.06
3.978161096572876,1,0.03194255365619725,0.07,-0.053160616118535245
3.978161096572876,2,0.026300966947451813,0.03882901373576604,-0.06
3.978161096572876,3,0.09018607425984632,-0.03882901373576604,-0.053160616118535245
3.978161096572876,4,-0.03194255365619725,-0.07,-0.06
3.978161096572876,5,-0.026300966947451813,-0.03882901373576604,-0.053160616118535245
4.003716707229614,0,-0.09272318173829935,0.03882901373576604,-0.058832468095738305
4.003716707229614,1,0.034479661134650286,0.07,-0.06
4.003716707229614,2,0.023763859468998776,0.03882901373576604,-0.058832468095738305
4.003716707229614,3,0.09272318173829935,-0.03882901373576604,-0.06
4.003716707229614,4,-0.034479661134650286,-0.07,-0.058832468095738305
4.003716707229614,5,-0.023763859468998776,-0.03882901373576604,-0.06
4.019873380661011,0,-0.09046124744827372,0.03882901373576604,-0.0537728051800982
4.019873380661011,1,0.03221772684462465,0.07,-0.06
4.019873380661011,2,0.02602579375902441,0.03882901373576604,-0.0537728051800982
4.019873380661011,3,0.09046124744827372,-0.03882901373576604,-0.06
4.019873380661011,4,-0.03221772684462465,-0.07,-0.0537728051800982
4.019873380661011,5,-0.02602579375902441,-0.03882901373576604,-0.06
4.037086486816406,0,-0.08805141257625854,0.03882901373576604,-0.048454090492084656
4.037086486816406,1,0.029807891972609468,0.07,-0.06
4.037086486816406,2,0.028435628631039593,0.03882901373576604,-0.048454090492084656
4.037086486816406,3,0.08805141257625854,-0.03882901373576604,-0.06
4.037086486816406,4,-0.029807891972609468,-0.07,-0.048454090492084656
4.037086486816406,5,-0.028435628631039593,-0.03882901373576604,-0.06
4.064650535583496,0,-0.0841924457324365,0.03882901373576604,-0.04024341093388685
4.064650535583496,1,0.025948925128787437,0.07,-0.06
4.064650535583496,2,0.032294595474861625,0.03882901373576604,-0.04024341093388685
4.064650535583496,3,0.0841924457324365,-0.03882901373576604,-0.06
4.064650535583496,4,-0.025948925128787437,-0.07,-0.04024341093388685
4.064650535583496,5,-0.032294595474861625,-0.03882901373576604,-0.06
4.079351902008057,0,-0.08213425442423533,0.03882901373576604,-0.03609093644645438
4.079351902008057,1,0.023890733820586263,0.07,-0.06
4.079351902008057,2,0.0343527867830628,0.03882901373576604,-0.03609093644645438
4.079351902008057,3,0.08213425442423533,-0.03882901373576604,-0.06
4.079351902008057,4,-0.023890733820586263,-0.07,-0.03609093644645438
4.079351902008057,5,-0.0343527867830628,-0.03882901373576604,-0.06
4.096487522125244,0,-0.07973526759761546,0.03882901373576604,-0.031510553468206595
4.096487522125244,1,0.021491746993966387,0.07,-0.06
4.096487522125244,2,0.036751773609682674,0.03882901373576604,-0.031510553468206595
4.096487522125244,3,0.07973526759761546,-0.03882901373576604,-0.06
4.096487522125244,4,-0.021491746993966387,-0.07,-0.031510553468206595
4.096487522125244,5,-0.036751773609682674,-0.03882901373576604,-0.06
4.1116814613342285,0,-0.07760811609930135,0.03882901373576604,-0.02772356523855718
4.1116814613342285,1,0.01936459549565228,0.07,-0.06
4.1116814613342285,2,0.03887892510799678,0.03882901373576604,-0.02772356523855718
4.1116814613342285,3,0.07760811609930135,-0.03882901373576604,-0.06
4.1116814613342285,4,-0.01936459549565228,-0.07,-0.02772356523855718
4.1116814613342285,5,-0.03887892510799678,-0.03882901373576604,-0.06
4.128311634063721,0,-0.07527989190726009,0.03882901373576604,-0.02391670675122716
4.128311634063721,1,0.01703637130361102,0.07,-0.06
4.128311634063721,2,0.04120714930003804,0.03882901373576604,-0.02391670675122716
4.128311634063721,3,0.07527989190726009,-0.03882901373576604,-0.06
4.128311634063721,4,-0.01703637130361102,-0.07,-0.02391670675122716
4.128311634063721,5,-0.04120714930003804,-0.03882901373576604,-0.06
4.142820358276367,0,-0.0732486705088417,0.03882901373576604,-0.020915631521606116
4.142820358276367,1,0.015005149905192638,0.07,-0.06
4.142820358276367,2,0.04323837069845642,0.03882901373576604,-0.020915631521606116
4.142820358276367,3,0.0732486705088417,-0.03882901373576604,-0.06
4.142820358276367,4,-0.015005149905192638,-0.07,-0.020915631521606116
4.142820358276367,5,-0.04323837069845642,-0.03882901373576604,-0.06
4.15917444229126,0,-0.07095909873700895,0.03882901373576604,-0.017923140635269286
4.15917444229126,1,0.012715578133359884,0.07,-0.06
4.15917444229126,2,0.04552794247028918,0.03882901373576604,-0.017923140635269286
4.15917444229126,3,0.07095909873700895,-0.03882901373576604,-0.06
4.15917444229126,4,-0.012715578133359884,-0.07,-0.017923140635269286
4.15917444229126,5,-0.04552794247028918,-0.03882901373576604,-0.06
4.176525115966797,0,-0.06853000441209195,0.03882901373576604,-0.015234201719398169
4.176525115966797,1,0.010286483808442881,0.07,-0.06
4.176525115966797,2,0.04795703679520618,0.03882901373576604,-0.015234201719398169
4.176525115966797,3,0.06853000441209195,-0.03882901373576604,-0.06
4.176525115966797,4,-0.010286483808442881,-0.07,-0.015234201719398169
4.176525115966797,5,-0.04795703679520618,-0.03882901373576604,-0.06
4.193032264709473,0,-0.06621900357827831,0.03882901373576604,-0.01316895282091815
4.193032264709473,1,0.007975482974629244,0.07,-0.06
4.193032264709473,2,0.05026803762901982,0.03882901373576604,-0.01316895282091815
4.193032264709473,3,0.06621900357827831,-0.03882901373576604,-0.06
4.193032264709473,4,-0.007975482974629244,-0.07,-0.01316895282091815
4.193032264709473,5,-0.05026803762901982,-0.03882901373576604,-0.06
4.207073926925659,0,-0.06425317085964272,0.03882901373576604,-0.011807621812885041
4.207073926925659,1,0.006009650255993648,0.07,-0.06
4.207073926925659,2,0.05223387034765541,0.03882901373576604,-0.011807621812885041
4.207073926925659,3,0.06425317085964272,-0.03882901373576604,-0.06
4.207073926925659,4,-0.006009650255993648,-0.07,-0.011807621812885041
4.207073926925659,5,-0.05223387034765541,-0.03882901373576604,-0.06
4.221249103546143,0,-0.06226864612432597,0.03882901373576604,-0.010813618418097477
4.221249103546143,1,0.004025125520676909,0.07,-0.06
4.221249103546143,2,0.05421839508297215,0.03882901373576604,-0.010813618418097477
4.221249103546143,3,0.06226864612432597,-0.03882901373576604,-0.06
4.221249103546143,4,-0.004025125520676909,-0.07,-0.010813618418097477
4.221249103546143,5,-0.05421839508297215,-0.03882901373576604,-0.06
4.239460706710815,0,-0.05971902167041681,0.03882901373576604,-0.010109587512921549
4.239460706710815,1,0.0014755010667677482,0.07,-0.06
4.239460706710815,2,0.05676801953688131,0.03882901373576604,-0.010109587512921549
4.239460706710815,3,0.05971902167041681,-0.03882901373576604,-0.06
4.239460706710815,4,-0.0014755010667677482,-0.07,-0.010109587512921549
4.239460706710815,5,-0.05676801953688131,-0.03882901373576604,-0.06
4.261603832244873,0,-0.05661898408245041,0.03882901373576604,-0.010132833558785803
4.261603832244873,1,-0.0016245365211986496,0.07,-0.06
4.261603832244873,2,0.05986805712484771,0.03882901373576604,-0.010132833558785803
4.261603832244873,3,0.05661898408245041,-0.03882901373576604,-0.06
4.261603832244873,4,0.0016245365211986496,-0.07,-0.010132833558785803
4.261603832244873,5,-0.05986805712484771,-0.03882901373576604,-0.06
4.277815580368042,0,-0.054349339335543805,0.03882901373576604,-0.010761675256296246
4.277815580368042,1,-0.0038941812681052568,0.07,-0.06
4.277815580368042,2,0.06213770187175432,0.03882901373576604,-0.010761675256296246
4.277815580368042,3,0.054349339335543805,-0.03882901373576604,-0.06
4.277815580368042,4,0.0038941812681052568,-0.07,-0.010761675256296246
4.277815580368042,5,-0.06213770187175432,-0.03882901373576604,-0.06
4.294830799102783,0,-0.051967208702538174,0.03882901373576604,-0.01197051207747464
4.294830799102783,1,-0.006276311901110887,0.07,-0.06
4.294830799102783,2,0.06451983250475996,0.03882901373576604,-0.01197051207747464
4.294830799102783,3,0.051967208702538174,-0.03882901373576604,-0.06
4.294830799102783,4,0.006276311901110887,-0.07,-0.01197051207747464
4.294830799102783,5,-0.06451983250475996,-0.03882901373576604,-0.06
4.308320045471191,0,-0.05007871420292081,0.03882901373576604,-0.01331948213343772
4.308320045471191,1,-0.008164806400728253,0.07,-0.06
4.308320045471191,2,0.06640832700437732,0.03882901373576604,-0.01331948213343772
4.308320045471191,3,0.05007871420292081,-0.03882901373576604,-0.06
4.308320045471191,4,0.008164806400728253,-0.07,-0.01331948213343772
4.308320045471191,5,-0.06640832700437732,-0.03882901373576604,-0.06
4.32406759262085,0,-0.04787405759258239,0.03882901373576604,-0.015317453506316157
4.32406759262085,1,-0.01036946301106667,0.07,-0.06
4.32406759262085,2,0.06861298361471574,0.03882901373576604,-0.015317453506316157
4.32406759262085,3,0.04787405759258239,-0.03882901373576604,-0.06
4.32406759262085,4,0.01036946301106667,-0.07,-0.015317453506316157
4.32406759262085,5,-0.06861298361471574,-0.03882901373576604,-0.06
4.3392088413238525,0,-0.04575428276513709,0.03882901373576604,-0.017650945583891124
4.3392088413238525,1,-0.012489237838511968,0.07,-0.06
4.3392088413238525,2,0.07073275844216104,0.03882901373576604,-0.017650945583891124
4.3392088413238525,3,0.04575428276513709,-0.03882901373576604,-0.06
4.3392088413238525,4,0.012489237838511968,-0.07,-0.017650945583891124
4.3392088413238525,5,-0.07073275844216104,-0.03882901373576604,-0.06
4.356034755706787,0,-0.043398654741497227,0.03882901373576604,-0.02069232504722266
4.356034755706787,1,-0.014844865862151835,0.07,-0.06
4.356034755706787,2,0.0730883864658009,0.03882901373576604,-0.02069232504722266
4.356034755706787,3,0.043398654741497227,-0.03882901373576604,-0.06
4.356034755706787,4,0.014844865862151835,-0.07,-0.02069232504722266
4.356034755706787,5,-0.0730883864658009,-0.03882901373576604,-0.06
4.371543645858765,0,-0.04122741011097635,0.03882901373576604,-0.023885248803332017
4.371543645858765,1,-0.01701611049267271,0.07,-0.06
4.371543645858765,2,0.07525963109632178,0.03882901373576604,-0.023885248803332017
4.371543645858765,3,0.04122741011097635,-0.03882901373576604,-0.06
4.371543645858765,4,0.01701611049267271,-0.07,-0.023885248803332017
4.371543645858765,5,-0.07525963109632178,-0.03882901373576604,-0.06
4.387701988220215,0,-0.0389652421707422,0.03882901373576604,-0.02757587591786373
4.387701988220215,1,-0.01927827843290686,0.07,-0.06
4.387701988220215,2,0.07752179903655593,0.03882901373576604,-0.02757587591786373
4.387701988220215,3,0.0389652421707422,-0.03882901373576604,-0.06
4.387701988220215,4,0.01927827843290686,-0.07,-0.02757587591786373
4.387701988220215,5,-0.07752179903655593,-0.03882901373576604,-0.06
4.399498462677002,0,-0.03731373573976076,0.03882901373576604,-0.030483412261193533
4.399498462677002,1,-0.0209297848638883,0.07,-0.06
4.399498462677002,2,0.07917330546753737,0.03882901373576604,-0.030483412261193533
4.399498462677002,3,0.03731373573976076,-0.03882901373576604,-0.06
4.399498462677002,4,0.0209297848638883,-0.07,-0.030483412261193533
4.399498462677002,5,-0.07917330546753737,-0.03882901373576604,-0.06
4.416135311126709,0,-0.03498457694688544,0.03882901373576604,-0.03485557337123634
4.416135311126709,1,-0.02325894365676362,0.07,-0.06
4.416135311126709,2,0.08150246426041269,0.03882901373576604,-0.03485557337123634
4.416135311126709,3,0.03498457694688544,-0.03882901373576604,-0.06
4.416135311126709,4,0.02325894365676362,-0.07,-0.03485557337123634
4.416135311126709,5,-0.08150246426041269,-0.03882901373576604,-0.06
4.432261943817139,0,-0.03272684836061306,0.03882901373576604,-0.03935614318111712
4.432261943817139,1,-0.025516672243035998,0.07,-0.06
4.432261943817139,2,0.08376019284668507,0.03882901373576604,-0.03935614318111712
4.432261943817139,3,0.03272684836061306,-0.03882901373576604,-0.06
4.432261943817139,4,0.025516672243035998,-0.07,-0.03935614318111712
4.432261943817139,5,-0.08376019284668507,-0.03882901373576604,-0.06
4.449197053909302,0,-0.03035593293761612,0.03882901373576604,-0.044309440881414
4.449197053909302,1,-0.027887587666032942,0.07,-0.06
4.449197053909302,2,0.08613110826968201,0.03882901373576604,-0.044309440881414
4.449197053909302,3,0.03035593293761612,-0.03882901373576604,-0.06
4.449197053909302,4,0.027887587666032942,-0.07,-0.044309440881414
4.449197053909302,5,-0.08613110826968201,-0.03882901373576604,-0.06
4.465258598327637,0,-0.028107316709475798,0.03882901373576604,-0.04917213664445977
4.465258598327637,1,-0.030136203894173264,0.07,-0.06
4.465258598327637,2,0.08837972449782233,0.03882901373576604,-0.04917213664445977
4.465258598327637,3,0.028107316709475798,-0.03882901373576604,-0.06
4.465258598327637,4,0.030136203894173264,-0.07,-0.04917213664445977
4.465258598327637,5,-0.08837972449782233,-0.03882901373576604,-0.06
4.477766752243042,0,-0.02635617515386362,0.03882901373576604,-0.05303791480027056
4.477766752243042,1,-0.03188734544978544,0.07,-0.06
4.477766752243042,2,0.09013086605343451,0.03882901373576604,-0.05303791480027056
4.477766752243042,3,0.02635617515386362,-0.03882901373576604,-0.06
4.477766752243042,4,0.03188734544978544,-0.07,-0.05303791480027056
4.477766752243042,5,-0.09013086605343451,-0.03882901373576604,-0.06
4.494783401489258,0,-0.02397384424925069,0.03882901373576604,-0.058361450644881796
4.494783401489258,1,-0.03426967635439837,0.07,-0.06
4.494783401489258,2,0.09251319695804744,0.03882901373576604,-0.058361450644881796
4.494783401489258,3,0.02397384424925069,-0.03882901373576604,-0.06
4.494783401489258,4,0.03426967635439837,-0.07,-0.058361450644881796
4.494783401489258,5,-0.09251319695804744,-0.03882901373576604,-0.06
4.511294603347778,0,-0.024824764930058522,0.03882901373576604,-0.06
4.511294603347778,1,-0.03341875567359054,0.07,-0.05645467322670433
4.511294603347778,2,0.09166227627723961,0.03882901373576604,-0.06
4.511294603347778,3,0.024824764930058522,-0.03882901373576604,-0.05645467322670433
4.511294603347778,4,0.03341875567359054,-0.07,-0.06
4.511294603347778,5,-0.09166227627723961,-0.03882901373576604,-0.05645467322670433
4.528850078582764,0,-0.02728253147342035,0.03882901373576604,-0.06
4.528850078582764,1,-0.03096098913022871,0.07,-0.050986035181886345
4.528850078582764,2,0.08920450973387778,0.03882901373576604,-0.06
4.528850078582764,3,0.02728253147342035,-0.03882901373576604,-0.050986035181886345
4.528850078582764,4,0.03096098913022871,-0.07,-0.06
4.528850078582764,5,-0.08920450973387778,-0.03882901373576604,-0.050986035181886345
4.557607889175415,0,-0.03130862497353253,0.03882901373576604,-0.06
4.557607889175415,1,-0.02693489563011653,0.07,-0.042294555311181814
4.557607889175415,2,0.0851784162337656,0.03882901373576604,-0.06
4.557607889175415,3,0.03130862497353253,-0.03882901373576604,-0.042294555311181814
4.557607889175415,4,0.02693489563011653,-0.07,-0.06
4.557607889175415,5,-0.0851784162337656,-0.03882901373576604,-0.042294555311181814
4.5727550983428955,0,-0.03342923426600824,0.03882901373576604,-0.06
4.5727550983428955,1,-0.024814286337640823,0.07,-0.037931100180818855
4.5727550983428955,2,0.08305780694128989,0.03882901373576604,-0.06
4.5727550983428955,3,0.03342923426600824,-0.03882901373576604,-0.037931100180818855
4.5727550983428955,4,0.024814286337640823,-0.07,-0.06
4.5727550983428955,5,-0.08305780694128989,-0.03882901373576604,-0.037931100180818855
4.588025093078613,0,-0.03556703353811035,0.03882901373576604,-0.06
4.588025093078613,1,-0.02267648706553871,0.07,-0.03373455985755509
4.588025093078613,2,0.08092000766918778,0.03882901373576604,-0.06
4.588025093078613,3,0.03556703353811035,-0.03882901373576604,-0.03373455985755509
4.588025093078613,4,0.02267648706553871,-0.07,-0.06
4.588025093078613,5,-0.08092000766918778,-0.03882901373576604,-0.03373455985755509
4.6038267612457275,0,-0.03777926709092488,0.03882901373576604,-0.06
4.6038267612457275,1,-0.020464253512724184,0.07,-0.02964671523944103
4.6038267612457275,2,0.07870777411637325,0.03882901373576604,-0.06
4.6038267612457275,3,0.03777926709092488,-0.03882901373576604,-0.02964671523944103
4.6038267612457275,4,0.020464253512724184,-0.07,-0.06
4.6038267612457275,5,-0.07870777411637325,-0.03882901373576604,-0.02964671523944103
4.620431423187256,0,-0.04010391977263599,0.03882901373576604,-0.06
4.620431423187256,1,-0.01813960083101307,0.07,-0.02567396886943262
4.620431423187256,2,0.07638312143466214,0.03882901373576604,-0.06
4.620431423187256,3,0.04010391977263599,-0.03882901373576604,-0.02567396886943262
4.620431423187256,4,0.01813960083101307,-0.07,-0.06
4.620431423187256,5,-0.07638312143466214,-0.03882901373576604,-0.02567396886943262
4.633124113082886,0,-0.04188089636558961,0.03882901373576604,-0.06
4.633124113082886,1,-0.016362624238059453,0.07,-0.02288677120381416
4.633124113082886,2,0.07460614484170852,0.03882901373576604,-0.06
4.633124113082886,3,0.04188089636558961,-0.03882901373576604,-0.02288677120381416
4.633124113082886,4,0.016362624238059453,-0.07,-0.06
4.633124113082886,5,-0.07460614484170852,-0.03882901373576604,-0.02288677120381416
4.642843723297119,0,-0.04324164180137562,0.03882901373576604,-0.06
4.642843723297119,1,-0.015001878802273438,0.07,-0.02091105399072085
4.642843723297119,2,0.0732453994059225,0.03882901373576604,-0.06
4.642843723297119,3,0.04324164180137562,-0.03882901373576604,-0.02091105399072085
4.642843723297119,4,0.015001878802273438,-0.07,-0.06
4.642843723297119,5,-0.0732453994059225,-0.03882901373576604,-0.02091105399072085
4.666186809539795,0,-0.046509673889263796,0.03882901373576604,-0.06
4.666186809539795,1,-0.011733846714385265,0.07,-0.01677430164676818
4.666186809539795,2,0.06997736731803433,0.03882901373576604,-0.06
4.666186809539795,3,0.046509673889263796,-0.03882901373576604,-0.01677430164676818
4.666186809539795,4,0.011733846714385265,-0.07,-0.06
4.666186809539795,5,-0.06997736731803433,-0.03882901373576604,-0.01677430164676818
4.6815714836120605,0,-0.048663528268550964,0.03882901373576604,-0.06
4.6815714836120605,1,-0.009579992335098098,0.07,-0.014550649893802114
4.6815714836120605,2,0.06782351293874717,0.03882901373576604,-0.06
4.6815714836120605,3,0.048663528268550964,-0.03882901373576604,-0.014550649893802114
4.6815714836120605,4,0.009579992335098098,-0.07,-0.06
4.6815714836120605,5,-0.06782351293874717,-0.03882901373576604,-0.014550649893802114
4.694746971130371,0,-0.05050809652896764,0.03882901373576604,-0.06
4.694746971130371,1,-0.0077354240746814185,0.07,-0.012982947032672283
4.694746971130371,2,0.06597894467833049,0.03882901373576604,-0.06
4.694746971130371,3,0.05050809652896764,-0.03882901373576604,-0.012982947032672283
4.694746971130371,4,0.0077354240746814185,-0.07,-0.06
4.694746971130371,5,-0.06597894467833049,-0.03882901373576604,-0.012982947032672283
4.7114784717559814,0,-0.052850506626525844,0.03882901373576604,-0.06
4.7114784717559814,1,-0.005393013977123218,0.07,-0.011457422079697833
4.7114784717559814,2,0.06363653458077229,0.03882901373576604,-0.06
4.7114784717559814,3,0.052850506626525844,-0.03882901373576604,-0.011457422079697833
4.7114784717559814,4,0.005393013977123218,-0.07,-0.06
4.7114784717559814,5,-0.06363653458077229,-0.03882901373576604,-0.011457422079697833
4.728086471557617,0,-0.05517562660865399,0.03882901373576604,-0.06
4.728086471557617,1,-0.0030678939949950745,0.07,-0.010473192097650401
4.728086471557617,2,0.061311414598644136,0.03882901373576604,-0.06
4.728086471557617,3,0.05517562660865399,-0.03882901373576604,-0.010473192097650401
4.728086471557617,4,0.0030678939949950745,-0.07,-0.06
4.728086471557617,5,-0.061311414598644136,-0.03882901373576604,-0.010473192097650401
4.744974136352539,0,-0.05753989969000888,0.03882901373576604,-0.06
4.744974136352539,1,-0.0007036209136401794,0.07,-0.010024927118887292
4.744974136352539,2,0.05894714151728924,0.03882901373576604,-0.06
4.744974136352539,3,0.05753989969000888,-0.03882901373576604,-0.010024927118887292
4.744974136352539,4,0.0007036209136401794,-0.07,-0.06
4.744974136352539,5,-0.05894714151728924,-0.03882901373576604,-0.010024927118887292
4.758978366851807,0,-0.059500491968253515,0.03882901373576604,-0.06
4.758978366851807,1,0.0012569713646044534,0.07,-0.010079538097519082
4.758978366851807,2,0.05698654923904461,0.03882901373576604,-0.06
4.758978366851807,3,0.059500491968253515,-0.03882901373576604,-0.010079538097519082
4.758978366851807,4,-0.0012569713646044534,-0.07,-0.06
4.758978366851807,5,-0.05698654923904461,-0.03882901373576604,-0.010079538097519082
4.773194789886475,0,-0.06149079120158068,0.03882901373576604,-0.06
4.773194789886475,1,0.0032472705979316174,0.07,-0.01053004313518252
4.773194789886475,2,0.054996250005717444,0.03882901373576604,-0.06
4.773194789886475,3,0.06149079120158068,-0.03882901373576604,-0.01053004313518252
4.773194789886475,4,-0.0032472705979316174,-0.07,-0.06
4.773194789886475,5,-0.054996250005717444,-0.03882901373576604,-0.01053004313518252
4.790919780731201,0,-0.06397228993040732,0.03882901373576604,-0.06
4.790919780731201,1,0.005728769326758254,0.07,-0.011643510396535717
4.790919780731201,2,0.05251475127689081,0.03882901373576604,-0.06
4.790919780731201,3,0.06397228993040732,-0.03882901373576604,-0.011643510396535717
4.790919780731201,4,-0.005728769326758254,-0.07,-0.06
4.790919780731201,5,-0.05251475127689081,-0.03882901373576604,-0.011643510396535717
4.808213949203491,0,-0.06639347352683606,0.03882901373576604,-0.06
4.808213949203491,1,0.008149952923186987,0.07,-0.013307550297137233
4.808213949203491,2,0.050093567680462074,0.03882901373576604,-0.06
4.808213949203491,3,0.06639347352683606,-0.03882901373576604,-0.013307550297137233
4.808213949203491,4,-0.008149952923186987,-0.07,-0.06
4.808213949203491,5,-0.050093567680462074,-0.03882901373576604,-0.013307550297137233
4.822229862213135,0,-0.06835570135654029,0.03882901373576604,-0.06
4.822229862213135,1,0.01011218075289122,0.07,-0.015061349234180468
4.822229862213135,2,0.04813133985075784,0.03882901373576604,-0.06
4.822229862213135,3,0.06835570135654029,-0.03882901373576604,-0.015061349234180468
4.822229862213135,4,-0.01011218075289122,-0.07,-0.06
4.822229862213135,5,-0.04813133985075784,-0.03882901373576604,-0.015061349234180468
4.837894678115845,0,-0.07054877559225664,0.03882901373576604,-0.06
4.837894678115845,1,0.012305254988607572,0.07,-0.017432907696819697
4.837894678115845,2,0.04593826561504149,0.03882901373576604,-0.06
4.837894678115845,3,0.07054877559225664,-0.03882901373576604,-0.017432907696819697
4.837894678115845,4,-0.012305254988607572,-0.07,-0.06
4.837894678115845,5,-0.04593826561504149,-0.03882901373576604,-0.017432907696819697
4.854082345962524,0,-0.0728150491004404,0.03882901373576604,-0.06
4.854082345962524,1,0.01457152849679133,0.07,-0.02031621179235444
4.854082345962524,2,0.04367199210685773,0.03882901373576604,-0.06
4.854082345962524,3,0.0728150491004404,-0.03882901373576604,-0.02031621179235444
4.854082345962524,4,-0.01457152849679133,-0.07,-0.06
4.854082345962524,5,-0.04367199210685773,-0.03882901373576604,-0.02031621179235444
4.870368957519531,0,-0.07509517472812893,0.03882901373576604,-0.06
4.870368957519531,1,0.016851654124479865,0.07,-0.02363101278550238
4.870368957519531,2,0.0413918664791692,0.03882901373576604,-0.06
4.870368957519531,3,0.07509517472812893,-0.03882901373576604,-0.02363101278550238
4.870368957519531,4,-0.016851654124479865,-0.07,-0.06
4.870368957519531,5,-0.0413918664791692,-0.03882901373576604,-0.02363101278550238
4.896126985549927,0,-0.07870129866773728,0.03882901373576604,-0.06
4.896126985549927,1,0.020457778064088217,0.07,-0.02963516953919118
4.896126985549927,2,0.037785742539560845,0.03882901373576604,-0.06
4.896126985549927,3,0.07870129866773728,-0.03882901373576604,-0.02963516953919118
4.896126985549927,4,-0.020457778064088217,-0.07,-0.06
4.896126985549927,5,-0.037785742539560845,-0.03882901373576604,-0.02963516953919118
4.914057731628418,0,-0.08121160312941361,0.03882901373576604,-0.06
4.914057731628418,1,0.022968082525764544,0.07,-0.03429357751724922
4.914057731628418,2,0.03527543807788452,0.03882901373576604,-0.06
4.914057731628418,3,0.08121160312941361,-0.03882901373576604,-0.03429357751724922
4.914057731628418,4,-0.022968082525764544,-0.07,-0.06
4.914057731628418,5,-0.03527543807788452,-0.03882901373576604,-0.03429357751724922
4.945592403411865,0,-0.08562645719789236,0.03882901373576604,-0.06
4.945592403411865,1,0.02738293659424329,0.07,-0.043238327059156714
4.945592403411865,2,0.03086058400940577,0.03882901373576604,-0.06
4.945592403411865,3,0.08562645719789236,-0.03882901373576604,-0.043238327059156714
4.945592403411865,4,-0.02738293659424329,-0.07,-0.06
4.945592403411865,5,-0.03086058400940577,-0.03882901373576604,-0.043238327059156714
4.958422899246216,0,-0.08742272662234901,0.03882901373576604,-0.06
4.958422899246216,1,0.029179206018699944,0.07,-0.047086228783803655
4.958422899246216,2,0.029064314584949118,0.03882901373576604,-0.06
4.958422899246216,3,0.08742272662234901,-0.03882901373576604,-0.047086228783803655
4.958422899246216,4,-0.029179206018699944,-0.07,-0.06
4.958422899246216,5,-0.029064314584949118,-0.03882901373576604,-0.047086228783803655
4.973437309265137,0,-0.08952474403394722,0.03882901373576604,-0.06
4.973437309265137,1,0.031281223430298155,0.07,-0.05169377188042619
4.973437309265137,2,0.026962297173350906,0.03882901373576604,-0.06
4.973437309265137,3,0.08952474403394722,-0.03882901373576604,-0.05169377188042619
4.973437309265137,4,-0.031281223430298155,-0.07,-0.06
4.973437309265137,5,-0.026962297173350906,-0.03882901373576604,-0.05169377188042619
4.9899468421936035,0,-0.09183607865377302,0.03882901373576604,-0.06
4.9899468421936035,1,0.033592558050123955,0.07,-0.05684380708819409
4.9899468421936035,2,0.024650962553525106,0.03882901373576604,-0.06
4.9899468421936035,3,0.09183607865377302,-0.03882901373576604,-0.05684380708819409
4.9899468421936035,4,-0.033592558050123955,-0.07,-0.06
4.9899468421936035,5,-0.024650962553525106,-0.03882901373576604,-0.05684380708819409
5.005968332290649,0,-0.09240795422841236,0.03882901373576604,-0.058125432511287524
5.005968332290649,1,0.03416443362476329,0.07,-0.06
5.005968332290649,2,0.02407908697888577,0.03882901373576604,-0.058125432511287524
5.005968332290649,3,0.09240795422841236,-0.03882901373576604,-0.06
5.005968332290649,4,-0.03416443362476329,-0.07,-0.058125432511287524
5.005968332290649,5,-0.02407908697888577,-0.03882901373576604,-0.06
5.034121990203857,0,-0.08846644210378235,0.03882901373576604,-0.04936219429454385
5.034121990203857,1,0.030222921500133282,0.07,-0.06
5.034121990203857,2,0.02802059910351578,0.03882901373576604,-0.04936219429454385
5.034121990203857,3,0.08846644210378235,-0.03882901373576604,-0.06
5.034121990203857,4,-0.030222921500133282,-0.07,-0.04936219429454385
5.034121990203857,5,-0.02802059910351578,-0.03882901373576604,-0.06
5.0516357421875,0,-0.08601451681563338,0.03882901373576604,-0.04406124236928808
5.0516357421875,1,0.02777099621198431,0.07,-0.06
5.0516357421875,2,0.03047252439166475,0.03882901373576604,-0.04406124236928808
5.0516357421875,3,0.08601451681563338,-0.03882901373576604,-0.06
5.0516357421875,4,-0.02777099621198431,-0.07,-0.04406124236928808
5.0516357421875,5,-0.03047252439166475,-0.03882901373576604,-0.06
5.066508769989014,0,-0.08393229291455645,0.03882901373576604,-0.039708493696927825
5.066508769989014,1,0.025688772310907382,0.07,-0.06
5.066508769989014,2,0.03255474829274168,0.03882901373576604,-0.039708493696927825
5.066508769989014,3,0.08393229291455645,-0.03882901373576604,-0.06
5.066508769989014,4,-0.025688772310907382,-0.07,-0.039708493696927825
5.066508769989014,5,-0.03255474829274168,-0.03882901373576604,-0.06
5.081237554550171,0,-0.0818702630672154,0.03882901373576604,-0.035572348967301964
5.081237554550171,1,0.02362674246356633,0.07,-0.06
5.081237554550171,2,0.03461677814008273,0.03882901373576604,-0.035572348967301964
5.081237554550171,3,0.0818702630672154,-0.03882901373576604,-0.06
5.081237554550171,4,-0.02362674246356633,-0.07,-0.035572348967301964
5.081237554550171,5,-0.03461677814008273,-0.03882901373576604,-0.06
5.096268892288208,0,-0.07976587577493083,0.03882901373576604,-0.03156702471427364
5.096268892288208,1,0.02152235517128176,0.07,-0.06
5.096268892288208,2,0.0367211654323673,0.03882901373576604,-0.03156702471427364
5.096268892288208,3,0.07976587577493083,-0.03882901373576604,-0.06
5.096268892288208,4,-0.02152235517128176,-0.07,-0.03156702471427364
5.096268892288208,5,-0.0367211654323673,-0.03882901373576604,-0.06
5.11292290687561,0,-0.07743431372276793,0.03882901373576604,-0.027426684233477883
5.11292290687561,1,0.019190793119118865,0.07,-0.06
5.11292290687561,2,0.039052727484530196,0.03882901373576604,-0.027426684233477883
5.11292290687561,3,0.07743431372276793,-0.03882901373576604,-0.06
5.11292290687561,4,-0.019190793119118865,-0.07,-0.027426684233477883
5.11292290687561,5,-0.039052727484530196,-0.03882901373576604,-0.06
5.129434823989868,0,-0.07512264531692997,0.03882901373576604,-0.02367334259884441
5.129434823989868,1,0.016879124713280902,0.07,-0.06
5.129434823989868,2,0.04136439589036816,0.03882901373576604,-0.02367334259884441
5.129434823989868,3,0.07512264531692997,-0.03882901373576604,-0.06
5.129434823989868,4,-0.016879124713280902,-0.07,-0.02367334259884441
5.129434823989868,5,-0.04136439589036816,-0.03882901373576604,-0.06
5.144528388977051,0,-0.07300954620972794,0.03882901373576604,-0.020583231018214146
5.144528388977051,1,0.01476602560607887,0.07,-0.06
5.144528388977051,2,0.04347749499757019,0.03882901373576604,-0.020583231018214146
5.144528388977051,3,0.07300954620972794,-0.03882901373576604,-0.06
5.144528388977051,4,-0.01476602560607887,-0.07,-0.020583231018214146
5.144528388977051,5,-0.04347749499757019,-0.03882901373576604,-0.06
5.162183046340942,0,-0.07053789416826012,0.03882901373576604,-0.01742010288720059
5.162183046340942,1,0.01229437356461105,0.07,-0.06
5.162183046340942,2,0.04594914703903801,0.03882901373576604,-0.01742010288720059
5.162183046340942,3,0.07053789416826012,-0.03882901373576604,-0.06
5.162183046340942,4,-0.01229437356461105,-0.07,-0.01742010288720059
5.162183046340942,5,-0.04594914703903801,-0.03882901373576604,-0.06
5.1762824058532715,0,-0.06856398382813017,0.03882901373576604,-0.015268217758597734
5.1762824058532715,1,0.010320463224481102,0.07,-0.06
5.1762824058532715,2,0.04792305737916796,0.03882901373576604,-0.015268217758597734
5.1762824058532715,3,0.06856398382813017,-0.03882901373576604,-0.06
5.1762824058532715,4,-0.010320463224481102,-0.07,-0.015268217758597734
5.1762824058532715,5,-0.04792305737916796,-0.03882901373576604,-0.06
5.191928148269653,0,-0.06637357988051112,0.03882901373576604,-0.013291602186621364
5.191928148269653,1,0.008130059276862056,0.07,-0.06
5.191928148269653,2,0.050113461326787005,0.03882901373576604,-0.013291602186621364
5.191928148269653,3,0.06637357988051112,-0.03882901373576604,-0.06
5.191928148269653,4,-0.008130059276862056,-0.07,-0.013291602186621364
5.191928148269653,5,-0.050113461326787005,-0.03882901373576604,-0.06
5.20594334602356,0,-0.06441145218661054,0.03882901373576604,-0.01190347685141209
5.20594334602356,1,0.006167931582961472,0.07,-0.06
5.20594334602356,2,0.05207558902068759,0.03882901373576604,-0.01190347685141209
5.20594334602356,3,0.06441145218661054,-0.03882901373576604,-0.06
5.20594334602356,4,-0.006167931582961472,-0.07,-0.01190347685141209
5.20594334602356,5,-0.05207558902068759,-0.03882901373576604,-0.06
5.223089218139648,0,-0.062011030080138356,0.03882901373576604,-0.010713045068819572
5.223089218139648,1,0.0037675094764892947,0.07,-0.06
5.223089218139648,2,0.05447601112715977,0.03882901373576604,-0.010713045068819572
5.223089218139648,3,0.062011030080138356,-0.03882901373576604,-0.06
5.223089218139648,4,-0.0037675094764892947,-0.07,-0.010713045068819572
5.223089218139648,5,-0.05447601112715977,-0.03882901373576604,-0.06
5.239103078842163,0,-0.0597690895722413,0.03882901373576604,-0.010117148017661788
5.239103078842163,1,0.0015255689685922391,0.07,-0.06
5.239103078842163,2,0.05671795163505682,0.03882901373576604,-0.010117148017661788
5.239103078842163,3,0.0597690895722413,-0.03882901373576604,-0.06
5.239103078842163,4,-0.0015255689685922391,-0.07,-0.010117148017661788
5.239103078842163,5,-0.05671795163505682,-0.03882901373576604,-0.06
5.254074811935425,0,-0.05767304693026081,0.03882901373576604,-0.010016385942282484
5.254074811935425,1,-0.0005704736733882498,0.07,-0.06
5.254074811935425,2,0.05881399427703731,0.03882901373576604,-0.010016385942282484
5.254074811935425,3,0.05767304693026081,-0.03882901373576604,-0.06
5.254074811935425,4,0.0005704736733882498,-0.07,-0.010016385942282484
5.254074811935425,5,-0.05881399427703731,-0.03882901373576604,-0.06
5.271180152893066,0,-0.05527829918599541,0.03882901373576604,-0.010442095568526231
5.271180152893066,1,-0.0029652214176536518,0.07,-0.06
5.271180152893066,2,0.06120874202130271,0.03882901373576604,-0.010442095568526231
5.271180152893066,3,0.05527829918599541,-0.03882901373576604,-0.06
5.271180152893066,4,0.0029652214176536518,-0.07,-0.010442095568526231
5.271180152893066,5,-0.06120874202130271,-0.03882901373576604,-0.06
5.292008638381958,0,-0.05236231120513584,0.03882901373576604,-0.011731625289093009
5.292008638381958,1,-0.005881209398513221,0.07,-0.06
5.292008638381958,2,0.06412473000216229,0.03882901373576604,-0.011731625289093009
5.292008638381958,3,0.05236231120513584,-0.03882901373576604,-0.06
5.292008638381958,4,0.005881209398513221,-0.07,-0.011731625289093009
5.292008638381958,5,-0.06412473000216229,-0.03882901373576604,-0.06
5.3143744468688965,0,-0.04923109800363339,0.03882901373576604,-0.014034573862295056
5.3143744468688965,1,-0.009012422600015668,0.07,-0.06
5.3143744468688965,2,0.06725594320366474,0.03882901373576604,-0.014034573862295056
5.3143744468688965,3,0.04923109800363339,-0.03882901373576604,-0.06
5.3143744468688965,4,0.009012422600015668,-0.07,-0.014034573862295056
5.3143744468688965,5,-0.06725594320366474,-0.03882901373576604,-0.06
5.3300461769104,0,-0.04703705578848177,0.03882901373576604,-0.016191655943524626
5.3300461769104,1,-0.011206464815167294,0.07,-0.06
5.3300461769104,2,0.06944998541881636,0.03882901373576604,-0.016191655943524626
5.3300461769104,3,0.04703705578848177,-0.03882901373576604,-0.06
5.3300461769104,4,0.011206464815167294,-0.07,-0.016191655943524626
5.3300461769104,5,-0.06944998541881636,-0.03882901373576604,-0.06
5.344061374664307,0,-0.04507492809458118,0.03882901373576604,-0.018480944861536612
5.344061374664307,1,-0.013168592509067878,0.07,-0.06
5.344061374664307,2,0.07141211311271695,0.03882901373576604,-0.018480944861536612
5.344061374664307,3,0.04507492809458118,-0.03882901373576604,-0.06
5.344061374664307,4,0.013168592509067878,-0.07,-0.018480944861536612
5.344061374664307,5,-0.07141211311271695,-0.03882901373576604,-0.06
5.362257957458496,0,-0.04252740649254865,0.03882901373576604,-0.021930361169717888
5.362257957458496,1,-0.01571611411110041,0.07,-0.06
5.362257957458496,2,0.07395963471474948,0.03882901373576604,-0.021930361169717888
5.362257957458496,3,0.04252740649254865,-0.03882901373576604,-0.06
5.362257957458496,4,0.01571611411110041,-0.07,-0.021930361169717888
5.362257957458496,5,-0.07395963471474948,-0.03882901373576604,-0.06
5.378399133682251,0,-0.04026764181160208,0.03882901373576604,-0.02540776382361947
5.378399133682251,1,-0.017975878792046984,0.07,-0.06
5.378399133682251,2,0.07621939939569605,0.03882901373576604,-0.02540776382361947
5.378399133682251,3,0.04026764181160208,-0.03882901373576604,-0.06
5.378399133682251,4,0.017975878792046984,-0.07,-0.02540776382361947
5.378399133682251,5,-0.07621939939569605,-0.03882901373576604,-0.06
5.3920183181762695,0,-0.03836095597432181,0.03882901373576604,-0.02861991158989278
5.3920183181762695,1,-0.01988256462932725,0.07,-0.06
5.3920183181762695,2,0.07812608523297632,0.03882901373576604,-0.02861991158989278
5.3920183181762695,3,0.03836095597432181,-0.03882901373576604,-0.06
5.3920183181762695,4,0.01988256462932725,-0.07,-0.02861991158989278
5.3920183181762695,5,-0.07812608523297632,-0.03882901373576604,-0.06
5.4072301387786865,0,-0.03623130108091648,0.03882901373576604,-0.03247803893605196
5.4072301387786865,1,-0.02201221952273258,0.07,-0.06
5.4072301387786865,2,0.08025574012638165,0.03882901373576604,-0.03247803893605196
5.4072301387786865,3,0.03623130108091648,-0.03882901373576604,-0.06
5.4072301387786865,4,0.02201221952273258,-0.07,-0.03247803893605196
5.4072301387786865,5,-0.08025574012638165,-0.03882901373576604,-0.06
5.422887086868286,0,-0.03403932833904027,0.03882901373576604,-0.03671105005428556
5.422887086868286,1,-0.024204192264608793,0.07,-0.06
5.422887086868286,2,0.08244771286825786,0.03882901373576604,-0.03671105005428556
5.422887086868286,3,0.03403932833904027,-0.03882901373576604,-0.06
5.422887086868286,4,0.024204192264608793,-0.07,-0.03671105005428556
5.422887086868286,5,-0.08244771286825786,-0.03882901373576604,-0.06
5.439381837844849,0,-0.03173006319248988,0.03882901373576604,-0.04141334751175034
5.439381837844849,1,-0.02651345741115918,0.07,-0.06
5.439381837844849,2,0.08475697801480825,0.03882901373576604,-0.04141334751175034
5.439381837844849,3,0.03173006319248988,-0.03882901373576604,-0.06
5.439381837844849,4,0.02651345741115918,-0.07,-0.04141334751175034
5.439381837844849,5,-0.08475697801480825,-0.03882901373576604,-0.06
5.455142259597778,0,-0.02952360413768578,0.03882901373576604,-0.0460933676669887
5.455142259597778,1,-0.02871991646596328,0.07,-0.06
5.455142259597778,2,0.08696343706961235,0.03882901373576604,-0.0460933676669887
5.455142259597778,3,0.02952360413768578,-0.03882901373576604,-0.06
5.455142259597778,4,0.02871991646596328,-0.07,-0.0460933676669887
5.455142259597778,5,-0.08696343706961235,-0.03882901373576604,-0.06
5.471493244171143,0,-0.02723446628766884,0.03882901373576604,-0.051092146893915565
5.471493244171143,1,-0.031009054315980222,0.07,-0.06
5.471493244171143,2,0.08925257491962929,0.03882901373576604,-0.051092146893915565
5.471493244171143,3,0.02723446628766884,-0.03882901373576604,-0.06
5.471493244171143,4,0.031009054315980222,-0.07,-0.051092146893915565
5.471493244171143,5,-0.08925257491962929,-0.03882901373576604,-0.06
5.484342813491821,0,-0.02543552657511488,0.03882901373576604,-0.05508908001141715
5.484342813491821,1,-0.03280799402853418,0.07,-0.06
5.484342813491821,2,0.09105151463218325,0.03882901373576604,-0.05508908001141715
5.484342813491821,3,0.02543552657511488,-0.03882901373576604,-0.06
5.484342813491821,4,0.03280799402853418,-0.07,-0.05508908001141715
5.484342813491821,5,-0.09105151463218325,-0.03882901373576604,-0.06
5.4928436279296875,0,-0.02424541254874673,0.03882901373576604,-0.057752516892674376
5.4928436279296875,1,-0.03399810805490233,0.07,-0.06
5.4928436279296875,2,0.0922416286585514,0.03882901373576604,-0.057752516892674376
5.4928436279296875,3,0.02424541254874673,-0.03882901373576604,-0.06
5.4928436279296875,4,0.03399810805490233,-0.07,-0.057752516892674376
5.4928436279296875,5,-0.0922416286585514,-0.03882901373576604,-0.06
5.516194581985474,0,-0.02551076194225648,0.03882901373576604,-0.06
5.516194581985474,1,-0.03273275866139258,0.07,-0.05492109685664865
5.516194581985474,2,0.09097627926504165,0.03882901373576604,-0.06
5.516194581985474,3,0.02551076194225648,-0.03882901373576604,-0.05492109685664865
5.516194581985474,4,0.03273275866139258,-0.07,-0.06
5.516194581985474,5,-0.09097627926504165,-0.03882901373576604,-0.05492109685664865
5.531343460083008,0,-0.0276316048849407,0.03882901373576604,-0.06
5.531343460083008,1,-0.03061191571870836,0.07,-0.050216688256026626
5.531343460083008,2,0.08885543632235743,0.03882901373576604,-0.06
5.531343460083008,3,0.0276316048849407,-0.03882901373576604,-0.050216688256026626
5.531343460083008,4,0.03061191571870836,-0.07,-0.06
5.531343460083008,5,-0.08885543632235743,-0.03882901373576604,-0.050216688256026626
5.5496439933776855,0,-0.030193679557103552,0.03882901373576604,-0.06
5.5496439933776855,1,-0.02804984104654551,0.07,-0.044655557421924646
5.5496439933776855,2,0.08629336165019458,0.03882901373576604,-0.06
5.5496439933776855,3,0.030193679557103552,-0.03882901373576604,-0.044655557421924646
5.5496439933776855,4,0.02804984104654551,-0.07,-0.06
5.5496439933776855,5,-0.08629336165019458,-0.03882901373576604,-0.044655557421924646
5.577699661254883,0,-0.03412147307663365,0.03882901373576604,-0.06
5.577699661254883,1,-0.02412204752701541,0.07,-0.03654809278069898
5.577699661254883,2,0.08236556813066448,0.03882901373576604,-0.06
5.577699661254883,3,0.03412147307663365,-0.03882901373576604,-0.03654809278069898
5.577699661254883,4,0.02412204752701541,-0.07,-0.06
5.577699661254883,5,-0.08236556813066448,-0.03882901373576604,-0.03654809278069898
5.591340065002441,0,-0.03603112960942217,0.03882901373576604,-0.06
5.591340065002441,1,-0.022212390994226894,0.07,-0.032854156865071954
5.591340065002441,2,0.08045591159787596,0.03882901373576604,-0.06
5.591340065002441,3,0.03603112960942217,-0.03882901373576604,-0.032854156865071954
5.591340065002441,4,0.022212390994226894,-0.07,-0.06
5.591340065002441,5,-0.08045591159787596,-0.03882901373576604,-0.032854156865071954
5.608227491378784,0,-0.038395369312175846,0.03882901373576604,-0.06
5.608227491378784,1,-0.019848151291473215,0.07,-0.028559827994793938
5.608227491378784,2,0.07809167189512228,0.03882901373576604,-0.06
5.608227491378784,3,0.038395369312175846,-0.03882901373576604,-0.028559827994793938
5.608227491378784,4,0.019848151291473215,-0.07,-0.06
5.608227491378784,5,-0.07809167189512228,-0.03882901373576604,-0.028559827994793938
5.623366594314575,0,-0.0405148437322102,0.03882901373576604,-0.06
5.623366594314575,1,-0.017728676871438864,0.07,-0.025009367516540558
5.623366594314575,2,0.07597219747508793,0.03882901373576604,-0.06
5.623366594314575,3,0.0405148437322102,-0.03882901373576604,-0.025009367516540558
5.623366594314575,4,0.017728676871438864,-0.07,-0.06
5.623366594314575,5,-0.07597219747508793,-0.03882901373576604,-0.025009367516540558
5.638881683349609,0,-0.042686956206362696,0.03882901373576604,-0.06
5.638881683349609,1,-0.015556564397286365,0.07,-0.021699232382487554
5.638881683349609,2,0.07380008500093543,0.03882901373576604,-0.06
5.638881683349609,3,0.042686956206362696,-0.03882901373576604,-0.021699232382487554
5.638881683349609,4,0.015556564397286365,-0.07,-0.06
5.638881683349609,5,-0.07380008500093543,-0.03882901373576604,-0.021699232382487554
5.652892351150513,0,-0.04464844970684017,0.03882901373576604,-0.06
5.652892351150513,1,-0.013595070896808892,0.07,-0.019021762314909228
5.652892351150513,2,0.07183859150045796,0.03882901373576604,-0.06
5.652892351150513,3,0.04464844970684017,-0.03882901373576604,-0.019021762314909228
5.652892351150513,4,0.013595070896808892,-0.07,-0.06
5.652892351150513,5,-0.07183859150045796,-0.03882901373576604,-0.019021762314909228
5.669236421585083,0,-0.04693661957742184,0.03882901373576604,-0.06
5.669236421585083,1,-0.011306901026227223,0.07,-0.016300734765129977
5.669236421585083,2,0.06955042162987629,0.03882901373576604,-0.06
5.669236421585083,3,0.04693661957742184,-0.03882901373576604,-0.016300734765129977
5.669236421585083,4,0.011306901026227223,-0.07,-0.06
5.669236421585083,5,-0.06955042162987629,-0.03882901373576604,-0.016300734765129977
5.682864189147949,0,-0.04884450704434589,0.03882901373576604,-0.06
5.682864189147949,1,-0.009399013559303171,0.07,-0.014382872081148905
5.682864189147949,2,0.06764253416295224,0.03882901373576604,-0.06
5.682864189147949,3,0.04884450704434589,-0.03882901373576604,-0.014382872081148905
5.682864189147949,4,0.009399013559303171,-0.07,-0.06
5.682864189147949,5,-0.06764253416295224,-0.03882901373576604,-0.014382872081148905
5.698165416717529,0,-0.050986678913207344,0.03882901373576604,-0.06
5.698165416717529,1,-0.007256841690441718,0.07,-0.012628431085626765
5.698165416717529,2,0.06550036229409079,0.03882901373576604,-0.06
5.698165416717529,3,0.050986678913207344,-0.03882901373576604,-0.012628431085626765
5.698165416717529,4,0.007256841690441718,-0.07,-0.06
5.698165416717529,5,-0.06550036229409079,-0.03882901373576604,-0.012628431085626765
5.716274738311768,0,-0.0535219839471947,0.03882901373576604,-0.06
5.716274738311768,1,-0.0047215366564543615,0.07,-0.011118367235770817
5.716274738311768,2,0.06296505726010343,0.03882901373576604,-0.06
5.716274738311768,3,0.0535219839471947,-0.03882901373576604,-0.011118367235770817
5.716274738311768,4,0.0047215366564543615,-0.07,-0.06
5.716274738311768,5,-0.06296505726010343,-0.03882901373576604,-0.011118367235770817
5.723404169082642,0,-0.054520104259366535,0.03882901373576604,-0.06
5.723404169082642,1,-0.0037234163442825263,0.07,-0.010696491072020795
5.723404169082642,2,0.06196693694793159,0.03882901373576604,-0.06
5.723404169082642,3,0.054520104259366535,-0.03882901373576604,-0.010696491072020795
5.723404169082642,4,0.0037234163442825263,-0.07,-0.06
5.723404169082642,5,-0.06196693694793159,-0.03882901373576604,-0.010696491072020795
5.745248317718506,0,-0.05757828508140766,0.03882901373576604,-0.06
5.745248317718506,1,-0.000665235522241403,0.07,-0.01002228167106041
5.745248317718506,2,0.058908756125890464,0.03882901373576604,-0.06
5.745248317718506,3,0.05757828508140766,-0.03882901373576604,-0.01002228167106041
5.745248317718506,4,0.000665235522241403,-0.07,-0.06
5.745248317718506,5,-0.058908756125890464,-0.03882901373576604,-0.01002228167106041
5.760920763015747,0,-0.05977242743236293,0.03882901373576604,-0.06
5.760920763015747,1,0.0015289068287138718,0.07,-0.010117661007058583
5.760920763015747,2,0.05671461377493519,0.03882901373576604,-0.06
5.760920763015747,3,0.05977242743236293,-0.03882901373576604,-0.010117661007058583
5.760920763015747,4,-0.0015289068287138718,-0.07,-0.06
5.760920763015747,5,-0.05671461377493519,-0.03882901373576604,-0.010117661007058583
5.77998685836792,0,-0.06244168079303141,0.03882901373576604,-0.06
5.77998685836792,1,0.0041981601893823495,0.07,-0.01088486328309829
5.77998685836792,2,0.05404536041426671,0.03882901373576604,-0.06
5.77998685836792,3,0.06244168079303141,-0.03882901373576604,-0.01088486328309829
5.77998685836792,4,-0.0041981601893823495,-0.07,-0.06
5.77998685836792,5,-0.05404536041426671,-0.03882901373576604,-0.01088486328309829
5.810655355453491,0,-0.06673527040329125,0.03882901373576604,-0.06
5.810655355453491,1,0.008491749799642179,0.07,-0.013587360609741854
5.810655355453491,2,0.04975177080400688,0.03882901373576604,-0.06
5.810655355453491,3,0.06673527040329125,-0.03882901373576604,-0.013587360609741854
5.810655355453491,4,-0.008491749799642179,-0.07,-0.06
5.810655355453491,5,-0.04975177080400688,-0.03882901373576604,-0.013587360609741854
5.844280242919922,0,-0.07144275466863353,0.03882901373576604,-0.06
5.844280242919922,1,0.013199234064984466,0.07,-0.01851929661385742
5.844280242919922,2,0.045044286538664595,0.03882901373576604,-0.06
5.844280242919922,3,0.07144275466863353,-0.03882901373576604,-0.01851929661385742
5.844280242919922,4,-0.013199234064984466,-0.07,-0.06
5.844280242919922,5,-0.045044286538664595,-0.03882901373576604,-0.01851929661385742
5.872878789901733,0,-0.07544655126313321,0.03882901373576604,-0.06
5.872878789901733,1,0.017203030659484142,0.07,-0.024176600065687753
5.872878789901733,2,0.04104048994416492,0.03882901373576604,-0.06
5.872878789901733,3,0.07544655126313321,-0.03882901373576604,-0.024176600065687753
5.872878789901733,4,-0.017203030659484142,-0.07,-0.06
5.872878789901733,5,-0.04104048994416492,-0.03882901373576604,-0.024176600065687753
5.886535882949829,0,-0.07735854429800687,0.03882901373576604,-0.06
5.886535882949829,1,0.019115023694357802,0.07,-0.027297877754746062
5.886535882949829,2,0.03912849690929126,0.03882901373576604,-0.06
5.886535882949829,3,0.07735854429800687,-0.03882901373576604,-0.027297877754746062
5.886535882949829,4,-0.019115023694357802,-0.07,-0.06
5.886535882949829,5,-0.03912849690929126,-0.03882901373576604,-0.027297877754746062
5.90304160118103,0,-0.07966934486021321,0.03882901373576604,-0.06
5.90304160118103,1,0.02142582425656414,0.07,-0.03138911055078286
5.90304160118103,2,0.03681769634708492,0.03882901373576604,-0.06
5.90304160118103,3,0.07966934486021321,-0.03882901373576604,-0.03138911055078286
5.90304160118103,4,-0.02142582425656414,-0.07,-0.06
5.90304160118103,5,-0.03681769634708492,-0.03882901373576604,-0.03138911055078286
5.930352449417114,0,-0.0834928636295435,0.03882901373576604,-0.06
5.930352449417114,1,0.025249343025894433,0.07,-0.03881127442653949
5.930352449417114,2,0.03299417757775463,0.03882901373576604,-0.06
5.930352449417114,3,0.0834928636295435,-0.03882901373576604,-0.03881127442653949
5.930352449417114,4,-0.025249343025894433,-0.07,-0.06
5.930352449417114,5,-0.03299417757775463,-0.03882901373576604,-0.03881127442653949
5.946521759033203,0,-0.0857565669854336,0.03882901373576604,-0.06
5.946521759033203,1,0.027513046381784534,0.07,-0.04351368237757046
5.946521759033203,2,0.030730474221864527,0.03882901373576604,-0.06
5.946521759033203,3,0.0857565669854336,-0.03882901373576604,-0.04351368237757046
5.946521759033203,4,-0.027513046381784534,-0.07,-0.06
5.946521759033203,5,-0.030730474221864527,-0.03882901373576604,-0.04351368237757046
5.9622015953063965,0,-0.08795174407302658,0.03882901373576604,-0.06
5.9622015953063965,1,0.029708223469377515,0.07,-0.0482365958281684
5.9622015953063965,2,0.028535297134271546,0.03882901373576604,-0.06
5.9622015953063965,3,0.08795174407302658,-0.03882901373576604,-0.0482365958281684
5.9622015953063965,4,-0.029708223469377515,-0.07,-0.06
5.9622015953063965,5,-0.028535297134271546,-0.03882901373576604,-0.0482365958281684
5.979216575622559,0,-0.090333841327431,0.03882901373576604,-0.06
5.979216575622559,1,0.03209032072378193,0.07,-0.053489235834424984
5.979216575622559,2,0.026153199879867133,0.03882901373576604,-0.06
5.979216575622559,3,0.090333841327431,-0.03882901373576604,-0.053489235834424984
5.979216575622559,4,-0.03209032072378193,-0.07,-0.06
5.979216575622559,5,-0.026153199879867133,-0.03882901373576604,-0.053489235834424984
6.008249759674072,0,-0.09208855439337332,0.03882901373576604,-0.05740942196605176
6.008249759674072,1,0.033845033789724255,0.07,-0.06
6.008249759674072,2,0.024398486813924807,0.03882901373576604,-0.05740942196605176
6.008249759674072,3,0.09208855439337332,-0.03882901373576604,-0.06
6.008249759674072,4,-0.033845033789724255,-0.07,-0.05740942196605176
6.008249759674072,5,-0.024398486813924807,-0.03882901373576604,-0.06
6.023421049118042,0,-0.08996457386217477,0.03882901373576604,-0.05266858846623017
6.023421049118042,1,0.0317210532585257,0.07,-0.06
6.023421049118042,2,0.02652246734512336,0.03882901373576604,-0.05266858846623017
6.023421049118042,3,0.08996457386217477,-0.03882901373576604,-0.06
6.023421049118042,4,-0.0317210532585257,-0.07,-0.05266858846623017
6.023421049118042,5,-0.02652246734512336,-0.03882901373576604,-0.06
6.039934158325195,0,-0.08765273856333072,0.03882901373576604,-0.04758554144227174
6.039934158325195,1,0.029409217959681655,0.07,-0.06
6.039934158325195,2,0.028834302643967406,0.03882901373576604,-0.04758554144227174
6.039934158325195,3,0.08765273856333072,-0.03882901373576604,-0.06
6.039934158325195,4,-0.029409217959681655,-0.07,-0.04758554144227174
6.039934158325195,5,-0.028834302643967406,-0.03882901373576604,-0.06
6.055221796035767,0,-0.0855124692747386,0.03882901373576604,-0.04299756030778455
6.055221796035767,1,0.027268948671089532,0.07,-0.06
6.055221796035767,2,0.03097457193255953,0.03882901373576604,-0.04299756030778455
6.055221796035767,3,0.0855124692747386,-0.03882901373576604,-0.06
6.055221796035767,4,-0.027268948671089532,-0.07,-0.04299756030778455
6.055221796035767,5,-0.03097457193255953,-0.03882901373576604,-0.06
6.070945501327515,0,-0.08331115052452182,0.03882901373576604,-0.038442644331879966
6.070945501327515,1,0.025067629920872747,0.07,-0.06
6.070945501327515,2,0.033175890682776314,0.03882901373576604,-0.038442644331879966
6.070945501327515,3,0.08331115052452182,-0.03882901373576604,-0.06
6.070945501327515,4,-0.025067629920872747,-0.07,-0.038442644331879966
6.070945501327515,5,-0.033175890682776314,-0.03882901373576604,-0.06
6.099086761474609,0,-0.07937137408715506,0.03882901373576604,-0.030843328371500677
6.099086761474609,1,0.021127853483505987,0.07,-0.06
6.099086761474609,2,0.037115667120143074,0.03882901373576604,-0.030843328371500677
6.099086761474609,3,0.07937137408715506,-0.03882901373576604,-0.06
6.099086761474609,4,-0.021127853483505987,-0.07,-0.030843328371500677
6.099086761474609,5,-0.037115667120143074,-0.03882901373576604,-0.06
6.115137100219727,0,-0.0771243266532719,0.03882901373576604,-0.026902110250711958
6.115137100219727,1,0.018880806049622834,0.07,-0.06
6.115137100219727,2,0.03936271455402623,0.03882901373576604,-0.026902110250711958
6.115137100219727,3,0.0771243266532719,-0.03882901373576604,-0.06
6.115137100219727,4,-0.018880806049622834,-0.07,-0.026902110250711958
6.115137100219727,5,-0.03936271455402623,-0.03882901373576604,-0.06
6.130416393280029,0,-0.07498522561572235,0.03882901373576604,-0.0234621447165429
6.130416393280029,1,0.016741705012073282,0.07,-0.06
6.130416393280029,2,0.04150181559157578,0.03882901373576604,-0.0234621447165429
6.130416393280029,3,0.07498522561572235,-0.03882901373576604,-0.06
6.130416393280029,4,-0.016741705012073282,-0.07,-0.0234621447165429
6.130416393280029,5,-0.04150181559157578,-0.03882901373576604,-0.06
6.147141218185425,0,-0.07264375011899821,0.03882901373576604,-0.020083544164440435
6.147141218185425,1,0.014400229515349139,0.07,-0.06
6.147141218185425,2,0.04384329108829992,0.03882901373576604,-0.020083544164440435
6.147141218185425,3,0.07264375011899821,-0.03882901373576604,-0.06
6.147141218185425,4,-0.014400229515349139,-0.07,-0.020083544164440435
6.147141218185425,5,-0.04384329108829992,-0.03882901373576604,-0.06
6.165386915206909,0,-0.07008935252511511,0.03882901373576604,-0.016901149734465833
6.165386915206909,1,0.011845831921466043,0.07,-0.06
6.165386915206909,2,0.04639768868218302,0.03882901373576604,-0.016901149734465833
6.165386915206909,3,0.07008935252511511,-0.03882901373576604,-0.06
6.165386915206909,4,-0.011845831921466043,-0.07,-0.016901149734465833
6.165386915206909,5,-0.04639768868218302,-0.03882901373576604,-0.06
6.192898511886597,0,-0.06623772897356067,0.03882901373576604,-0.013183690721606293
6.192898511886597,1,0.007994208369911604,0.07,-0.06
6.192898511886597,2,0.05024931223373746,0.03882901373576604,-0.013183690721606293
6.192898511886597,3,0.06623772897356067,-0.03882901373576604,-0.06
6.192898511886597,4,-0.007994208369911604,-0.07,-0.013183690721606293
6.192898511886597,5,-0.05024931223373746,-0.03882901373576604,-0.06
6.210600137710571,0,-0.06375950134765324,0.03882901373576604,-0.011524297934661074
6.210600137710571,1,0.0055159807440041675,0.07,-0.06
6.210600137710571,2,0.052727539859644894,0.03882901373576604,-0.011524297934661074
6.210600137710571,3,0.06375950134765324,-0.03882901373576604,-0.06
6.210600137710571,4,-0.0055159807440041675,-0.07,-0.011524297934661074
6.210600137710571,5,-0.052727539859644894,-0.03882901373576604,-0.06
6.227618455886841,0,-0.061376936792831786,0.03882901373576604,-0.010493586587148052
6.227618455886841,1,0.003133416189182725,0.07,-0.06
6.227618455886841,2,0.055110104414466336,0.03882901373576604,-0.010493586587148052
6.227618455886841,3,0.061376936792831786,-0.03882901373576604,-0.06
6.227618455886841,4,-0.003133416189182725,-0.07,-0.010493586587148052
6.227618455886841,5,-0.055110104414466336,-0.03882901373576604,-0.06
6.257099866867065,0,-0.05724953923802805,0.03882901373576604,-0.010049741815720298
6.257099866867065,1,-0.0009939813656210106,0.07,-0.06
6.257099866867065,2,0.05923750196927007,0.03882901373576604,-0.010049741815720298
6.257099866867065,3,0.05724953923802805,-0.03882901373576604,-0.06
6.257099866867065,4,0.0009939813656210106,-0.07,-0.010049741815720298
6.257099866867065,5,-0.05923750196927007,-0.03882901373576604,-0.06
6.2734010219573975,0,-0.05496737751566532,0.03882901373576604,-0.010539493545063963
6.2734010219573975,1,-0.0032761430879837405,0.07,-0.06
6.2734010219573975,2,0.0615196636916328,0.03882901373576604,-0.010539493545063963
6.2734010219573975,3,0.05496737751566532,-0.03882901373576604,-0.06
6.2734010219573975,4,0.0032761430879837405,-0.07,-0.010539493545063963
6.2734010219573975,5,-0.0615196636916328,-0.03882901373576604,-0.06
6.289916276931763,0,-0.05265524180941033,0.03882901373576604,-0.011564306787605907
6.289916276931763,1,-0.005588278794238732,0.07,-0.06
6.289916276931763,2,0.0638317993978878,0.03882901373576604,-0.011564306787605907
6.289916276931763,3,0.05265524180941033,-0.03882901373576604,-0.06
6.289916276931763,4,0.005588278794238732,-0.07,-0.011564306787605907
6.289916276931763,5,-0.0638317993978878,-0.03882901373576604,-0.06
6.315957069396973,0,-0.04900953084875941,0.03882901373576604,-0.014232508333941248
6.315957069396973,1,-0.009233989754889649,0.07,-0.06
6.315957069396973,2,0.06747751035853872,0.03882901373576604,-0.014232508333941248
6.315957069396973,3,0.04900953084875941,-0.03882901373576604,-0.06
6.315957069396973,4,0.009233989754889649,-0.07,-0.014232508333941248
6.315957069396973,5,-0.06747751035853872,-0.03882901373576604,-0.06
6.334113597869873,0,-0.046467616851731224,0.03882901373576604,-0.016821812714387104
6.334113597869873,1,-0.011775903751917838,0.07,-0.06
6.334113597869873,2,0.0700194243555669,0.03882901373576604,-0.016821812714387104
6.334113597869873,3,0.046467616851731224,-0.03882901373576604,-0.06
6.334113597869873,4,0.011775903751917838,-0.07,-0.016821812714387104
6.334113597869873,5,-0.0700194243555669,-0.03882901373576604,-0.06
6.349620819091797,0,-0.04429660587141886,0.03882901373576604,-0.01947924568830329
6.349620819091797,1,-0.013946914732230198,0.07,-0.06
6.349620819091797,2,0.07219043533587927,0.03882901373576604,-0.01947924568830329
6.349620819091797,3,0.04429660587141886,-0.03882901373576604,-0.06
6.349620819091797,4,0.013946914732230198,-0.07,-0.01947924568830329
6.349620819091797,5,-0.07219043533587927,-0.03882901373576604,-0.06
6.364126920700073,0,-0.04226575163761386,0.03882901373576604,-0.022313622640486475
6.364126920700073,1,-0.0159777689660352,0.07,-0.06
6.364126920700073,2,0.07422128956968427,0.03882901373576604,-0.022313622640486475
6.364126920700073,3,0.04226575163761386,-0.03882901373576604,-0.06
6.364126920700073,4,0.0159777689660352,-0.07,-0.022313622640486475
6.364126920700073,5,-0.07422128956968427,-0.03882901373576604,-0.06
6.379410743713379,0,-0.0401260164066412,0.03882901373576604,-0.025637932183549497
6.379410743713379,1,-0.01811750419700786,0.07,-0.06
6.379410743713379,2,0.07636102480065693,0.03882901373576604,-0.025637932183549497
6.379410743713379,3,0.0401260164066412,-0.03882901373576604,-0.06
6.379410743713379,4,0.01811750419700786,-0.07,-0.025637932183549497
6.379410743713379,5,-0.07636102480065693,-0.03882901373576604,-0.06
6.396397829055786,0,-0.0377478244485791,0.03882901373576604,-0.029702813778718917
6.396397829055786,1,-0.020495696155069965,0.07,-0.06
6.396397829055786,2,0.07873921675871903,0.03882901373576604,-0.029702813778718917
6.396397829055786,3,0.0377478244485791,-0.03882901373576604,-0.06
6.396397829055786,4,0.020495696155069965,-0.07,-0.029702813778718917
6.396397829055786,5,-0.07873921675871903,-0.03882901373576604,-0.06
6.4106080532073975,0,-0.03575839305888356,0.03882901373576604,-0.033370143194350145
6.4106080532073975,1,-0.022485127544765504,0.07,-0.06
6.4106080532073975,2,0.08072864814841457,0.03882901373576604,-0.033370143194350145
6.4106080532073975,3,0.03575839305888356,-0.03882901373576604,-0.06
6.4106080532073975,4,0.022485127544765504,-0.07,-0.033370143194350145
6.4106080532073975,5,-0.08072864814841457,-0.03882901373576604,-0.06
6.428539752960205,0,-0.033247955082802365,0.03882901373576604,-0.03829684744097529
6.428539752960205,1,-0.024995565520846696,0.07,-0.06
6.428539752960205,2,0.08323908612449576,0.03882901373576604,-0.03829684744097529
6.428539752960205,3,0.033247955082802365,-0.03882901373576604,-0.06
6.428539752960205,4,0.024995565520846696,-0.07,-0.03829684744097529
6.428539752960205,5,-0.08323908612449576,-0.03882901373576604,-0.06
6.45727014541626,0,-0.02922570012183006,0.03882901373576604,-0.04673670948297082
6.45727014541626,1,-0.029017820481819,0.07,-0.06
6.45727014541626,2,0.08726134108546807,0.03882901373576604,-0.04673670948297082
6.45727014541626,3,0.02922570012183006,-0.03882901373576604,-0.06
6.45727014541626,4,0.029017820481819,-0.07,-0.04673670948297082
6.45727014541626,5,-0.08726134108546807,-0.03882901373576604,-0.06
6.473968505859375,0,-0.02688792964984093,0.03882901373576604,-0.05185837933374363
6.473968505859375,1,-0.03135559095380813,0.07,-0.06
6.473968505859375,2,0.0895991115574572,0.03882901373576604,-0.05185837933374363
6.473968505859375,3,0.02688792964984093,-0.03882901373576604,-0.06
6.473968505859375,4,0.03135559095380813,-0.07,-0.05185837933374363
6.473968505859375,5,-0.0895991115574572,-0.03882901373576604,-0.06
6.5041491985321045,0,-0.023824408251605193,0.03882901373576604,-0.06
6.5041491985321045,1,-0.03441911235204387,0.07,-0.05869663846885445
6.5041491985321045,2,0.09266263295569294,0.03882901373576604,-0.06
6.5041491985321045,3,0.023824408251605193,-0.03882901373576604,-0.05869663846885445
6.5041491985321045,4,0.03441911235204387,-0.07,-0.06
6.5041491985321045,5,-0.09266263295569294,-0.03882901373576604,-0.05869663846885445
6.518273591995239,0,-0.025801823344862855,0.03882901373576604,-0.06
6.518273591995239,1,-0.032441697258786206,0.07,-0.05427178670742435
6.518273591995239,2,0.09068521786243527,0.03882901373576604,-0.06
6.518273591995239,3,0.025801823344862855,-0.03882901373576604,-0.05427178670742435
6.518273591995239,4,0.032441697258786206,-0.07,-0.06
6.518273591995239,5,-0.09068521786243527,-0.03882901373576604,-0.05427178670742435
6.532893180847168,0,-0.02784856579284683,0.03882901373576604,-0.06
6.532893180847168,1,-0.030394954810802233,0.07,-0.04973971116419552
6.532893180847168,2,0.0886384754144513,0.03882901373576604,-0.06
6.532893180847168,3,0.02784856579284683,-0.03882901373576604,-0.04973971116419552
6.532893180847168,4,0.030394954810802233,-0.07,-0.06
6.532893180847168,5,-0.0886384754144513,-0.03882901373576604,-0.04973971116419552
6.549169301986694,0,-0.030127222762081844,0.03882901373576604,-0.06
6.549169301986694,1,-0.028116297841567217,0.07,-0.044797558011114263
6.549169301986694,2,0.08635981844521629,0.03882901373576604,-0.06
6.549169301986694,3,0.030127222762081844,-0.03882901373576604,-0.044797558011114263
6.549169301986694,4,0.028116297841567217,-0.07,-0.06
6.549169301986694,5,-0.08635981844521629,-0.03882901373576604,-0.044797558011114263
6.563181638717651,0,-0.03208894991276783,0.03882901373576604,-0.06
6.563181638717651,1,-0.02615457069088123,0.07,-0.04066816174197267
6.563181638717651,2,0.0843980912945303,0.03882901373576604,-0.06
6.563181638717651,3,0.03208894991276783,-0.03882901373576604,-0.04066816174197267
6.563181638717651,4,0.02615457069088123,-0.07,-0.06
6.563181638717651,5,-0.0843980912945303,-0.03882901373576604,-0.04066816174197267
6.578237295150757,0,-0.03419674182237647,0.03882901373576604,-0.06
6.578237295150757,1,-0.024046778781272593,0.07,-0.0363990557624341
6.578237295150757,2,0.08229029938492166,0.03882901373576604,-0.06
6.578237295150757,3,0.03419674182237647,-0.03882901373576604,-0.0363990557624341
6.578237295150757,4,0.024046778781272593,-0.07,-0.06
6.578237295150757,5,-0.08229029938492166,-0.03882901373576604,-0.0363990557624341
6.596083402633667,0,-0.036695196880621,0.03882901373576604,-0.06
6.596083402633667,1,-0.021548323723028062,0.07,-0.031614978053750284
6.596083402633667,2,0.07979184432667713,0.03882901373576604,-0.06
6.596083402633667,3,0.036695196880621,-0.03882901373576604,-0.031614978053750284
6.596083402633667,4,0.021548323723028062,-0.07,-0.06
6.596083402633667,5,-0.07979184432667713,-0.03882901373576604,-0.031614978053750284
6.610855579376221,0,-0.03876330163338342,0.03882901373576604,-0.06
6.610855579376221,1,-0.01948021897026564,0.07,-0.027922156692678418
6.610855579376221,2,0.07772373957391471,0.03882901373576604,-0.06
6.610855579376221,3,0.03876330163338342,-0.03882901373576604,-0.027922156692678418
6.610855579376221,4,0.01948021897026564,-0.07,-0.06
6.610855579376221,5,-0.07772373957391471,-0.03882901373576604,-0.027922156692678418
6.627874851226807,0,-0.04114599970260973,0.03882901373576604,-0.06
6.627874851226807,1,-0.01709752090103933,0.07,-0.024011831472975843
6.627874851226807,2,0.0753410415046884,0.03882901373576604,-0.06
6.627874851226807,3,0.04114599970260973,-0.03882901373576604,-0.024011831472975843
6.627874851226807,4,0.01709752090103933,-0.07,-0.06
6.627874851226807,5,-0.0753410415046884,-0.03882901373576604,-0.024011831472975843
6.657623052597046,0,-0.045310747912174536,0.03882901373576604,-0.06
6.657623052597046,1,-0.012932772691474526,0.07,-0.018188419614974347
6.657623052597046,2,0.0711762932951236,0.03882901373576604,-0.06
6.657623052597046,3,0.045310747912174536,-0.03882901373576604,-0.018188419614974347
6.657623052597046,4,0.012932772691474526,-0.07,-0.06
6.657623052597046,5,-0.0711762932951236,-0.03882901373576604,-0.018188419614974347
6.673266887664795,0,-0.04750088483098385,0.03882901373576604,-0.06
6.673266887664795,1,-0.01074263577266521,0.07,-0.015699495323092755
6.673266887664795,2,0.06898615637631428,0.03882901373576604,-0.06
6.673266887664795,3,0.04750088483098385,-0.03882901373576604,-0.015699495323092755
6.673266887664795,4,0.01074263577266521,-0.07,-0.06
6.673266887664795,5,-0.06898615637631428,-0.03882901373576604,-0.015699495323092755
6.689171075820923,0,-0.049727471182321396,0.03882901373576604,-0.06
6.689171075820923,1,-0.008516049421327665,0.07,-0.01360766997758539
6.689171075820923,2,0.06675957002497673,0.03882901373576604,-0.06
6.689171075820923,3,0.049727471182321396,-0.03882901373576604,-0.01360766997758539
6.689171075820923,4,0.008516049421327665,-0.07,-0.06
6.689171075820923,5,-0.06675957002497673,-0.03882901373576604,-0.01360766997758539
6.717351198196411,0,-0.05367268833168642,0.03882901373576604,-0.06
6.717351198196411,1,-0.004570832271962644,0.07,-0.011048359929351555
6.717351198196411,2,0.06281435287561171,0.03882901373576604,-0.06
6.717351198196411,3,0.05367268833168642,-0.03882901373576604,-0.011048359929351555
6.717351198196411,4,0.004570832271962644,-0.07,-0.06
6.717351198196411,5,-0.06281435287561171,-0.03882901373576604,-0.011048359929351555
6.7265026569366455,0,-0.054953892560773925,0.03882901373576604,-0.06
6.7265026569366455,1,-0.0032896280428751368,0.07,-0.010543935830998823
6.7265026569366455,2,0.0615331486465242,0.03882901373576604,-0.06
6.7265026569366455,3,0.054953892560773925,-0.03882901373576604,-0.010543935830998823
6.7265026569366455,4,0.0032896280428751368,-0.07,-0.06
6.7265026569366455,5,-0.0615331486465242,-0.03882901373576604,-0.010543935830998823
6.750518798828125,0,-0.05831615243989579,0.03882901373576604,-0.06
6.750518798828125,1,7.26318362467282e-05,0.07,-0.010000264897308195
6.750518798828125,2,0.05817088876740233,0.03882901373576604,-0.06
6.750518798828125,3,0.05831615243989579,-0.03882901373576604,-0.010000264897308195
6.750518798828125,4,-7.26318362467282e-05,-0.07,-0.06
6.750518798828125,5,-0.05817088876740233,-0.03882901373576604,-0.010000264897308195
6.7632057666778564,0,-0.060092327946420214,0.03882901373576604,-0.06
6.7632057666778564,1,0.0018488073427711527,0.07,-0.010172018806216918
6.7632057666778564,2,0.05639471326087791,0.03882901373576604,-0.06
6.7632057666778564,3,0.060092327946420214,-0.03882901373576604,-0.010172018806216918
6.7632057666778564,4,-0.0018488073427711527,-0.07,-0.06
6.7632057666778564,5,-0.05639471326087791,-0.03882901373576604,-0.010172018806216918
6.779442310333252,0,-0.06236544406785332,0.03882901373576604,-0.06
6.779442310333252,1,0.004121923464204258,0.07,-0.010853108484263886
6.779442310333252,2,0.0541215971394448,0.03882901373576604,-0.06
6.779442310333252,3,0.06236544406785332,-0.03882901373576604,-0.010853108484263886
6.779442310333252,4,-0.004121923464204258,-0.07,-0.06
6.779442310333252,5,-0.0541215971394448,-0.03882901373576604,-0.010853108484263886
6.794459581375122,0,-0.06446786202266613,0.03882901373576604,-0.06
6.794459581375122,1,0.006224341419017065,0.07,-0.011938225472101792
6.794459581375122,2,0.052019179184631996,0.03882901373576604,-0.06
6.794459581375122,3,0.06446786202266613,-0.03882901373576604,-0.011938225472101792
6.794459581375122,4,-0.006224341419017065,-0.07,-0.06
6.794459581375122,5,-0.052019179184631996,-0.03882901373576604,-0.011938225472101792
6.810122013092041,0,-0.06666060247237032,0.03882901373576604,-0.06
6.810122013092041,1,0.008417081868721255,0.07,-0.013525299455203595
6.810122013092041,2,0.04982643873492781,0.03882901373576604,-0.06
6.810122013092041,3,0.06666060247237032,-0.03882901373576604,-0.013525299455203595
6.810122013092041,4,-0.008417081868721255,-0.07,-0.06
6.810122013092041,5,-0.04982643873492781,-0.03882901373576604,-0.013525299455203595
6.828207969665527,0,-0.06919263640343848,0.03882901373576604,-0.06
6.828207969665527,1,0.01094911579978941,0.07,-0.01591622939789445
6.828207969665527,2,0.04729440480385965,0.03882901373576604,-0.06
6.828207969665527,3,0.06919263640343848,-0.03882901373576604,-0.01591622939789445
6.828207969665527,4,-0.01094911579978941,-0.07,-0.06
6.828207969665527,5,-0.04729440480385965,-0.03882901373576604,-0.01591622939789445
6.840818881988525,0,-0.0709581641361749,0.03882901373576604,-0.06
6.840818881988525,1,0.012714643532525827,0.07,-0.01792200774522819
6.840818881988525,2,0.045528877071123235,0.03882901373576604,-0.06
6.840818881988525,3,0.0709581641361749,-0.03882901373576604,-0.01792200774522819
6.840818881988525,4,-0.012714643532525827,-0.07,-0.06
6.840818881988525,5,-0.045528877071123235,-0.03882901373576604,-0.01792200774522819
6.85700798034668,0,-0.07322463791596595,0.03882901373576604,-0.06
6.85700798034668,1,0.014981117312316883,0.07,-0.02088202032859536
6.85700798034668,2,0.04326240329133218,0.03882901373576604,-0.06
6.85700798034668,3,0.07322463791596595,-0.03882901373576604,-0.02088202032859536
6.85700798034668,4,-0.014981117312316883,-0.07,-0.06
6.85700798034668,5,-0.04326240329133218,-0.03882901373576604,-0.02088202032859536
6.87314510345459,0,-0.07548383516069185,0.03882901373576604,-0.06
6.87314510345459,1,0.01724031455704278,0.07,-0.024235016474871453
6.87314510345459,2,0.04100320604660628,0.03882901373576604,-0.06
6.87314510345459,3,0.07548383516069185,-0.03882901373576604,-0.024235016474871453
6.87314510345459,4,-0.01724031455704278,-0.07,-0.06
6.87314510345459,5,-0.04100320604660628,-0.03882901373576604,-0.024235016474871453
6.8898797035217285,0,-0.07782667918006586,0.03882901373576604,-0.06
6.8898797035217285,1,0.019583158576416793,0.07,-0.02809968971242728
6.8898797035217285,2,0.03866036202723227,0.03882901373576604,-0.06
6.8898797035217285,3,0.07782667918006586,-0.03882901373576604,-0.02809968971242728
6.8898797035217285,4,-0.019583158576416793,-0.07,-0.06
6.8898797035217285,5,-0.03866036202723227,-0.03882901373576604,-0.02809968971242728
6.9201295375823975,0,-0.08206165596658982,0.03882901373576604,-0.06
6.9201295375823975,1,0.02381813536294075,0.07,-0.0359479855896492
6.9201295375823975,2,0.03442538524070831,0.03882901373576604,-0.06
6.9201295375823975,3,0.08206165596658982,-0.03882901373576604,-0.0359479855896492
6.9201295375823975,4,-0.02381813536294075,-0.07,-0.06
6.9201295375823975,5,-0.03442538524070831,-0.03882901373576604,-0.0359479855896492
6.9356255531311035,0,-0.08423109815264501,0.03882901373576604,-0.06
6.9356255531311035,1,0.025987577548995944,0.07,-0.04032311827333919
6.9356255531311035,2,0.03225594305465312,0.03882901373576604,-0.06
6.9356255531311035,3,0.08423109815264501,-0.03882901373576604,-0.04032311827333919
6.9356255531311035,4,-0.025987577548995944,-0.07,-0.06
6.9356255531311035,5,-0.03225594305465312,-0.03882901373576604,-0.04032311827333919
6.95113468170166,0,-0.0864023761617671,0.03882901373576604,-0.06
6.95113468170166,1,0.028158855558118034,0.07,-0.04488856370315028
6.95113468170166,2,0.030084665045531027,0.03882901373576604,-0.06
6.95113468170166,3,0.0864023761617671,-0.03882901373576604,-0.04488856370315028
6.95113468170166,4,-0.028158855558118034,-0.07,-0.06
6.95113468170166,5,-0.030084665045531027,-0.03882901373576604,-0.04488856370315028
6.964399099349976,0,-0.08825939464043747,0.03882901373576604,-0.06
6.964399099349976,1,0.030015874036788404,0.07,-0.048908683833878294
6.964399099349976,2,0.028227646566860658,0.03882901373576604,-0.06
6.964399099349976,3,0.08825939464043747,-0.03882901373576604,-0.048908683833878294
6.964399099349976,4,-0.030015874036788404,-0.07,-0.06
6.964399099349976,5,-0.028227646566860658,-0.03882901373576604,-0.048908683833878294
0.36066222190856934,0,-0.05824352060364906,0.03882901373576604,-0.06
0.36066222190856934,1,0.0,0.07,-0.06
0.36066222190856934,2,0.05824352060364906,0.03882901373576604,-0.06
0.36066222190856934,3,0.05824352060364906,-0.03882901373576604,-0.06
0.36066222190856934,4,0.0,-0.07,-0.06
0.36066222190856934,5,-0.05824352060364906,-0.03882901373576604,-0.06
0.41085076332092285,0,-0.05824352060364906,0.03882901373576604,-0.06
0.41085076332092285,1,0.0,0.07,-0.06
0.41085076332092285,2,0.05824352060364906,0.03882901373576604,-0.06
0.41085076332092285,3,0.05824352060364906,-0.03882901373576604,-0.06
0.41085076332092285,4,0.0,-0.07,-0.06
0.41085076332092285,5,-0.05824352060364906,-0.03882901373576604,-0.06
0.4268677234649658,0,-0.05824352060364906,0.03882901373576604,-0.06
0.4268677234649658,1,0.0,0.07,-0.06
0.4268677234649658,2,0.05824352060364906,0.03882901373576604,-0.06
0.4268677234649658,3,0.05824352060364906,-0.03882901373576604,-0.06
0.4268677234649658,4,0.0,-0.07,-0.06
0.4268677234649658,5,-0.05824352060364906,-0.03882901373576604,-0.06
0.44349050521850586,0,-0.05824352060364906,0.03882901373576604,-0.06
0.44349050521850586,1,0.0,0.07,-0.06
0.44349050521850586,2,0.05824352060364906,0.03882901373576604,-0.06
0.44349050521850586,3,0.05824352060364906,-0.03882901373576604,-0.06
0.44349050521850586,4,0.0,-0.07,-0.06
0.44349050521850586,5,-0.05824352060364906,-0.03882901373576604,-0.06
0.45565128326416016,0,-0.05824352060364906,0.03882901373576604,-0.06
0.45565128326416016,1,0.0,0.07,-0.06
0.45565128326416016,2,0.05824352060364906,0.03882901373576604,-0.06
0.45565128326416016,3,0.05824352060364906,-0.03882901373576604,-0.06
0.45565128326416016,4,0.0,-0.07,-0.06
0.45565128326416016,5,-0.05824352060364906,-0.03882901373576604,-0.06
0.4703664779663086,0,-0.05824352060364906,0.03882901373576604,-0.06
0.4703664779663086,1,0.0,0.07,-0.06
0.4703664779663086,2,0.05824352060364906,0.03882901373576604,-0.06
0.4703664779663086,3,0.05824352060364906,-0.03882901373576604,-0.06
0.4703664779663086,4,0.0,-0.07,-0.06
0.4703664779663086,5,-0.05824352060364906,-0.03882901373576604,-0.06
0.48873066902160645,0,-0.05824352060364906,0.03882901373576604,-0.06
0.48873066902160645,1,0.0,0.07,-0.06
0.48873066902160645,2,0.05824352060364906,0.03882901373576604,-0.06
0.48873066902160645,3,0.05824352060364906,-0.03882901373576604,-0.06
0.48873066902160645,4,0.0,-0.07,-0.06
0.48873066902160645,5,-0.05824352060364906,-0.03882901373576604,-0.06
0.49576807022094727,0,-0.05824352060364906,0.03882901373576604,-0.06
0.49576807022094727,1,0.0,0.07,-0.06
0.49576807022094727,2,0.05824352060364906,0.03882901373576604,-0.06
0.49576807022094727,3,0.05824352060364906,-0.03882901373576604,-0.06
0.49576807022094727,4,0.0,-0.07,-0.06
0.49576807022094727,5,-0.05824352060364906,-0.03882901373576604,-0.06
0.5190901756286621,0,-0.05824352060364906,0.03882901373576604,-0.06
0.5190901756286621,1,0.0,0.07,-0.06
0.5190901756286621,2,0.05824352060364906,0.03882901373576604,-0.06
0.5190901756286621,3,0.05824352060364906,-0.03882901373576604,-0.06
0.5190901756286621,4,0.0,-0.07,-0.06
0.5190901756286621,5,-0.05824352060364906,-0.03882901373576604,-0.06
0.5352873802185059,0,-0.05824352060364906,0.03882901373576604,-0.06
0.5352873802185059,1,0.0,0.07,-0.06
0.5352873802185059,2,0.05824352060364906,0.03882901373576604,-0.06
0.5352873802185059,3,0.05824352060364906,-0.03882901373576604,-0.06
0.5352873802185059,4,0.0,-0.07,-0.06
0.5352873802185059,5,-0.05824352060364906,-0.03882901373576604,-0.06
0.5494489669799805,0,-0.05824352060364906,0.03882901373576604,-0.06
0.5494489669799805,1,0.0,0.07,-0.06
0.5494489669799805,2,0.05824352060364906,0.03882901373576604,-0.06
0.5494489669799805,3,0.05824352060364906,-0.03882901373576604,-0.06
0.5494489669799805,4,0.0,-0.07,-0.06
0.5494489669799805,5,-0.05824352060364906,-0.03882901373576604,-0.06
0.5664656162261963,0,-0.05824352060364906,0.03882901373576604,-0.06
0.5664656162261963,1,0.0,0.07,-0.06
0.5664656162261963,2,0.05824352060364906,0.03882901373576604,-0.06
0.5664656162261963,3,0.05824352060364906,-0.03882901373576604,-0.06
0.5664656162261963,4,0.0,-0.07,-0.06
0.5664656162261963,5,-0.05824352060364906,-0.03882901373576604,-0.06
0.582726001739502,0,-0.05824352060364906,0.03882901373576604,-0.06
0.582726001739502,1,0.0,0.07,-0.06
0.582726001739502,2,0.05824352060364906,0.03882901373576604,-0.06
0.582726001739502,3,0.05824352060364906,-0.03882901373576604,-0.06
0.582726001739502,4,0.0,-0.07,-0.06
0.582726001739502,5,-0.05824352060364906,-0.03882901373576604,-0.06
0.5965003967285156,0,-0.05824352060364906,0.03882901373576604,-0.06
0.5965003967285156,1,0.0,0.07,-0.06
0.5965003967285156,2,0.05824352060364906,0.03882901373576604,-0.06
0.5965003967285156,3,0.05824352060364906,-0.03882901373576604,-0.06
0.5965003967285156,4,0.0,-0.07,-0.06
0.5965003967285156,5,-0.05824352060364906,-0.03882901373576604,-0.06
0.6125247478485107,0,-0.05824352060364906,0.03882901373576604,-0.06
0.6125247478485107,1,0.0,0.07,-0.06
0.6125247478485107,2,0.05824352060364906,0.03882901373576604,-0.06
0.6125247478485107,3,0.05824352060364906,-0.03882901373576604,-0.06
0.6125247478485107,4,0.0,-0.07,-0.06
0.6125247478485107,5,-0.05824352060364906,-0.03882901373576604,-0.06
0.6285390853881836,0,-0.05824352060364906,0.03882901373576604,-0.06
0.6285390853881836,1,0.0,0.07,-0.06
0.6285390853881836,2,0.05824352060364906,0.03882901373576604,-0.06
0.6285390853881836,3,0.05824352060364906,-0.03882901373576604,-0.06
0.6285390853881836,4,0.0,-0.07,-0.06
0.6285390853881836,5,-0.05824352060364906,-0.03882901373576604,-0.06
0.6592624187469482,0,-0.05824352060364906,0.03882901373576604,-0.06
0.6592624187469482,1,0.0,0.07,-0.06
0.6592624187469482,2,0.05824352060364906,0.03882901373576604,-0.06
0.6592624187469482,3,0.05824352060364906,-0.03882901373576604,-0.06
0.6592624187469482,4,0.0,-0.07,-0.06
0.6592624187469482,5,-0.05824352060364906,-0.03882901373576604,-0.06
0.6724748611450195,0,-0.05824352060364906,0.03882901373576604,-0.06
0.6724748611450195,1,0.0,0.07,-0.06
0.6724748611450195,2,0.05824352060364906,0.03882901373576604,-0.06
0.6724748611450195,3,0.05824352060364906,-0.03882901373576604,-0.06
0.6724748611450195,4,0.0,-0.07,-0.06
0.6724748611450195,5,-0.05824352060364906,-0.03882901373576604,-0.06
0.6889448165893555,0,-0.05824352060364906,0.03882901373576604,-0.06
0.6889448165893555,1,0.0,0.07,-0.06
0.6889448165893555,2,0.05824352060364906,0.03882901373576604,-0.06
0.6889448165893555,3,0.05824352060364906,-0.03882901373576604,-0.06
0.6889448165893555,4,0.0,-0.07,-0.06
0.6889448165893555,5,-0.05824352060364906,-0.03882901373576604,-0.06
0.7039492130279541,0,-0.05824352060364906,0.03882901373576604,-0.06
0.7039492130279541,1,0.0,0.07,-0.06
0.7039492130279541,2,0.05824352060364906,0.03882901373576604,-0.06
0.7039492130279541,3,0.05824352060364906,-0.03882901373576604,-0.06
0.7039492130279541,4,0.0,-0.07,-0.06
0.7039492130279541,5,-0.05824352060364906,-0.03882901373576604,-0.06
0.722130537033081,0,-0.05824352060364906,0.03882901373576604,-0.06
0.722130537033081,1,0.0,0.07,-0.06
0.722130537033081,2,0.05824352060364906,0.03882901373576604,-0.06
0.722130537033081,3,0.05824352060364906,-0.03882901373576604,-0.06
0.722130537033081,4,0.0,-0.07,-0.06
0.722130537033081,5,-0.05824352060364906,-0.03882901373576604,-0.06
0.7381484508514404,0,-0.05824352060364906,0.03882901373576604,-0.06
0.7381484508514404,1,0.0,0.07,-0.06
0.7381484508514404,2,0.05824352060364906,0.03882901373576604,-0.06
0.7381484508514404,3,0.05824352060364906,-0.03882901373576604,-0.06
0.7381484508514404,4,0.0,-0.07,-0.06
0.7381484508514404,5,-0.05824352060364906,-0.03882901373576604,-0.06
0.7518274784088135,0,-0.05824352060364906,0.03882901373576604,-0.06
0.7518274784088135,1,0.0,0.07,-0.06
0.7518274784088135,2,0.05824352060364906,0.03882901373576604,-0.06
0.7518274784088135,3,0.05824352060364906,-0.03882901373576604,-0.06
0.7518274784088135,4,0.0,-0.07,-0.06
0.7518274784088135,5,-0.05824352060364906,-0.03882901373576604,-0.06
0.7695481777191162,0,-0.05824352060364906,0.03882901373576604,-0.06
0.7695481777191162,1,0.0,0.07,-0.06
0.7695481777191162,2,0.05824352060364906,0.03882901373576604,-0.06
0.7695481777191162,3,0.05824352060364906,-0.03882901373576604,-0.06
0.7695481777191162,4,0.0,-0.07,-0.06
0.7695481777191162,5,-0.05824352060364906,-0.03882901373576604,-0.06
0.7989504337310791,0,-0.05824352060364906,0.03882901373576604,-0.06
0.7989504337310791,1,0.0,0.07,-0.06
0.7989504337310791,2,0.05824352060364906,0.03882901373576604,-0.06
0.7989504337310791,3,0.05824352060364906,-0.03882901373576604,-0.06
0.7989504337310791,4,0.0,-0.07,-0.06
0.7989504337310791,5,-0.05824352060364906,-0.03882901373576604,-0.06
0.8126726150512695,0,-0.05824352060364906,0.03882901373576604,-0.06
0.8126726150512695,1,0.0,0.07,-0.06
0.8126726150512695,2,0.05824352060364906,0.03882901373576604,-0.06
0.8126726150512695,3,0.05824352060364906,-0.03882901373576604,-0.06
0.8126726150512695,4,0.0,-0.07,-0.06
0.8126726150512695,5,-0.05824352060364906,-0.03882901373576604,-0.06
0.8296606540679932,0,-0.05824352060364906,0.03882901373576604,-0.06
0.8296606540679932,1,0.0,0.07,-0.06
0.8296606540679932,2,0.05824352060364906,0.03882901373576604,-0.06
0.8296606540679932,3,0.05824352060364906,-0.03882901373576604,-0.06
0.8296606540679932,4,0.0,-0.07,-0.06
0.8296606540679932,5,-0.05824352060364906,-0.03882901373576604,-0.06
0.8466591835021973,0,-0.05824352060364906,0.03882901373576604,-0.06
0.8466591835021973,1,0.0,0.07,-0.06
0.8466591835021973,2,0.05824352060364906,0.03882901373576604,-0.06
0.8466591835021973,3,0.05824352060364906,-0.03882901373576604,-0.06
0.8466591835021973,4,0.0,-0.07,-0.06
0.8466591835021973,5,-0.05824352060364906,-0.03882901373576604,-0.06
0.873854398727417,0,-0.05824352060364906,0.03882901373576604,-0.06
0.873854398727417,1,0.0,0.07,-0.06
0.873854398727417,2,0.05824352060364906,0.03882901373576604,-0.06
0.873854398727417,3,0.05824352060364906,-0.03882901373576604,-0.06
0.873854398727417,4,0.0,-0.07,-0.06
0.873854398727417,5,-0.05824352060364906,-0.03882901373576604,-0.06
0.8889892101287842,0,-0.05824352060364906,0.03882901373576604,-0.06
0.8889892101287842,1,0.0,0.07,-0.06
0.8889892101287842,2,0.05824352060364906,0.03882901373576604,-0.06
0.8889892101287842,3,0.05824352060364906,-0.03882901373576604,-0.06
0.8889892101287842,4,0.0,-0.07,-0.06
0.8889892101287842,5,-0.05824352060364906,-0.03882901373576604,-0.06
0.8976752758026123,0,-0.05824352060364906,0.03882901373576604,-0.06
0.8976752758026123,1,0.0,0.07,-0.06
0.8976752758026123,2,0.05824352060364906,0.03882901373576604,-0.06
0.8976752758026123,3,0.05824352060364906,-0.03882901373576604,-0.06
0.8976752758026123,4,0.0,-0.07,-0.06
0.8976752758026123,5,-0.05824352060364906,-0.03882901373576604,-0.06
0.9205996990203857,0,-0.05824352060364906,0.03882901373576604,-0.06
0.9205996990203857,1,0.0,0.07,-0.06
0.9205996990203857,2,0.05824352060364906,0.03882901373576604,-0.06
0.9205996990203857,3,0.05824352060364906,-0.03882901373576604,-0.06
0.9205996990203857,4,0.0,-0.07,-0.06
0.9205996990203857,5,-0.05824352060364906,-0.03882901373576604,-0.06
0.9379777908325195,0,-0.05824352060364906,0.03882901373576604,-0.06
0.9379777908325195,1,0.0,0.07,-0.06
0.9379777908325195,2,0.05824352060364906,0.03882901373576604,-0.06
0.9379777908325195,3,0.05824352060364906,-0.03882901373576604,-0.06
0.9379777908325195,4,0.0,-0.07,-0.06
0.9379777908325195,5,-0.05824352060364906,-0.03882901373576604,-0.06
0.9524929523468018,0,-0.05824352060364906,0.03882901373576604,-0.06
0.9524929523468018,1,0.0,0.07,-0.06
0.9524929523468018,2,0.05824352060364906,0.03882901373576604,-0.06
0.9524929523468018,3,0.05824352060364906,-0.03882901373576604,-0.06
0.9524929523468018,4,0.0,-0.07,-0.06
0.9524929523468018,5,-0.05824352060364906,-0.03882901373576604,-0.06
0.9695131778717041,0,-0.05824352060364906,0.03882901373576604,-0.06
0.9695131778717041,1,0.0,0.07,-0.06
0.9695131778717041,2,0.05824352060364906,0.03882901373576604,-0.06
0.9695131778717041,3,0.05824352060364906,-0.03882901373576604,-0.06
0.9695131778717041,4,0.0,-0.07,-0.06
0.9695131778717041,5,-0.05824352060364906,-0.03882901373576604,-0.06
0.9983761310577393,0,-0.05824352060364906,0.03882901373576604,-0.06
0.9983761310577393,1,0.0,0.07,-0.06
0.9983761310577393,2,0.05824352060364906,0.03882901373576604,-0.06
0.9983761310577393,3,0.05824352060364906,-0.03882901373576604,-0.06
0.9983761310577393,4,0.0,-0.07,-0.06
0.9983761310577393,5,-0.05824352060364906,-0.03882901373576604,-0.06
1.0300240516662598,0,-0.05824352060364906,0.03882901373576604,-0.06
1.0300240516662598,1,0.0,0.07,-0.06
1.0300240516662598,2,0.05824352060364906,0.03882901373576604,-0.06
1.0300240516662598,3,0.05824352060364906,-0.03882901373576604,-0.06
1.0300240516662598,4,0.0,-0.07,-0.06
1.0300240516662598,5,-0.05824352060364906,-0.03882901373576604,-0.06
1.0455222129821777,0,-0.05824352060364906,0.03882901373576604,-0.06
1.0455222129821777,1,0.0,0.07,-0.06
1.0455222129821777,2,0.05824352060364906,0.03882901373576604,-0.06
1.0455222129821777,3,0.05824352060364906,-0.03882901373576604,-0.06
1.0455222129821777,4,0.0,-0.07,-0.06
1.0455222129821777,5,-0.05824352060364906,-0.03882901373576604,-0.06
1.0572481155395508,0,-0.05824352060364906,0.03882901373576604,-0.06
1.0572481155395508,1,0.0,0.07,-0.06
1.0572481155395508,2,0.05824352060364906,0.03882901373576604,-0.06
1.0572481155395508,3,0.05824352060364906,-0.03882901373576604,-0.06
1.0572481155395508,4,0.0,-0.07,-0.06
1.0572481155395508,5,-0.05824352060364906,-0.03882901373576604,-0.06
1.0729236602783203,0,-0.05824352060364906,0.03882901373576604,-0.06
1.0729236602783203,1,0.0,0.07,-0.06
1.0729236602783203,2,0.05824352060364906,0.03882901373576604,-0.06
1.0729236602783203,3,0.05824352060364906,-0.03882901373576604,-0.06
1.0729236602783203,4,0.0,-0.07,-0.06
1.0729236602783203,5,-0.05824352060364906,-0.03882901373576604,-0.06
1.0900547504425049,0,-0.05824352060364906,0.03882901373576604,-0.06
1.0900547504425049,1,0.0,0.07,-0.06
1.0900547504425049,2,0.05824352060364906,0.03882901373576604,-0.06
1.0900547504425049,3,0.05824352060364906,-0.03882901373576604,-0.06
1.0900547504425049,4,0.0,-0.07,-0.06
1.0900547504425049,5,-0.05824352060364906,-0.03882901373576604,-0.06
1.105226755142212,0,-0.05824352060364906,0.03882901373576604,-0.06
1.105226755142212,1,0.0,0.07,-0.06
1.105226755142212,2,0.05824352060364906,0.03882901373576604,-0.06
1.105226755142212,3,0.05824352060364906,-0.03882901373576604,-0.06
1.105226755142212,4,0.0,-0.07,-0.06
1.105226755142212,5,-0.05824352060364906,-0.03882901373576604,-0.06
1.1220648288726807,0,-0.05824352060364906,0.03882901373576604,-0.06
1.1220648288726807,1,0.0,0.07,-0.06
1.1220648288726807,2,0.05824352060364906,0.03882901373576604,-0.06
1.1220648288726807,3,0.05824352060364906,-0.03882901373576604,-0.06
1.1220648288726807,4,0.0,-0.07,-0.06
1.1220648288726807,5,-0.05824352060364906,-0.03882901373576604,-0.06
1.1367413997650146,0,-0.05824352060364906,0.03882901373576604,-0.06
1.1367413997650146,1,0.0,0.07,-0.06
1.1367413997650146,2,0.05824352060364906,0.03882901373576604,-0.06
1.1367413997650146,3,0.05824352060364906,-0.03882901373576604,-0.06
1.1367413997650146,4,0.0,-0.07,-0.06
1.1367413997650146,5,-0.05824352060364906,-0.03882901373576604,-0.06
1.153322458267212,0,-0.05824352060364906,0.03882901373576604,-0.06
1.153322458267212,1,0.0,0.07,-0.06
1.153322458267212,2,0.05824352060364906,0.03882901373576604,-0.06
1.153322458267212,3,0.05824352060364906,-0.03882901373576604,-0.06
1.153322458267212,4,0.0,-0.07,-0.06
1.153322458267212,5,-0.05824352060364906,-0.03882901373576604,-0.06
1.1680490970611572,0,-0.05824352060364906,0.03882901373576604,-0.06
1.1680490970611572,1,0.0,0.07,-0.06
1.1680490970611572,2,0.05824352060364906,0.03882901373576604,-0.06
1.1680490970611572,3,0.05824352060364906,-0.03882901373576604,-0.06
1.1680490970611572,4,0.0,-0.07,-0.06
1.1680490970611572,5,-0.05824352060364906,-0.03882901373576604,-0.06
1.1836879253387451,0,-0.05824352060364906,0.03882901373576604,-0.06
1.1836879253387451,1,0.0,0.07,-0.06
1.1836879253387451,2,0.05824352060364906,0.03882901373576604,-0.06
1.1836879253387451,3,0.05824352060364906,-0.03882901373576604,-0.06
1.1836879253387451,4,0.0,-0.07,-0.06
1.1836879253387451,5,-0.05824352060364906,-0.03882901373576604,-0.06
1.2003097534179688,0,-0.05824352060364906,0.03882901373576604,-0.06
1.2003097534179688,1,0.0,0.07,-0.06
1.2003097534179688,2,0.05824352060364906,0.03882901373576604,-0.06
1.2003097534179688,3,0.05824352060364906,-0.03882901373576604,-0.06
1.2003097534179688,4,0.0,-0.07,-0.06
1.2003097534179688,5,-0.05824352060364906,-0.03882901373576604,-0.06
1.2155511379241943,0,-0.05824352060364906,0.03882901373576604,-0.06
1.2155511379241943,1,0.0,0.07,-0.06
1.2155511379241943,2,0.05824352060364906,0.03882901373576604,-0.06
1.2155511379241943,3,0.05824352060364906,-0.03882901373576604,-0.06
1.2155511379241943,4,0.0,-0.07,-0.06
1.2155511379241943,5,-0.05824352060364906,-0.03882901373576604,-0.06
1.2295684814453125,0,-0.05824352060364906,0.03882901373576604,-0.06
1.2295684814453125,1,0.0,0.07,-0.06
1.2295684814453125,2,0.05824352060364906,0.03882901373576604,-0.06
1.2295684814453125,3,0.05824352060364906,-0.03882901373576604,-0.06
1.2295684814453125,4,0.0,-0.07,-0.06
1.2295684814453125,5,-0.05824352060364906,-0.03882901373576604,-0.06
1.246490478515625,0,-0.05824352060364906,0.03882901373576604,-0.06
1.246490478515625,1,0.0,0.07,-0.06
1.246490478515625,2,0.05824352060364906,0.03882901373576604,-0.06
1.246490478515625,3,0.05824352060364906,-0.03882901373576604,-0.06
1.246490478515625,4,0.0,-0.07,-0.06
1.246490478515625,5,-0.05824352060364906,-0.03882901373576604,-0.06
1.2754721641540527,0,-0.05824352060364906,0.03882901373576604,-0.06
1.2754721641540527,1,0.0,0.07,-0.06
1.2754721641540527,2,0.05824352060364906,0.03882901373576604,-0.06
1.2754721641540527,3,0.05824352060364906,-0.03882901373576604,-0.06
1.2754721641540527,4,0.0,-0.07,-0.06
1.2754721641540527,5,-0.05824352060364906,-0.03882901373576604,-0.06
1.2836050987243652,0,-0.05824352060364906,0.03882901373576604,-0.06
1.2836050987243652,1,0.0,0.07,-0.06
1.2836050987243652,2,0.05824352060364906,0.03882901373576604,-0.06
1.2836050987243652,3,0.05824352060364906,-0.03882901373576604,-0.06
1.2836050987243652,4,0.0,-0.07,-0.06
1.2836050987243652,5,-0.05824352060364906,-0.03882901373576604,-0.06
1.30745267868042,0,-0.05824352060364906,0.03882901373576604,-0.06
1.30745267868042,1,0.0,0.07,-0.06
1.30745267868042,2,0.05824352060364906,0.03882901373576604,-0.06
1.30745267868042,3,0.05824352060364906,-0.03882901373576604,-0.06
1.30745267868042,4,0.0,-0.07,-0.06
1.30745267868042,5,-0.05824352060364906,-0.03882901373576604,-0.06
1.322744607925415,0,-0.05824352060364906,0.03882901373576604,-0.06
1.322744607925415,1,0.0,0.07,-0.06
1.322744607925415,2,0.05824352060364906,0.03882901373576604,-0.06
1.322744607925415,3,0.05824352060364906,-0.03882901373576604,-0.06
1.322744607925415,4,0.0,-0.07,-0.06
1.322744607925415,5,-0.05824352060364906,-0.03882901373576604,-0.06
1.3388841152191162,0,-0.05824352060364906,0.03882901373576604,-0.06
1.3388841152191162,1,0.0,0.07,-0.06
1.3388841152191162,2,0.05824352060364906,0.03882901373576604,-0.06
1.3388841152191162,3,0.05824352060364906,-0.03882901373576604,-0.06
1.3388841152191162,4,0.0,-0.07,-0.06
1.3388841152191162,5,-0.05824352060364906,-0.03882901373576604,-0.06
1.3535151481628418,0,-0.05824352060364906,0.03882901373576604,-0.06
1.3535151481628418,1,0.0,0.07,-0.06
1.3535151481628418,2,0.05824352060364906,0.03882901373576604,-0.06
1.3535151481628418,3,0.05824352060364906,-0.03882901373576604,-0.06
1.3535151481628418,4,0.0,-0.07,-0.06
1.3535151481628418,5,-0.05824352060364906,-0.03882901373576604,-0.06
1.3722844123840332,0,-0.05824352060364906,0.03882901373576604,-0.06
1.3722844123840332,1,0.0,0.07,-0.06
1.3722844123840332,2,0.05824352060364906,0.03882901373576604,-0.06
1.3722844123840332,3,0.05824352060364906,-0.03882901373576604,-0.06
1.3722844123840332,4,0.0,-0.07,-0.06
1.3722844123840332,5,-0.05824352060364906,-0.03882901373576604,-0.06
1.4016635417938232,0,-0.05824352060364906,0.03882901373576604,-0.06
1.4016635417938232,1,0.0,0.07,-0.06
1.4016635417938232,2,0.05824352060364906,0.03882901373576604,-0.06
1.4016635417938232,3,0.05824352060364906,-0.03882901373576604,-0.06
1.4016635417938232,4,0.0,-0.07,-0.06
1.4016635417938232,5,-0.05824352060364906,-0.03882901373576604,-0.06
1.4186789989471436,0,-0.05824352060364906,0.03882901373576604,-0.06
1.4186789989471436,1,0.0,0.07,-0.06
1.4186789989471436,2,0.05824352060364906,0.03882901373576604,-0.06
1.4186789989471436,3,0.05824352060364906,-0.03882901373576604,-0.06
1.4186789989471436,4,0.0,-0.07,-0.06
1.4186789989471436,5,-0.05824352060364906,-0.03882901373576604,-0.06
1.4344286918640137,0,-0.05824352060364906,0.03882901373576604,-0.06
1.4344286918640137,1,0.0,0.07,-0.06
1.4344286918640137,2,0.05824352060364906,0.03882901373576604,-0.06
1.4344286918640137,3,0.05824352060364906,-0.03882901373576604,-0.06
1.4344286918640137,4,0.0,-0.07,-0.06
1.4344286918640137,5,-0.05824352060364906,-0.03882901373576604,-0.06
1.4507055282592773,0,-0.05824352060364906,0.03882901373576604,-0.06
1.4507055282592773,1,0.0,0.07,-0.06
1.4507055282592773,2,0.05824352060364906,0.03882901373576604,-0.06
1.4507055282592773,3,0.05824352060364906,-0.03882901373576604,-0.06
1.4507055282592773,4,0.0,-0.07,-0.06
1.4507055282592773,5,-0.05824352060364906,-0.03882901373576604,-0.06
1.479344367980957,0,-0.05824352060364906,0.03882901373576604,-0.06
1.479344367980957,1,0.0,0.07,-0.06
1.479344367980957,2,0.05824352060364906,0.03882901373576604,-0.06
1.479344367980957,3,0.05824352060364906,-0.03882901373576604,-0.06
1.479344367980957,4,0.0,-0.07,-0.06
1.479344367980957,5,-0.05824352060364906,-0.03882901373576604,-0.06
1.496056079864502,0,-0.05824352060364906,0.03882901373576604,-0.06
1.496056079864502,1,0.0,0.07,-0.06
1.496056079864502,2,0.05824352060364906,0.03882901373576604,-0.06
1.496056079864502,3,0.05824352060364906,-0.03882901373576604,-0.06
1.496056079864502,4,0.0,-0.07,-0.06
1.496056079864502,5,-0.05824352060364906,-0.03882901373576604,-0.06
1.5115687847137451,0,-0.05824352060364906,0.03882901373576604,-0.06
1.5115687847137451,1,0.0,0.07,-0.06
1.5115687847137451,2,0.05824352060364906,0.03882901373576604,-0.06
1.5115687847137451,3,0.05824352060364906,-0.03882901373576604,-0.06
1.5115687847137451,4,0.0,-0.07,-0.06
1.5115687847137451,5,-0.05824352060364906,-0.03882901373576604,-0.06
1.5338459014892578,0,-0.05824352060364906,0.03882901373576604,-0.06
1.5338459014892578,1,0.0,0.07,-0.06
1.5338459014892578,2,0.05824352060364906,0.03882901373576604,-0.06
1.5338459014892578,3,0.05824352060364906,-0.03882901373576604,-0.06
1.5338459014892578,4,0.0,-0.07,-0.06
1.5338459014892578,5,-0.05824352060364906,-0.03882901373576604,-0.06
1.5594978332519531,0,-0.05824352060364906,0.03882901373576604,-0.06
1.5594978332519531,1,0.0,0.07,-0.06
1.5594978332519531,2,0.05824352060364906,0.03882901373576604,-0.06
1.5594978332519531,3,0.05824352060364906,-0.03882901373576604,-0.06
1.5594978332519531,4,0.0,-0.07,-0.06
1.5594978332519531,5,-0.05824352060364906,-0.03882901373576604,-0.06
1.5882582664489746,0,-0.05824352060364906,0.03882901373576604,-0.06
1.5882582664489746,1,0.0,0.07,-0.06
1.5882582664489746,2,0.05824352060364906,0.03882901373576604,-0.06
1.5882582664489746,3,0.05824352060364906,-0.03882901373576604,-0.06
1.5882582664489746,4,0.0,-0.07,-0.06
1.5882582664489746,5,-0.05824352060364906,-0.03882901373576604,-0.06
1.6038877964019775,0,-0.05824352060364906,0.03882901373576604,-0.06
1.6038877964019775,1,0.0,0.07,-0.06
1.6038877964019775,2,0.05824352060364906,0.03882901373576604,-0.06
1.6038877964019775,3,0.05824352060364906,-0.03882901373576604,-0.06
1.6038877964019775,4,0.0,-0.07,-0.06
1.6038877964019775,5,-0.05824352060364906,-0.03882901373576604,-0.06
1.6206672191619873,0,-0.05824352060364906,0.03882901373576604,-0.06
1.6206672191619873,1,0.0,0.07,-0.06
1.6206672191619873,2,0.05824352060364906,0.03882901373576604,-0.06
1.6206672191619873,3,0.05824352060364906,-0.03882901373576604,-0.06
1.6206672191619873,4,0.0,-0.07,-0.06
1.6206672191619873,5,-0.05824352060364906,-0.03882901373576604,-0.06
1.6343529224395752,0,-0.05824352060364906,0.03882901373576604,-0.06
1.6343529224395752,1,0.0,0.07,-0.06
1.6343529224395752,2,0.05824352060364906,0.03882901373576604,-0.06
1.6343529224395752,3,0.05824352060364906,-0.03882901373576604,-0.06
1.6343529224395752,4,0.0,-0.07,-0.06
1.6343529224395752,5,-0.05824352060364906,-0.03882901373576604,-0.06
1.6515891551971436,0,-0.05824352060364906,0.03882901373576604,-0.06
1.6515891551971436,1,0.0,0.07,-0.06
1.6515891551971436,2,0.05824352060364906,0.03882901373576604,-0.06
1.6515891551971436,3,0.05824352060364906,-0.03882901373576604,-0.06
1.6515891551971436,4,0.0,-0.07,-0.06
1.6515891551971436,5,-0.05824352060364906,-0.03882901373576604,-0.06
1.6672251224517822,0,-0.05824352060364906,0.03882901373576604,-0.06
1.6672251224517822,1,0.0,0.07,-0.06
1.6672251224517822,2,0.05824352060364906,0.03882901373576604,-0.06
1.6672251224517822,3,0.05824352060364906,-0.03882901373576604,-0.06
1.6672251224517822,4,0.0,-0.07,-0.06
1.6672251224517822,5,-0.05824352060364906,-0.03882901373576604,-0.06
1.6838335990905762,0,-0.05824352060364906,0.03882901373576604,-0.06
1.6838335990905762,1,0.0,0.07,-0.06
1.6838335990905762,2,0.05824352060364906,0.03882901373576604,-0.06
1.6838335990905762,3,0.05824352060364906,-0.03882901373576604,-0.06
1.6838335990905762,4,0.0,-0.07,-0.06
1.6838335990905762,5,-0.05824352060364906,-0.03882901373576604,-0.06
1.6893410682678223,0,-0.05824352060364906,0.03882901373576604,-0.06
1.6893410682678223,1,0.0,0.07,-0.06
1.6893410682678223,2,0.05824352060364906,0.03882901373576604,-0.06
1.6893410682678223,3,0.05824352060364906,-0.03882901373576604,-0.06
1.6893410682678223,4,0.0,-0.07,-0.06
1.6893410682678223,5,-0.05824352060364906,-0.03882901373576604,-0.06
1.7127208709716797,0,-0.05824352060364906,0.03882901373576604,-0.06
1.7127208709716797,1,0.0,0.07,-0.06
1.7127208709716797,2,0.05824352060364906,0.03882901373576604,-0.06
1.7127208709716797,3,0.05824352060364906,-0.03882901373576604,-0.06
1.7127208709716797,4,0.0,-0.07,-0.06
1.7127208709716797,5,-0.05824352060364906,-0.03882901373576604,-0.06
1.7284657955169678,0,-0.05824352060364906,0.03882901373576604,-0.06
1.7284657955169678,1,0.0,0.07,-0.06
1.7284657955169678,2,0.05824352060364906,0.03882901373576604,-0.06
1.7284657955169678,3,0.05824352060364906,-0.03882901373576604,-0.06
1.7284657955169678,4,0.0,-0.07,-0.06
1.7284657955169678,5,-0.05824352060364906,-0.03882901373576604,-0.06
1.744103193283081,0,-0.05824352060364906,0.03882901373576604,-0.06
1.744103193283081,1,0.0,0.07,-0.06
1.744103193283081,2,0.05824352060364906,0.03882901373576604,-0.06
1.744103193283081,3,0.05824352060364906,-0.03882901373576604,-0.06
1.744103193283081,4,0.0,-0.07,-0.06
1.744103193283081,5,-0.05824352060364906,-0.03882901373576604,-0.06
1.7592568397521973,0,-0.05824352060364906,0.03882901373576604,-0.06
1.7592568397521973,1,0.0,0.07,-0.06
1.7592568397521973,2,0.05824352060364906,0.03882901373576604,-0.06
1.7592568397521973,3,0.05824352060364906,-0.03882901373576604,-0.06
1.7592568397521973,4,0.0,-0.07,-0.06
1.7592568397521973,5,-0.05824352060364906,-0.03882901373576604,-0.06
1.7783005237579346,0,-0.05824352060364906,0.03882901373576604,-0.06
1.7783005237579346,1,0.0,0.07,-0.06
1.7783005237579346,2,0.05824352060364906,0.03882901373576604,-0.06
1.7783005237579346,3,0.05824352060364906,-0.03882901373576604,-0.06
1.7783005237579346,4,0.0,-0.07,-0.06
1.7783005237579346,5,-0.05824352060364906,-0.03882901373576604,-0.06
1.8056364059448242,0,-0.05824352060364906,0.03882901373576604,-0.06
1.8056364059448242,1,0.0,0.07,-0.06
1.8056364059448242,2,0.05824352060364906,0.03882901373576604,-0.06
1.8056364059448242,3,0.05824352060364906,-0.03882901373576604,-0.06
1.8056364059448242,4,0.0,-0.07,-0.06
1.8056364059448242,5,-0.05824352060364906,-0.03882901373576604,-0.06
1.8222930431365967,0,-0.05824352060364906,0.03882901373576604,-0.06
1.8222930431365967,1,0.0,0.07,-0.06
1.8222930431365967,2,0.05824352060364906,0.03882901373576604,-0.06
1.8222930431365967,3,0.05824352060364906,-0.03882901373576604,-0.06
1.8222930431365967,4,0.0,-0.07,-0.06
1.8222930431365967,5,-0.05824352060364906,-0.03882901373576604,-0.06
1.8363142013549805,0,-0.05824352060364906,0.03882901373576604,-0.06
1.8363142013549805,1,0.0,0.07,-0.06
1.8363142013549805,2,0.05824352060364906,0.03882901373576604,-0.06
1.8363142013549805,3,0.05824352060364906,-0.03882901373576604,-0.06
1.8363142013549805,4,0.0,-0.07,-0.06
1.8363142013549805,5,-0.05824352060364906,-0.03882901373576604,-0.06
1.8535690307617188,0,-0.05854877585086176,0.03882901373576604,-0.06
1.8535690307617188,1,0.00030525524721269903,0.07,-0.020218315629544244
1.8535690307617188,2,0.05793826535643636,0.03882901373576604,-0.06
1.8535690307617188,3,0.05854877585086176,-0.03882901373576604,-0.020218315629544244
1.8535690307617188,4,-0.00030525524721269903,-0.07,-0.06
1.8535690307617188,5,-0.05793826535643636,-0.03882901373576604,-0.020218315629544244
1.8708558082580566,0,-0.060558864262634175,0.03882901373576604,-0.06
1.8708558082580566,1,0.002315343658985114,0.07,-0.02373614153979351
1.8708558082580566,2,0.05592817694466395,0.03882901373576604,-0.06
1.8708558082580566,3,0.060558864262634175,-0.03882901373576604,-0.02373614153979351
1.8708558082580566,4,-0.002315343658985114,-0.07,-0.06
1.8708558082580566,5,-0.05592817694466395,-0.03882901373576604,-0.02373614153979351
1.8880090713500977,0,-0.06434497387742061,0.03882901373576604,-0.06
1.8880090713500977,1,0.00610145327377154,0.07,-0.027649374337801742
1.8880090713500977,2,0.05214206732987752,0.03882901373576604,-0.06
1.8880090713500977,3,0.06434497387742061,-0.03882901373576604,-0.027649374337801742
1.8880090713500977,4,-0.00610145327377154,-0.07,-0.06
1.8880090713500977,5,-0.05214206732987752,-0.03882901373576604,-0.027649374337801742
1.9182655811309814,0,-0.0703940683076984,0.03882901373576604,-0.06
1.9182655811309814,1,0.01215054770404933,0.07,-0.0354362704074266
1.9182655811309814,2,0.04609297289959973,0.03882901373576604,-0.06
1.9182655811309814,3,0.0703940683076984,-0.03882901373576604,-0.0354362704074266
1.9182655811309814,4,-0.01215054770404933,-0.07,-0.06
1.9182655811309814,5,-0.04609297289959973,-0.03882901373576604,-0.0354362704074266
1.947676181793213,0,-0.07747013018124965,0.03882901373576604,-0.06
1.947676181793213,1,0.019226609577600584,0.07,-0.04385650377569555
1.947676181793213,2,0.03901691102604848,0.03882901373576604,-0.06
1.947676181793213,3,0.07747013018124965,-0.03882901373576604,-0.04385650377569555
1.947676181793213,4,-0.019226609577600584,-0.07,-0.06
1.947676181793213,5,-0.03901691102604848,-0.03882901373576604,-0.04385650377569555
1.9644904136657715,0,-0.08289862820079724,0.03882901373576604,-0.06
1.9644904136657715,1,0.024655107597148174,0.07,-0.048936658188343765
1.9644904136657715,2,0.03358841300650089,0.03882901373576604,-0.06
1.9644904136657715,3,0.08289862820079724,-0.03882901373576604,-0.048936658188343765
1.9644904136657715,4,-0.024655107597148174,-0.07,-0.06
1.9644904136657715,5,-0.03358841300650089,-0.03882901373576604,-0.048936658188343765
1.9767956733703613,0,-0.08698688635785151,0.03882901373576604,-0.06
1.9767956733703613,1,0.028743365754202443,0.07,-0.0527359447321472
1.9767956733703613,2,0.029500154849446618,0.03882901373576604,-0.06
1.9767956733703613,3,0.08698688635785151,-0.03882901373576604,-0.0527359447321472
1.9767956733703613,4,-0.028743365754202443,-0.07,-0.06
1.9767956733703613,5,-0.029500154849446618,-0.03882901373576604,-0.0527359447321472
1.9944894313812256,0,-0.09175144270450536,0.03882901373576604,-0.06
1.9944894313812256,1,0.03350792210085629,0.07,-0.058269149662134444
1.9944894313812256,2,0.02473559850279277,0.03882901373576604,-0.06
1.9944894313812256,3,0.09175144270450536,-0.03882901373576604,-0.058269149662134444
1.9944894313812256,4,-0.03350792210085629,-0.07,-0.06
1.9944894313812256,5,-0.02473559850279277,-0.03882901373576604,-0.058269149662134444
2.0096311569213867,0,-0.09189515877792592,0.03882901373576604,-0.056976129122750345
2.0096311569213867,1,0.033651638174276854,0.07,-0.06
2.0096311569213867,2,0.024591882429372207,0.03882901373576604,-0.056976129122750345
2.0096311569213867,3,0.09189515877792592,-0.03882901373576604,-0.06
2.0096311569213867,4,-0.033651638174276854,-0.07,-0.056976129122750345
2.0096311569213867,5,-0.024591882429372207,-0.03882901373576604,-0.06
2.023764133453369,0,-0.08991654205502447,0.03882901373576604,-0.05256198741397971
2.023764133453369,1,0.031673021451375405,0.07,-0.06
2.023764133453369,2,0.026570499152273656,0.03882901373576604,-0.05256198741397971
2.023764133453369,3,0.08991654205502447,-0.03882901373576604,-0.06
2.023764133453369,4,-0.031673021451375405,-0.07,-0.05256198741397971
2.023764133453369,5,-0.026570499152273656,-0.03882901373576604,-0.06
2.0396194458007812,0,-0.08769679831693628,0.03882901373576604,-0.04768133949303146
2.0396194458007812,1,0.029453277713287207,0.07,-0.06
2.0396194458007812,2,0.028790242890361854,0.03882901373576604,-0.04768133949303146
2.0396194458007812,3,0.08769679831693628,-0.03882901373576604,-0.06
2.0396194458007812,4,-0.029453277713287207,-0.07,-0.04768133949303146
2.0396194458007812,5,-0.028790242890361854,-0.03882901373576604,-0.06
2.0537445545196533,0,-0.08571928308787496,0.03882901373576604,-0.043434719451373234
2.0537445545196533,1,0.027475762484225896,0.07,-0.06
2.0537445545196533,2,0.030767758119423165,0.03882901373576604,-0.043434719451373234
2.0537445545196533,3,0.08571928308787496,-0.03882901373576604,-0.06
2.0537445545196533,4,-0.027475762484225896,-0.07,-0.043434719451373234
2.0537445545196533,5,-0.030767758119423165,-0.03882901373576604,-0.06
2.0704052448272705,0,-0.08338678643487801,0.03882901373576604,-0.03859590942398905
2.0704052448272705,1,0.025143265831228945,0.07,-0.06
2.0704052448272705,2,0.03310025477242012,0.03882901373576604,-0.03859590942398905
2.0704052448272705,3,0.08338678643487801,-0.03882901373576604,-0.06
2.0704052448272705,4,-0.025143265831228945,-0.07,-0.03859590942398905
2.0704052448272705,5,-0.03310025477242012,-0.03882901373576604,-0.06
2.083627939224243,0,-0.0815356092114205,0.03882901373576604,-0.03491988910584024
2.083627939224243,1,0.023292088607771433,0.07,-0.06
2.083627939224243,2,0.03495143199587763,0.03882901373576604,-0.03491988910584024
2.083627939224243,3,0.0815356092114205,-0.03882901373576604,-0.06
2.083627939224243,4,-0.023292088607771433,-0.07,-0.03491988910584024
2.083627939224243,5,-0.03495143199587763,-0.03882901373576604,-0.06
2.100170850753784,0,-0.07921960158742442,0.03882901373576604,-0.03056733042972459
2.100170850753784,1,0.020976080983775347,0.07,-0.06
2.100170850753784,2,0.037267439619873714,0.03882901373576604,-0.03056733042972459
2.100170850753784,3,0.07921960158742442,-0.03882901373576604,-0.06
2.100170850753784,4,-0.020976080983775347,-0.07,-0.03056733042972459
2.100170850753784,5,-0.037267439619873714,-0.03882901373576604,-0.06
2.115677833557129,0,-0.07704862398571327,0.03882901373576604,-0.02677497218312644
2.115677833557129,1,0.018805103382064203,0.07,-0.06
2.115677833557129,2,0.03943841722158486,0.03882901373576604,-0.02677497218312644
2.115677833557129,3,0.07704862398571327,-0.03882901373576604,-0.06
2.115677833557129,4,-0.018805103382064203,-0.07,-0.02677497218312644
2.115677833557129,5,-0.03943841722158486,-0.03882901373576604,-0.06
2.1304376125335693,0,-0.0749822549202141,0.03882901373576604,-0.023457594425440348
2.1304376125335693,1,0.01673873431656503,0.07,-0.06
2.1304376125335693,2,0.04150478628708403,0.03882901373576604,-0.023457594425440348
2.1304376125335693,3,0.0749822549202141,-0.03882901373576604,-0.06
2.1304376125335693,4,-0.01673873431656503,-0.07,-0.023457594425440348
2.1304376125335693,5,-0.04150478628708403,-0.03882901373576604,-0.06
2.1477346420288086,0,-0.07256067078057077,0.03882901373576604,-0.01997154999190493
2.1477346420288086,1,0.0143171501769217,0.07,-0.06
2.1477346420288086,2,0.04392637042672736,0.03882901373576604,-0.01997154999190493
2.1477346420288086,3,0.07256067078057077,-0.03882901373576604,-0.06
2.1477346420288086,4,-0.0143171501769217,-0.07,-0.01997154999190493
2.1477346420288086,5,-0.04392637042672736,-0.03882901373576604,-0.06
2.175382614135742,0,-0.06868995466912059,0.03882901373576604,-0.015395231450938143
2.175382614135742,1,0.010446434065471522,0.07,-0.06
2.175382614135742,2,0.04779708653817754,0.03882901373576604,-0.015395231450938143
2.175382614135742,3,0.06868995466912059,-0.03882901373576604,-0.06
2.175382614135742,4,-0.010446434065471522,-0.07,-0.015395231450938143
2.175382614135742,5,-0.04779708653817754,-0.03882901373576604,-0.06
2.1917459964752197,0,-0.0663990811318404,0.03882901373576604,-0.013312052462723545
2.1917459964752197,1,0.00815556052819133,0.07,-0.06
2.1917459964752197,2,0.05008796007545773,0.03882901373576604,-0.013312052462723545
2.1917459964752197,3,0.0663990811318404,-0.03882901373576604,-0.06
2.1917459964752197,4,-0.00815556052819133,-0.07,-0.013312052462723545
2.1917459964752197,5,-0.05008796007545773,-0.03882901373576604,-0.06
2.207702398300171,0,-0.06416518486683648,0.03882901373576604,-0.01175538891327154
2.207702398300171,1,0.0059216642631874095,0.07,-0.06
2.207702398300171,2,0.05232185634046165,0.03882901373576604,-0.01175538891327154
2.207702398300171,3,0.06416518486683648,-0.03882901373576604,-0.06
2.207702398300171,4,-0.0059216642631874095,-0.07,-0.01175538891327154
2.207702398300171,5,-0.05232185634046165,-0.03882901373576604,-0.06
2.222832679748535,0,-0.062046945455047124,0.03882901373576604,-0.010726671506055926
2.222832679748535,1,0.003803424851398063,0.07,-0.06
2.222832679748535,2,0.054440095752251,0.03882901373576604,-0.010726671506055926
2.222832679748535,3,0.062046945455047124,-0.03882901373576604,-0.06
2.222832679748535,4,-0.003803424851398063,-0.07,-0.010726671506055926
2.222832679748535,5,-0.054440095752251,-0.03882901373576604,-0.06
2.2376842498779297,0,-0.059967725628079664,0.03882901373576604,-0.010149624462491305
2.2376842498779297,1,0.0017242050244306029,0.07,-0.06
2.2376842498779297,2,0.05651931557921846,0.03882901373576604,-0.010149624462491305
2.2376842498779297,3,0.059967725628079664,-0.03882901373576604,-0.06
2.2376842498779297,4,-0.0017242050244306029,-0.07,-0.010149624462491305
2.2376842498779297,5,-0.05651931557921846,-0.03882901373576604,-0.06
2.2538254261016846,0,-0.05770796094713309,0.03882901373576604,-0.010014441625271459
2.2538254261016846,1,-0.0005355596565159715,0.07,-0.06
2.2538254261016846,2,0.05877908026016503,0.03882901373576604,-0.010014441625271459
2.2538254261016846,3,0.05770796094713309,-0.03882901373576604,-0.06
2.2538254261016846,4,0.0005355596565159715,-0.07,-0.010014441625271459
2.2538254261016846,5,-0.05877908026016503,-0.03882901373576604,-0.06
2.2624547481536865,0,-0.05649985585470934,0.03882901373576604,-0.010153019188372213
2.2624547481536865,1,-0.0017436647489397217,0.07,-0.06
2.2624547481536865,2,0.05998718535258878,0.03882901373576604,-0.010153019188372213
2.2624547481536865,3,0.05649985585470934,-0.03882901373576604,-0.06
2.2624547481536865,4,0.0017436647489397217,-0.07,-0.010153019188372213
2.2624547481536865,5,-0.05998718535258878,-0.03882901373576604,-0.06
2.2866201400756836,0,-0.053116700971226054,0.03882901373576604,-0.011317718461232383
2.2866201400756836,1,-0.0051268196324230075,0.07,-0.06
2.2866201400756836,2,0.06337034023607208,0.03882901373576604,-0.011317718461232383
2.2866201400756836,3,0.053116700971226054,-0.03882901373576604,-0.06
2.2866201400756836,4,0.0051268196324230075,-0.07,-0.011317718461232383
2.2866201400756836,5,-0.06337034023607208,-0.03882901373576604,-0.06
2.3022878170013428,0,-0.050923226192295105,0.03882901373576604,-0.012674181304920262
2.3022878170013428,1,-0.007320294411353956,0.07,-0.06
2.3022878170013428,2,0.06556381501500302,0.03882901373576604,-0.012674181304920262
2.3022878170013428,3,0.050923226192295105,-0.03882901373576604,-0.06
2.3022878170013428,4,0.007320294411353956,-0.07,-0.012674181304920262
2.3022878170013428,5,-0.06556381501500302,-0.03882901373576604,-0.06
2.3168232440948486,0,-0.048888266390540495,0.03882901373576604,-0.014342756016257237
2.3168232440948486,1,-0.009355254213108566,0.07,-0.06
2.3168232440948486,2,0.06759877481675763,0.03882901373576604,-0.014342756016257237
2.3168232440948486,3,0.048888266390540495,-0.03882901373576604,-0.06
2.3168232440948486,4,0.009355254213108566,-0.07,-0.014342756016257237
2.3168232440948486,5,-0.06759877481675763,-0.03882901373576604,-0.06
2.3345210552215576,0,-0.04641057282225252,0.03882901373576604,-0.016886500106265863
2.3345210552215576,1,-0.011832947781396541,0.07,-0.06
2.3345210552215576,2,0.07007646838504561,0.03882901373576604,-0.016886500106265863
2.3345210552215576,3,0.04641057282225252,-0.03882901373576604,-0.06
2.3345210552215576,4,0.011832947781396541,-0.07,-0.016886500106265863
2.3345210552215576,5,-0.07007646838504561,-0.03882901373576604,-0.06
2.3596303462982178,0,-0.042895272056553795,0.03882901373576604,-0.02140041713133032
2.3596303462982178,1,-0.015348248547095267,0.07,-0.06
2.3596303462982178,2,0.07359176915074434,0.03882901373576604,-0.02140041713133032
2.3596303462982178,3,0.042895272056553795,-0.03882901373576604,-0.06
2.3596303462982178,4,0.015348248547095267,-0.07,-0.02140041713133032
2.3596303462982178,5,-0.07359176915074434,-0.03882901373576604,-0.06
2.3756420612335205,0,-0.040653631956067686,0.03882901373576604,-0.024787577872214535
2.3756420612335205,1,-0.017589888647581375,0.07,-0.06
2.3756420612335205,2,0.07583340925123044,0.03882901373576604,-0.024787577872214535
2.3756420612335205,3,0.040653631956067686,-0.03882901373576604,-0.06
2.3756420612335205,4,0.017589888647581375,-0.07,-0.024787577872214535
2.3756420612335205,5,-0.07583340925123044,-0.03882901373576604,-0.06
2.392110586166382,0,-0.038348038455651094,0.03882901373576604,-0.028642484121602613
2.392110586166382,1,-0.019895482147997967,0.07,-0.06
2.392110586166382,2,0.07813900275164704,0.03882901373576604,-0.028642484121602613
2.392110586166382,3,0.038348038455651094,-0.03882901373576604,-0.06
2.392110586166382,4,0.019895482147997967,-0.07,-0.028642484121602613
2.392110586166382,5,-0.07813900275164704,-0.03882901373576604,-0.06
2.4042718410491943,0,-0.03664546276480867,0.03882901373576604,-0.0317069242848904
2.4042718410491943,1,-0.02159805783884039,0.07,-0.06
2.4042718410491943,2,0.07984157844248946,0.03882901373576604,-0.0317069242848904
2.4042718410491943,3,0.03664546276480867,-0.03882901373576604,-0.06
2.4042718410491943,4,0.02159805783884039,-0.07,-0.0317069242848904
2.4042718410491943,5,-0.07984157844248946,-0.03882901373576604,-0.06
2.4204208850860596,0,-0.03438459659002196,0.03882901373576604,-0.03602826963616676
2.4204208850860596,1,-0.023858924013627103,0.07,-0.06
2.4204208850860596,2,0.08210244461727617,0.03882901373576604,-0.03602826963616676
2.4204208850860596,3,0.03438459659002196,-0.03882901373576604,-0.06
2.4204208850860596,4,0.023858924013627103,-0.07,-0.03602826963616676
2.4204208850860596,5,-0.08210244461727617,-0.03882901373576604,-0.06
2.4366230964660645,0,-0.032116286987164004,0.03882901373576604,-0.04061160266827383
2.4366230964660645,1,-0.026127233616485057,0.07,-0.06
2.4366230964660645,2,0.08437075422013413,0.03882901373576604,-0.04061160266827383
2.4366230964660645,3,0.032116286987164004,-0.03882901373576604,-0.06
2.4366230964660645,4,0.026127233616485057,-0.07,-0.04061160266827383
2.4366230964660645,5,-0.08437075422013413,-0.03882901373576604,-0.06
2.4540176391601562,0,-0.029681050999623197,0.03882901373576604,-0.045754348405596036
2.4540176391601562,1,-0.028562469604025864,0.07,-0.06
2.4540176391601562,2,0.08680599020767493,0.03882901373576604,-0.045754348405596036
2.4540176391601562,3,0.029681050999623197,-0.03882901373576604,-0.06
2.4540176391601562,4,0.028562469604025864,-0.07,-0.045754348405596036
2.4540176391601562,5,-0.08680599020767493,-0.03882901373576604,-0.06
2.4671518802642822,0,-0.027842257237216943,0.03882901373576604,-0.04975356667740545
2.4671518802642822,1,-0.03040126336643212,0.07,-0.06
2.4671518802642822,2,0.08864478397008119,0.03882901373576604,-0.04975356667740545
2.4671518802642822,3,0.027842257237216943,-0.03882901373576604,-0.06
2.4671518802642822,4,0.03040126336643212,-0.07,-0.04975356667740545
2.4671518802642822,5,-0.08864478397008119,-0.03882901373576604,-0.06
2.4847724437713623,0,-0.025375378335723058,0.03882901373576604,-0.05522341746934547
2.4847724437713623,1,-0.032868142267926004,0.07,-0.06
2.4847724437713623,2,0.09111166287157507,0.03882901373576604,-0.05522341746934547
2.4847724437713623,3,0.025375378335723058,-0.03882901373576604,-0.06
2.4847724437713623,4,0.032868142267926004,-0.07,-0.05522341746934547
2.4847724437713623,5,-0.09111166287157507,-0.03882901373576604,-0.06
2.4986565113067627,0,-0.023431608872491454,0.03882901373576604,-0.05957793558537686
2.4986565113067627,1,-0.03481191173115761,0.07,-0.06
2.4986565113067627,2,0.09305543233480668,0.03882901373576604,-0.05957793558537686
2.4986565113067627,3,0.023431608872491454,-0.03882901373576604,-0.06
2.4986565113067627,4,0.03481191173115761,-0.07,-0.05957793558537686
2.4986565113067627,5,-0.09305543233480668,-0.03882901373576604,-0.06
2.5141520500183105,0,-0.025224807465636205,0.03882901373576604,-0.06
2.5141520500183105,1,-0.033018713138012856,0.07,-0.055559858885510606
2.5141520500183105,2,0.09126223374166192,0.03882901373576604,-0.06
2.5141520500183105,3,0.025224807465636205,-0.03882901373576604,-0.055559858885510606
2.5141520500183105,4,0.033018713138012856,-0.07,-0.06
2.5141520500183105,5,-0.09126223374166192,-0.03882901373576604,-0.055559858885510606
2.5315043926239014,0,-0.027654135440761722,0.03882901373576604,-0.06
2.5315043926239014,1,-0.03058938516288734,0.07,-0.050167112083512
2.5315043926239014,2,0.08883290576653641,0.03882901373576604,-0.06
2.5315043926239014,3,0.027654135440761722,-0.03882901373576604,-0.050167112083512
2.5315043926239014,4,0.03058938516288734,-0.07,-0.06
2.5315043926239014,5,-0.08883290576653641,-0.03882901373576604,-0.050167112083512
2.5599958896636963,0,-0.03164294504331527,0.03882901373576604,-0.06
2.5599958896636963,1,-0.026600575560333795,0.07,-0.04159497271824139
2.5599958896636963,2,0.08484409616398286,0.03882901373576604,-0.06
2.5599958896636963,3,0.03164294504331527,-0.03882901373576604,-0.04159497271824139
2.5599958896636963,4,0.026600575560333795,-0.07,-0.06
2.5599958896636963,5,-0.08484409616398286,-0.03882901373576604,-0.04159497271824139
2.5766079425811768,0,-0.03396863246166409,0.03882901373576604,-0.06
2.5766079425811768,1,-0.024274888141984974,0.07,-0.036851548793307126
2.5766079425811768,2,0.08251840874563404,0.03882901373576604,-0.06
2.5766079425811768,3,0.03396863246166409,-0.03882901373576604,-0.036851548793307126
2.5766079425811768,4,0.024274888141984974,-0.07,-0.06
2.5766079425811768,5,-0.08251840874563404,-0.03882901373576604,-0.036851548793307126
2.59277081489563,0,-0.03623143459532135,0.03882901373576604,-0.06
2.59277081489563,1,-0.022012086008327714,0.07,-0.03247778880322509
2.59277081489563,2,0.08025560661197678,0.03882901373576604,-0.06
2.59277081489563,3,0.03623143459532135,-0.03882901373576604,-0.03247778880322509
2.59277081489563,4,0.022012086008327714,-0.07,-0.06
2.59277081489563,5,-0.08025560661197678,-0.03882901373576604,-0.03247778880322509
2.608806848526001,0,-0.03847647931313152,0.03882901373576604,-0.06
2.608806848526001,1,-0.01976704129051754,0.07,-0.02841851181162279
2.608806848526001,2,0.07801056189416661,0.03882901373576604,-0.06
2.608806848526001,3,0.03847647931313152,-0.03882901373576604,-0.02841851181162279
2.608806848526001,4,0.01976704129051754,-0.07,-0.06
2.608806848526001,5,-0.07801056189416661,-0.03882901373576604,-0.02841851181162279
2.6245040893554688,0,-0.040674093038613295,0.03882901373576604,-0.06
2.6245040893554688,1,-0.017569427565035767,0.07,-0.0247549955135244
2.6245040893554688,2,0.07581294816868483,0.03882901373576604,-0.06
2.6245040893554688,3,0.040674093038613295,-0.03882901373576604,-0.0247549955135244
2.6245040893554688,4,0.017569427565035767,-0.07,-0.06
2.6245040893554688,5,-0.07581294816868483,-0.03882901373576604,-0.0247549955135244
2.638124704360962,0,-0.04258097914750086,0.03882901373576604,-0.06
2.638124704360962,1,-0.015662541456148205,0.07,-0.021852535854755516
2.638124704360962,2,0.07390606205979727,0.03882901373576604,-0.06
2.638124704360962,3,0.04258097914750086,-0.03882901373576604,-0.021852535854755516
2.638124704360962,4,0.015662541456148205,-0.07,-0.06
2.638124704360962,5,-0.07390606205979727,-0.03882901373576604,-0.021852535854755516
2.6547465324401855,0,-0.04490803508849955,0.03882901373576604,-0.06
2.6547465324401855,1,-0.013335485515149514,0.07,-0.018690781335175453
2.6547465324401855,2,0.07157900611879858,0.03882901373576604,-0.06
2.6547465324401855,3,0.04490803508849955,-0.03882901373576604,-0.018690781335175453
2.6547465324401855,4,0.013335485515149514,-0.07,-0.06
2.6547465324401855,5,-0.07157900611879858,-0.03882901373576604,-0.018690781335175453
2.661871910095215,0,-0.045905587964450704,0.03882901373576604,-0.06
2.661871910095215,1,-0.012337932639198357,0.07,-0.017471422412655625
2.661871910095215,2,0.07058145324284743,0.03882901373576604,-0.06
2.661871910095215,3,0.045905587964450704,-0.03882901373576604,-0.017471422412655625
2.661871910095215,4,0.012337932639198357,-0.07,-0.06
2.661871910095215,5,-0.07058145324284743,-0.03882901373576604,-0.017471422412655625
2.7010929584503174,0,-0.051396534757542627,0.03882901373576604,-0.06
2.7010929584503174,1,-0.006846985846106435,0.07,-0.012342190573240833
2.7010929584503174,2,0.0650905064497555,0.03882901373576604,-0.06
2.7010929584503174,3,0.051396534757542627,-0.03882901373576604,-0.012342190573240833
2.7010929584503174,4,0.006846985846106435,-0.07,-0.06
2.7010929584503174,5,-0.0650905064497555,-0.03882901373576604,-0.012342190573240833
2.717045307159424,0,-0.05362986358632587,0.03882901373576604,-0.06
2.717045307159424,1,-0.004613657017323192,0.07,-0.011068025858013184
2.717045307159424,2,0.06285717762097226,0.03882901373576604,-0.06
2.717045307159424,3,0.05362986358632587,-0.03882901373576604,-0.011068025858013184
2.717045307159424,4,0.004613657017323192,-0.07,-0.06
2.717045307159424,5,-0.06285717762097226,-0.03882901373576604,-0.011068025858013184
2.7307491302490234,0,-0.05554839882703793,0.03882901373576604,-0.06
2.7307491302490234,1,-0.0026951217766111313,0.07,-0.010365317112104887
2.7307491302490234,2,0.06093864238026019,0.03882901373576604,-0.06
2.7307491302490234,3,0.05554839882703793,-0.03882901373576604,-0.010365317112104887
2.7307491302490234,4,0.0026951217766111313,-0.07,-0.06
2.7307491302490234,5,-0.06093864238026019,-0.03882901373576604,-0.010365317112104887
2.747511148452759,0,-0.05789508138555182,0.03882901373576604,-0.06
2.747511148452759,1,-0.00034843921809724065,0.07,-0.010006112740455438
2.747511148452759,2,0.0585919598217463,0.03882901373576604,-0.06
2.747511148452759,3,0.05789508138555182,-0.03882901373576604,-0.010006112740455438
2.747511148452759,4,0.00034843921809724065,-0.07,-0.06
2.747511148452759,5,-0.0585919598217463,-0.03882901373576604,-0.010006112740455438
2.760939121246338,0,-0.05977499758465659,0.03882901373576604,-0.06
2.760939121246338,1,0.001531476981007529,0.07,-0.010118056771712368
2.760939121246338,2,0.05671204362264153,0.03882901373576604,-0.06
2.760939121246338,3,0.05977499758465659,-0.03882901373576604,-0.010118056771712368
2.760939121246338,4,-0.001531476981007529,-0.07,-0.06
2.760939121246338,5,-0.05671204362264153,-0.03882901373576604,-0.010118056771712368
2.7781567573547363,0,-0.06218546665009488,0.03882901373576604,-0.06
2.7781567573547363,1,0.003941946046445821,0.07,-0.010780425738087393
2.7781567573547363,2,0.05430157455720324,0.03882901373576604,-0.06
2.7781567573547363,3,0.06218546665009488,-0.03882901373576604,-0.010780425738087393
2.7781567573547363,4,-0.003941946046445821,-0.07,-0.06
2.7781567573547363,5,-0.05430157455720324,-0.03882901373576604,-0.010780425738087393
2.79377818107605,0,-0.06437246598038987,0.03882901373576604,-0.06
2.79377818107605,1,0.006128945376740802,0.07,-0.011879641370906455
2.79377818107605,2,0.05211457522690826,0.03882901373576604,-0.06
2.79377818107605,3,0.06437246598038987,-0.03882901373576604,-0.011879641370906455
2.79377818107605,4,-0.006128945376740802,-0.07,-0.06
2.79377818107605,5,-0.05211457522690826,-0.03882901373576604,-0.011879641370906455
2.8224196434020996,0,-0.06838227072310848,0.03882901373576604,-0.06
2.8224196434020996,1,0.010138750119459417,0.07,-0.015087520103255446
2.8224196434020996,2,0.048104770484189645,0.03882901373576604,-0.06
2.8224196434020996,3,0.06838227072310848,-0.03882901373576604,-0.015087520103255446
2.8224196434020996,4,-0.010138750119459417,-0.07,-0.06
2.8224196434020996,5,-0.048104770484189645,-0.03882901373576604,-0.015087520103255446
2.8390352725982666,0,-0.07070845882047555,0.03882901373576604,-0.06
2.8390352725982666,1,0.012464938216826482,0.07,-0.017621982312836307
2.8390352725982666,2,0.04577858238682258,0.03882901373576604,-0.06
2.8390352725982666,3,0.07070845882047555,-0.03882901373576604,-0.017621982312836307
2.8390352725982666,4,-0.012464938216826482,-0.07,-0.06
2.8390352725982666,5,-0.04577858238682258,-0.03882901373576604,-0.017621982312836307
2.854766607284546,0,-0.07291084568593126,0.03882901373576604,-0.06
2.854766607284546,1,0.01466732508228219,0.07,-0.020447351420491262
2.854766607284546,2,0.04357619552136687,0.03882901373576604,-0.06
2.854766607284546,3,0.07291084568593126,-0.03882901373576604,-0.020447351420491262
2.854766607284546,4,-0.01466732508228219,-0.07,-0.06
2.854766607284546,5,-0.04357619552136687,-0.03882901373576604,-0.020447351420491262
2.8685660362243652,0,-0.07484276574573107,0.03882901373576604,-0.06
2.8685660362243652,1,0.016599245142081998,0.07,-0.023244667957524813
2.8685660362243652,2,0.041644275461567064,0.03882901373576604,-0.06
2.8685660362243652,3,0.07484276574573107,-0.03882901373576604,-0.023244667957524813
2.8685660362243652,4,-0.016599245142081998,-0.07,-0.06
2.8685660362243652,5,-0.041644275461567064,-0.03882901373576604,-0.023244667957524813
2.887521743774414,0,-0.07749656481403638,0.03882901373576604,-0.06
2.887521743774414,1,0.019253044210387316,0.07,-0.027532791742108716
2.887521743774414,2,0.038990476393261746,0.03882901373576604,-0.06
2.887521743774414,3,0.07749656481403638,-0.03882901373576604,-0.027532791742108716
2.887521743774414,4,-0.019253044210387316,-0.07,-0.06
2.887521743774414,5,-0.038990476393261746,-0.03882901373576604,-0.027532791742108716
2.915635108947754,0,-0.08143243595506083,0.03882901373576604,-0.06
2.915635108947754,1,0.023188915351411765,0.07,-0.034719870894167906
2.915635108947754,2,0.035054605252237296,0.03882901373576604,-0.06
2.915635108947754,3,0.08143243595506083,-0.03882901373576604,-0.034719870894167906
2.915635108947754,4,-0.023188915351411765,-0.07,-0.06
2.915635108947754,5,-0.035054605252237296,-0.03882901373576604,-0.034719870894167906
2.92382550239563,0,-0.08257909104264533,0.03882901373576604,-0.06
2.92382550239563,1,0.024335570438996257,0.07,-0.036972332772067205
2.92382550239563,2,0.033907950164652804,0.03882901373576604,-0.06
2.92382550239563,3,0.08257909104264533,-0.03882901373576604,-0.036972332772067205
2.92382550239563,4,-0.024335570438996257,-0.07,-0.06
2.92382550239563,5,-0.033907950164652804,-0.03882901373576604,-0.036972332772067205
2.9497432708740234,0,-0.08620757864506862,0.03882901373576604,-0.06
2.9497432708740234,1,0.02796405804141955,0.07,-0.04447246383079507
2.9497432708740234,2,0.030279462562229513,0.03882901373576604,-0.06
2.9497432708740234,3,0.08620757864506862,-0.03882901373576604,-0.04447246383079507
2.9497432708740234,4,-0.02796405804141955,-0.07,-0.06
2.9497432708740234,5,-0.030279462562229513,-0.03882901373576604,-0.04447246383079507
2.9547433853149414,0,-0.08690759466977743,0.03882901373576604,-0.06
2.9547433853149414,1,0.028664074066128364,0.07,-0.045973045812851526
2.9547433853149414,2,0.029579446537520697,0.03882901373576604,-0.06
2.9547433853149414,3,0.08690759466977743,-0.03882901373576604,-0.045973045812851526
2.9547433853149414,4,-0.028664074066128364,-0.07,-0.06
2.9547433853149414,5,-0.029579446537520697,-0.03882901373576604,-0.045973045812851526
2.9820451736450195,0,-0.0907298450522615,0.03882901373576604,-0.06
2.9820451736450195,1,0.032486324448612436,0.07,-0.05437128195220661
2.9820451736450195,2,0.025757196155036625,0.03882901373576604,-0.06
2.9820451736450195,3,0.0907298450522615,-0.03882901373576604,-0.05437128195220661
2.9820451736450195,4,-0.032486324448612436,-0.07,-0.06
2.9820451736450195,5,-0.025757196155036625,-0.03882901373576604,-0.05437128195220661
3.0106968879699707,0,-0.09174595643048894,0.03882901373576604,-0.05664200297160891
3.0106968879699707,1,0.03350243582683987,0.07,-0.06
3.0106968879699707,2,0.02474108477680919,0.03882901373576604,-0.05664200297160891
3.0106968879699707,3,0.09174595643048894,-0.03882901373576604,-0.06
3.0106968879699707,4,-0.03350243582683987,-0.07,-0.05664200297160891
3.0106968879699707,5,-0.02474108477680919,-0.03882901373576604,-0.06
3.0394484996795654,0,-0.08772073077400838,0.03882901373576604,-0.047733395463877455
3.0394484996795654,1,0.029477210170359314,0.07,-0.06
3.0394484996795654,2,0.028766310433289748,0.03882901373576604,-0.047733395463877455
3.0394484996795654,3,0.08772073077400838,-0.03882901373576604,-0.06
3.0394484996795654,4,-0.029477210170359314,-0.07,-0.047733395463877455
3.0394484996795654,5,-0.028766310433289748,-0.03882901373576604,-0.06
3.0567588806152344,0,-0.08529727743269694,0.03882901373576604,-0.04254424736676281
3.0567588806152344,1,0.02705375682904787,0.07,-0.06
3.0567588806152344,2,0.03118976377460119,0.03882901373576604,-0.04254424736676281
3.0567588806152344,3,0.08529727743269694,-0.03882901373576604,-0.06
3.0567588806152344,4,-0.02705375682904787,-0.07,-0.04254424736676281
3.0567588806152344,5,-0.03118976377460119,-0.03882901373576604,-0.06
3.0702638626098633,0,-0.0834065799453993,0.03882901373576604,-0.03863605886218341
3.0702638626098633,1,0.025163059341750227,0.07,-0.06
3.0702638626098633,2,0.033080461261898834,0.03882901373576604,-0.03863605886218341
3.0702638626098633,3,0.0834065799453993,-0.03882901373576604,-0.06
3.0702638626098633,4,-0.025163059341750227,-0.07,-0.03863605886218341
3.0702638626098633,5,-0.033080461261898834,-0.03882901373576604,-0.06
3.0870091915130615,0,-0.08106223388897055,0.03882901373576604,-0.03400666571432883
3.0870091915130615,1,0.02281871328532148,0.07,-0.06
3.0870091915130615,2,0.03542480731832758,0.03882901373576604,-0.03400666571432883
3.0870091915130615,3,0.08106223388897055,-0.03882901373576604,-0.06
3.0870091915130615,4,-0.02281871328532148,-0.07,-0.03400666571432883
3.0870091915130615,5,-0.03542480731832758,-0.03882901373576604,-0.06
3.100829839706421,0,-0.07912734313366249,0.03882901373576604,-0.030400225176928284
3.100829839706421,1,0.02088382253001342,0.07,-0.06
3.100829839706421,2,0.03735969807363564,0.03882901373576604,-0.030400225176928284
3.100829839706421,3,0.07912734313366249,-0.03882901373576604,-0.06
3.100829839706421,4,-0.02088382253001342,-0.07,-0.030400225176928284
3.100829839706421,5,-0.03735969807363564,-0.03882901373576604,-0.06
3.117852210998535,0,-0.07674421114262037,0.03882901373576604,-0.026267615850452862
3.117852210998535,1,0.0185006905389713,0.07,-0.06
3.117852210998535,2,0.03974283006467776,0.03882901373576604,-0.026267615850452862
3.117852210998535,3,0.07674421114262037,-0.03882901373576604,-0.06
3.117852210998535,4,-0.0185006905389713,-0.07,-0.026267615850452862
3.117852210998535,5,-0.03974283006467776,-0.03882901373576604,-0.06
3.1346933841705322,0,-0.07438644688850266,0.03882901373576604,-0.022558217183432275
3.1346933841705322,1,0.016142926284853587,0.07,-0.06
3.1346933841705322,2,0.042100594318795474,0.03882901373576604,-0.022558217183432275
3.1346933841705322,3,0.07438644688850266,-0.03882901373576604,-0.06
3.1346933841705322,4,-0.016142926284853587,-0.07,-0.022558217183432275
3.1346933841705322,5,-0.042100594318795474,-0.03882901373576604,-0.06
3.163632392883301,0,-0.07033498565146606,0.03882901373576604,-0.017183192042153718
3.163632392883301,1,0.012091465047816996,0.07,-0.06
3.163632392883301,2,0.046152055555832065,0.03882901373576604,-0.017183192042153718
3.163632392883301,3,0.07033498565146606,-0.03882901373576604,-0.06
3.163632392883301,4,-0.012091465047816996,-0.07,-0.017183192042153718
3.163632392883301,5,-0.046152055555832065,-0.03882901373576604,-0.06
3.1778533458709717,0,-0.06834405222471579,0.03882901373576604,-0.015049894967624669
3.1778533458709717,1,0.010100531621066722,0.07,-0.06
3.1778533458709717,2,0.04814298898258234,0.03882901373576604,-0.015049894967624669
3.1778533458709717,3,0.06834405222471579,-0.03882901373576604,-0.06
3.1778533458709717,4,-0.010100531621066722,-0.07,-0.015049894967624669
3.1778533458709717,5,-0.04814298898258234,-0.03882901373576604,-0.06
3.1934921741485596,0,-0.06615461625653202,0.03882901373576604,-0.013118528966224521
3.1934921741485596,1,0.007911095652882949,0.07,-0.06
3.1934921741485596,2,0.05033242495076611,0.03882901373576604,-0.013118528966224521
3.1934921741485596,3,0.06615461625653202,-0.03882901373576604,-0.06
3.1934921741485596,4,-0.007911095652882949,-0.07,-0.013118528966224521
3.1934921741485596,5,-0.05033242495076611,-0.03882901373576604,-0.06
3.2096433639526367,0,-0.06389344967433436,0.03882901373576604,-0.011598826129902304
3.2096433639526367,1,0.005649929070685289,0.07,-0.06
3.2096433639526367,2,0.05259359153296377,0.03882901373576604,-0.011598826129902304
3.2096433639526367,3,0.06389344967433436,-0.03882901373576604,-0.06
3.2096433639526367,4,-0.005649929070685289,-0.07,-0.011598826129902304
3.2096433639526367,5,-0.05259359153296377,-0.03882901373576604,-0.06
3.2255730628967285,0,-0.06166329181266666,0.03882901373576604,-0.010587739053928485
3.2255730628967285,1,0.003419771209017597,0.07,-0.06
3.2255730628967285,2,0.054823749394631464,0.03882901373576604,-0.010587739053928485
3.2255730628967285,3,0.06166329181266666,-0.03882901373576604,-0.06
3.2255730628967285,4,-0.003419771209017597,-0.07,-0.010587739053928485
3.2255730628967285,5,-0.054823749394631464,-0.03882901373576604,-0.06
3.2419400215148926,0,-0.05937191759636822,0.03882901373576604,-0.010064101715078037
3.2419400215148926,1,0.0011283969927191606,0.07,-0.06
3.2419400215148926,2,0.0571151236109299,0.03882901373576604,-0.010064101715078037
3.2419400215148926,3,0.05937191759636822,-0.03882901373576604,-0.06
3.2419400215148926,4,-0.0011283969927191606,-0.07,-0.010064101715078037
3.2419400215148926,5,-0.0571151236109299,-0.03882901373576604,-0.06
3.256788730621338,0,-0.05729309831261536,0.03882901373576604,-0.010045478270510486
3.256788730621338,1,-0.0009504222910337035,0.07,-0.06
3.256788730621338,2,0.059193942894682765,0.03882901373576604,-0.010045478270510486
3.256788730621338,3,0.05729309831261536,-0.03882901373576604,-0.06
3.256788730621338,4,0.0009504222910337035,-0.07,-0.010045478270510486
3.256788730621338,5,-0.059193942894682765,-0.03882901373576604,-0.06
3.2724170684814453,0,-0.055105131002885104,0.03882901373576604,-0.010495152097771646
3.2724170684814453,1,-0.003138389600763958,0.07,-0.06
3.2724170684814453,2,0.06138191020441302,0.03882901373576604,-0.010495152097771646
3.2724170684814453,3,0.055105131002885104,-0.03882901373576604,-0.06
3.2724170684814453,4,0.003138389600763958,-0.07,-0.010495152097771646
3.2724170684814453,5,-0.06138191020441302,-0.03882901373576604,-0.06
3.2874326705932617,0,-0.05300294669828081,0.03882901373576604,-0.011376569733257104
3.2874326705932617,1,-0.005240573905368251,0.07,-0.06
3.2874326705932617,2,0.06348409450901732,0.03882901373576604,-0.011376569733257104
3.2874326705932617,3,0.05300294669828081,-0.03882901373576604,-0.06
3.2874326705932617,4,0.005240573905368251,-0.07,-0.011376569733257104
3.2874326705932617,5,-0.06348409450901732,-0.03882901373576604,-0.06
3.302642822265625,0,-0.050873525455083994,0.03882901373576604,-0.012710284229362982
3.302642822265625,1,-0.007369995148565067,0.07,-0.06
3.302642822265625,2,0.06561351575221414,0.03882901373576604,-0.012710284229362982
3.302642822265625,3,0.050873525455083994,-0.03882901373576604,-0.06
3.302642822265625,4,0.007369995148565067,-0.07,-0.012710284229362982
3.302642822265625,5,-0.06561351575221414,-0.03882901373576604,-0.06
3.3196537494659424,0,-0.04849199563690026,0.03882901373576604,-0.01471243846270403
3.3196537494659424,1,-0.009751524966748804,0.07,-0.06
3.3196537494659424,2,0.06799504557039787,0.03882901373576604,-0.01471243846270403
3.3196537494659424,3,0.04849199563690026,-0.03882901373576604,-0.06
3.3196537494659424,4,0.009751524966748804,-0.07,-0.01471243846270403
3.3196537494659424,5,-0.06799504557039787,-0.03882901373576604,-0.06
3.3341147899627686,0,-0.04646744995872514,0.03882901373576604,-0.01682200155691428
3.3341147899627686,1,-0.01177607064492392,0.07,-0.06
3.3341147899627686,2,0.07001959124857299,0.03882901373576604,-0.01682200155691428
3.3341147899627686,3,0.04646744995872514,-0.03882901373576604,-0.06
3.3341147899627686,4,0.01177607064492392,-0.07,-0.01682200155691428
3.3341147899627686,5,-0.07001959124857299,-0.03882901373576604,-0.06
3.3501296043395996,0,-0.04422537593642322,0.03882901373576604,-0.019573095590155305
3.3501296043395996,1,-0.01401814466722584,0.07,-0.06
3.3501296043395996,2,0.07226166527087491,0.03882901373576604,-0.019573095590155305
3.3501296043395996,3,0.04422537593642322,-0.03882901373576604,-0.06
3.3501296043395996,4,0.01401814466722584,-0.07,-0.019573095590155305
3.3501296043395996,5,-0.07226166527087491,-0.03882901373576604,-0.06
3.3670947551727295,0,-0.04185025480967302,0.03882901373576604,-0.022932882495204178
3.3670947551727295,1,-0.016393265793976042,0.07,-0.06
3.3670947551727295,2,0.07463678639762511,0.03882901373576604,-0.022932882495204178
3.3670947551727295,3,0.04185025480967302,-0.03882901373576604,-0.06
3.3670947551727295,4,0.016393265793976042,-0.07,-0.022932882495204178
3.3670947551727295,5,-0.07463678639762511,-0.03882901373576604,-0.06
3.380758047103882,0,-0.039937393931167735,0.03882901373576604,-0.02594663384641739
3.380758047103882,1,-0.018306126672481327,0.07,-0.06
3.380758047103882,2,0.0765496472761304,0.03882901373576604,-0.02594663384641739
3.380758047103882,3,0.039937393931167735,-0.03882901373576604,-0.06
3.380758047103882,4,0.018306126672481327,-0.07,-0.02594663384641739
3.380758047103882,5,-0.0765496472761304,-0.03882901373576604,-0.06
3.4001002311706543,0,-0.03722948815029075,0.03882901373576604,-0.030636217547035802
3.4001002311706543,1,-0.02101403245335831,0.07,-0.06
3.4001002311706543,2,0.07925755305700738,0.03882901373576604,-0.030636217547035802
3.4001002311706543,3,0.03722948815029075,-0.03882901373576604,-0.06
3.4001002311706543,4,0.02101403245335831,-0.07,-0.030636217547035802
3.4001002311706543,5,-0.07925755305700738,-0.03882901373576604,-0.06
3.426555871963501,0,-0.033525698423523424,0.03882901373576604,-0.03773706889570809
3.426555871963501,1,-0.024717822180125637,0.07,-0.06
3.426555871963501,2,0.0829613427837747,0.03882901373576604,-0.03773706889570809
3.426555871963501,3,0.033525698423523424,-0.03882901373576604,-0.06
3.426555871963501,4,0.024717822180125637,-0.07,-0.03773706889570809
3.426555871963501,5,-0.0829613427837747,-0.03882901373576604,-0.06
3.4426681995391846,0,-0.031269972553324026,0.03882901373576604,-0.042375697622057
3.4426681995391846,1,-0.026973548050325036,0.07,-0.06
3.4426681995391846,2,0.0852170686539741,0.03882901373576604,-0.042375697622057
3.4426681995391846,3,0.031269972553324026,-0.03882901373576604,-0.06
3.4426681995391846,4,0.026973548050325036,-0.07,-0.042375697622057
3.4426681995391846,5,-0.0852170686539741,-0.03882901373576604,-0.06
3.4558002948760986,0,-0.029431479198328718,0.03882901373576604,-0.0462920569187291
3.4558002948760986,1,-0.028812041405320343,0.07,-0.06
3.4558002948760986,2,0.08705556200896941,0.03882901373576604,-0.0462920569187291
3.4558002948760986,3,0.029431479198328718,-0.03882901373576604,-0.06
3.4558002948760986,4,0.028812041405320343,-0.07,-0.0462920569187291
3.4558002948760986,5,-0.08705556200896941,-0.03882901373576604,-0.06
3.470529079437256,0,-0.027369449350987667,0.03882901373576604,-0.05079425668056793
3.470529079437256,1,-0.030874071252661395,0.07,-0.06
3.470529079437256,2,0.08911759185631046,0.03882901373576604,-0.05079425668056793
3.470529079437256,3,0.027369449350987667,-0.03882901373576604,-0.06
3.470529079437256,4,0.030874071252661395,-0.07,-0.05079425668056793
3.470529079437256,5,-0.08911759185631046,-0.03882901373576604,-0.06
3.4888694286346436,0,-0.02480180045242169,0.03882901373576604,-0.05650607756010946
3.4888694286346436,1,-0.03344172015122737,0.07,-0.06
3.4888694286346436,2,0.09168524075487644,0.03882901373576604,-0.05650607756010946
3.4888694286346436,3,0.02480180045242169,-0.03882901373576604,-0.06
3.4888694286346436,4,0.03344172015122737,-0.07,-0.05650607756010946
3.4888694286346436,5,-0.09168524075487644,-0.03882901373576604,-0.06
3.504596710205078,0,-0.02388705988608824,0.03882901373576604,-0.06
3.504596710205078,1,-0.03435646071756082,0.07,-0.05855610163943807
3.504596710205078,2,0.09259998132120989,0.03882901373576604,-0.06
3.504596710205078,3,0.02388705988608824,-0.03882901373576604,-0.05855610163943807
3.504596710205078,4,0.03435646071756082,-0.07,-0.06
3.504596710205078,5,-0.09259998132120989,-0.03882901373576604,-0.05855610163943807
3.521455764770508,0,-0.026247327535297175,0.03882901373576604,-0.06
3.521455764770508,1,-0.031996193068351886,0.07,-0.053279870983213656
3.521455764770508,2,0.09023971367200095,0.03882901373576604,-0.06
3.521455764770508,3,0.026247327535297175,-0.03882901373576604,-0.053279870983213656
3.521455764770508,4,0.031996193068351886,-0.07,-0.06
3.521455764770508,5,-0.09023971367200095,-0.03882901373576604,-0.053279870983213656
3.533964157104492,0,-0.02799850246951057,0.03882901373576604,-0.06
3.533964157104492,1,-0.03024501813413849,0.07,-0.04941064902303352
3.533964157104492,2,0.08848853873778756,0.03882901373576604,-0.06
3.533964157104492,3,0.02799850246951057,-0.03882901373576604,-0.04941064902303352
3.533964157104492,4,0.03024501813413849,-0.07,-0.06
3.533964157104492,5,-0.08848853873778756,-0.03882901373576604,-0.04941064902303352
3.5515880584716797,0,-0.030465848671421485,0.03882901373576604,-0.06
3.5515880584716797,1,-0.027777671932227577,0.07,-0.04407544185001354
3.5515880584716797,2,0.08602119253587664,0.03882901373576604,-0.06
3.5515880584716797,3,0.030465848671421485,-0.03882901373576604,-0.04407544185001354
3.5515880584716797,4,0.027777671932227577,-0.07,-0.06
3.5515880584716797,5,-0.08602119253587664,-0.03882901373576604,-0.04407544185001354
3.568603277206421,0,-0.032847979304427115,0.03882901373576604,-0.06
3.568603277206421,1,-0.025395541299221946,0.07,-0.03910888194774408
3.568603277206421,2,0.08363906190287101,0.03882901373576604,-0.06
3.568603277206421,3,0.032847979304427115,-0.03882901373576604,-0.03910888194774408
3.568603277206421,4,0.025395541299221946,-0.07,-0.06
3.568603277206421,5,-0.08363906190287101,-0.03882901373576604,-0.03910888194774408
3.5810999870300293,0,-0.03459751868718091,0.03882901373576604,-0.06
3.5810999870300293,1,-0.02364600191646815,0.07,-0.035610067368918114
3.5810999870300293,2,0.08188952252011722,0.03882901373576604,-0.06
3.5810999870300293,3,0.03459751868718091,-0.03882901373576604,-0.035610067368918114
3.5810999870300293,4,0.02364600191646815,-0.07,-0.06
3.5810999870300293,5,-0.08188952252011722,-0.03882901373576604,-0.035610067368918114
3.596670150756836,0,-0.03677734161821438,0.03882901373576604,-0.06
3.596670150756836,1,-0.02146617898543468,0.07,-0.031463422400959826
3.596670150756836,2,0.07970969958908375,0.03882901373576604,-0.06
3.596670150756836,3,0.03677734161821438,-0.03882901373576604,-0.031463422400959826
3.596670150756836,4,0.02146617898543468,-0.07,-0.06
3.596670150756836,5,-0.07970969958908375,-0.03882901373576604,-0.031463422400959826
3.614654302597046,0,-0.039295122886563165,0.03882901373576604,-0.06
3.614654302597046,1,-0.018948397717085896,0.07,-0.027015949273113515
3.614654302597046,2,0.07719191832073496,0.03882901373576604,-0.06
3.614654302597046,3,0.039295122886563165,-0.03882901373576604,-0.027015949273113515
3.614654302597046,4,0.018948397717085896,-0.07,-0.06
3.614654302597046,5,-0.07719191832073496,-0.03882901373576604,-0.027015949273113515
3.628828287124634,0,-0.04127948072887382,0.03882901373576604,-0.06
3.628828287124634,1,-0.01696403987477524,0.07,-0.023804538407952165
3.628828287124634,2,0.0752075604784243,0.03882901373576604,-0.06
3.628828287124634,3,0.04127948072887382,-0.03882901373576604,-0.023804538407952165
3.628828287124634,4,0.01696403987477524,-0.07,-0.06
3.628828287124634,5,-0.0752075604784243,-0.03882901373576604,-0.023804538407952165
3.6442975997924805,0,-0.04344518451159279,0.03882901373576604,-0.06
3.6442975997924805,1,-0.014798336092056275,0.07,-0.020627880569016988
3.6442975997924805,2,0.07304185669570534,0.03882901373576604,-0.06
3.6442975997924805,3,0.04344518451159279,-0.03882901373576604,-0.020627880569016988
3.6442975997924805,4,0.014798336092056275,-0.07,-0.06
3.6442975997924805,5,-0.07304185669570534,-0.03882901373576604,-0.020627880569016988
3.6605920791625977,0,-0.04572641163312146,0.03882901373576604,-0.06
3.6605920791625977,1,-0.012517108970527602,0.07,-0.017684227832484946
3.6605920791625977,2,0.07076062957417667,0.03882901373576604,-0.06
3.6605920791625977,3,0.04572641163312146,-0.03882901373576604,-0.017684227832484946
3.6605920791625977,4,0.012517108970527602,-0.07,-0.06
3.6605920791625977,5,-0.07076062957417667,-0.03882901373576604,-0.017684227832484946
3.674093723297119,0,-0.047616641820002074,0.03882901373576604,-0.06
3.674093723297119,1,-0.010626878783646987,0.07,-0.01557965270910662
3.674093723297119,2,0.06887039938729606,0.03882901373576604,-0.06
3.674093723297119,3,0.047616641820002074,-0.03882901373576604,-0.01557965270910662
3.674093723297119,4,0.010626878783646987,-0.07,-0.06
3.674093723297119,5,-0.06887039938729606,-0.03882901373576604,-0.01557965270910662
3.689143419265747,0,-0.0497235992645803,0.03882901373576604,-0.06
3.689143419265747,1,-0.008519921339068759,0.07,-0.013610911182592361
3.689143419265747,2,0.06676344194271783,0.03882901373576604,-0.06
3.689143419265747,3,0.0497235992645803,-0.03882901373576604,-0.013610911182592361
3.689143419265747,4,0.008519921339068759,-0.07,-0.06
3.689143419265747,5,-0.06676344194271783,-0.03882901373576604,-0.013610911182592361
3.7058005332946777,0,-0.05205559523855901,0.03882901373576604,-0.06
3.7058005332946777,1,-0.006187925365090052,0.07,-0.01191575782244754
3.7058005332946777,2,0.06443144596873912,0.03882901373576604,-0.06
3.7058005332946777,3,0.05205559523855901,-0.03882901373576604,-0.01191575782244754
3.7058005332946777,4,0.006187925365090052,-0.07,-0.06
3.7058005332946777,5,-0.06443144596873912,-0.03882901373576604,-0.01191575782244754
3.720445156097412,0,-0.0541058424396707,0.03882901373576604,-0.06
3.720445156097412,1,-0.004137678163978364,0.07,-0.010859623620625869
3.720445156097412,2,0.062381198767627426,0.03882901373576604,-0.06
3.720445156097412,3,0.0541058424396707,-0.03882901373576604,-0.010859623620625869
3.720445156097412,4,0.004137678163978364,-0.07,-0.06
3.720445156097412,5,-0.062381198767627426,-0.03882901373576604,-0.010859623620625869
3.7374603748321533,0,-0.05648797307267633,0.03882901373576604,-0.06
3.7374603748321533,1,-0.0017555475309727342,0.07,-0.010155110822457174
3.7374603748321533,2,0.059999068134621796,0.03882901373576604,-0.06
3.7374603748321533,3,0.05648797307267633,-0.03882901373576604,-0.010155110822457174
3.7374603748321533,4,0.0017555475309727342,-0.07,-0.06
3.7374603748321533,5,-0.059999068134621796,-0.03882901373576604,-0.010155110822457174
3.75358510017395,0,-0.058745434630138975,0.03882901373576604,-0.06
3.75358510017395,1,0.0005019140264899136,0.07,-0.010012684065280518
3.75358510017395,2,0.05774160657715915,0.03882901373576604,-0.06
3.75358510017395,3,0.058745434630138975,-0.03882901373576604,-0.010012684065280518
3.75358510017395,4,-0.0005019140264899136,-0.07,-0.06
3.75358510017395,5,-0.05774160657715915,-0.03882901373576604,-0.010012684065280518
3.76715350151062,0,-0.06064501082536016,0.03882901373576604,-0.06
3.76715350151062,1,0.0024014902217111,0.07,-0.010290124069512512
3.76715350151062,2,0.05584203038193796,0.03882901373576604,-0.06
3.76715350151062,3,0.06064501082536016,-0.03882901373576604,-0.010290124069512512
3.76715350151062,4,-0.0024014902217111,-0.07,-0.06
3.76715350151062,5,-0.05584203038193796,-0.03882901373576604,-0.010290124069512512
3.7838380336761475,0,-0.06298084533847875,0.03882901373576604,-0.06
3.7838380336761475,1,0.004737324734829684,0.07,-0.011125830792944498
3.7838380336761475,2,0.05350619586881938,0.03882901373576604,-0.06
3.7838380336761475,3,0.06298084533847875,-0.03882901373576604,-0.011125830792944498
3.7838380336761475,4,-0.004737324734829684,-0.07,-0.06
3.7838380336761475,5,-0.05350619586881938,-0.03882901373576604,-0.011125830792944498
3.8008952140808105,0,-0.06536885060529846,0.03882901373576604,-0.06
3.8008952140808105,1,0.007125330001649388,0.07,-0.012534833140757727
3.8008952140808105,2,0.05111819060199967,0.03882901373576604,-0.06
3.8008952140808105,3,0.06536885060529846,-0.03882901373576604,-0.012534833140757727
3.8008952140808105,4,-0.007125330001649388,-0.07,-0.06
3.8008952140808105,5,-0.05111819060199967,-0.03882901373576604,-0.012534833140757727
3.8141677379608154,0,-0.06722700395641018,0.03882901373576604,-0.06
3.8141677379608154,1,0.008983483352761112,0.07,-0.014009056493432738
3.8141677379608154,2,0.04926003725088795,0.03882901373576604,-0.06
3.8141677379608154,3,0.06722700395641018,-0.03882901373576604,-0.014009056493432738
3.8141677379608154,4,-0.008983483352761112,-0.07,-0.06
3.8141677379608154,5,-0.04926003725088795,-0.03882901373576604,-0.014009056493432738
3.831404685974121,0,-0.069640176688547,0.03882901373576604,-0.06
3.831404685974121,1,0.011396656084897927,0.07,-0.016398964651039162
3.831404685974121,2,0.046846864518751134,0.03882901373576604,-0.06
3.831404685974121,3,0.069640176688547,-0.03882901373576604,-0.016398964651039162
3.831404685974121,4,-0.011396656084897927,-0.07,-0.06
3.831404685974121,5,-0.046846864518751134,-0.03882901373576604,-0.016398964651039162
3.846548318862915,0,-0.07176028530200446,0.03882901373576604,-0.06
3.846548318862915,1,0.013516764698355388,0.07,-0.01892133112019554
3.846548318862915,2,0.04472675590529367,0.03882901373576604,-0.06
3.846548318862915,3,0.07176028530200446,-0.03882901373576604,-0.01892133112019554
3.846548318862915,4,-0.013516764698355388,-0.07,-0.06
3.846548318862915,5,-0.04472675590529367,-0.03882901373576604,-0.01892133112019554
3.864057779312134,0,-0.07421160977533153,0.03882901373576604,-0.06
3.864057779312134,1,0.015968089171682465,0.07,-0.022299351169430652
3.864057779312134,2,0.0422754314319666,0.03882901373576604,-0.06
3.864057779312134,3,0.07421160977533153,-0.03882901373576604,-0.022299351169430652
3.864057779312134,4,-0.015968089171682465,-0.07,-0.06
3.864057779312134,5,-0.0422754314319666,-0.03882901373576604,-0.022299351169430652
3.8780763149261475,0,-0.07617420476964915,0.03882901373576604,-0.06
3.8780763149261475,1,0.017930684166000077,0.07,-0.02533460761778171
3.8780763149261475,2,0.040312836437648984,0.03882901373576604,-0.06
3.8780763149261475,3,0.07617420476964915,-0.03882901373576604,-0.02533460761778171
3.8780763149261475,4,-0.017930684166000077,-0.07,-0.06
3.8780763149261475,5,-0.040312836437648984,-0.03882901373576604,-0.02533460761778171
3.893707513809204,0,-0.078362572622594,0.03882901373576604,-0.06
3.893707513809204,1,0.020119052018944927,0.07,-0.02903482121300944
3.893707513809204,2,0.038124468584704134,0.03882901373576604,-0.06
3.893707513809204,3,0.078362572622594,-0.03882901373576604,-0.02903482121300944
3.893707513809204,4,-0.020119052018944927,-0.07,-0.06
3.893707513809204,5,-0.038124468584704134,-0.03882901373576604,-0.02903482121300944
3.9087576866149902,0,-0.08046959682437466,0.03882901373576604,-0.06
3.9087576866149902,1,0.022226076220725588,0.07,-0.03287995147017822
3.9087576866149902,2,0.03601744438292347,0.03882901373576604,-0.06
3.9087576866149902,3,0.08046959682437466,-0.03882901373576604,-0.03287995147017822
3.9087576866149902,4,-0.022226076220725588,-0.07,-0.06
3.9087576866149902,5,-0.03601744438292347,-0.03882901373576604,-0.03287995147017822
3.9239702224731445,0,-0.08259935185358364,0.03882901373576604,-0.06
3.9239702224731445,1,0.024355831249934567,0.07,-0.03701269861343624
3.9239702224731445,2,0.033887689353714494,0.03882901373576604,-0.06
3.9239702224731445,3,0.08259935185358364,-0.03882901373576604,-0.03701269861343624
3.9239702224731445,4,-0.024355831249934567,-0.07,-0.06
3.9239702224731445,5,-0.033887689353714494,-0.03882901373576604,-0.03701269861343624
3.9390928745269775,0,-0.08471652315013406,0.03882901373576604,-0.06
3.9390928745269775,1,0.02647300254648499,0.07,-0.041329103048825144
3.9390928745269775,2,0.03177051805716407,0.03882901373576604,-0.06
3.9390928745269775,3,0.08471652315013406,-0.03882901373576604,-0.041329103048825144
3.9390928745269775,4,-0.02647300254648499,-0.07,-0.06
3.9390928745269775,5,-0.03177051805716407,-0.03882901373576604,-0.041329103048825144
3.9557182788848877,0,-0.087044079770151,0.03882901373576604,-0.06
3.9557182788848877,1,0.028800559166501927,0.07,-0.046267279898499616
3.9557182788848877,2,0.029442961437147135,0.03882901373576604,-0.06
3.9557182788848877,3,0.087044079770151,-0.03882901373576604,-0.046267279898499616
3.9557182788848877,4,-0.028800559166501927,-0.07,-0.06
3.9557182788848877,5,-0.029442961437147135,-0.03882901373576604,-0.046267279898499616
3.9706661701202393,0,-0.08913678455200985,0.03882901373576604,-0.06
3.9706661701202393,1,0.030893263948360783,0.07,-0.050836592135158926
3.9706661701202393,2,0.02735025665528828,0.03882901373576604,-0.06
3.9706661701202393,3,0.08913678455200985,-0.03882901373576604,-0.050836592135158926
3.9706661701202393,4,-0.030893263948360783,-0.07,-0.06
3.9706661701202393,5,-0.02735025665528828,-0.03882901373576604,-0.050836592135158926
3.9874792098999023,0,-0.09149061013118404,0.03882901373576604,-0.06
3.9874792098999023,1,0.03324708952753497,0.07,-0.05607053392010365
3.9874792098999023,2,0.024996431076114094,0.03882901373576604,-0.06
3.9874792098999023,3,0.09149061013118404,-0.03882901373576604,-0.05607053392010365
3.9874792098999023,4,-0.03324708952753497,-0.07,-0.06
3.9874792098999023,5,-0.024996431076114094,-0.03882901373576604,-0.05607053392010365
3.9944798946380615,0,-0.09247070599869905,0.03882901373576604,-0.06
3.9944798946380615,1,0.034227185395049986,0.07,-0.05826615540465342
3.9944798946380615,2,0.024016335208599075,0.03882901373576604,-0.06
3.9944798946380615,3,0.09247070599869905,-0.03882901373576604,-0.05826615540465342
3.9944798946380615,4,-0.034227185395049986,-0.07,-0.06
3.9944798946380615,5,-0.024016335208599075,-0.03882901373576604,-0.05826615540465342
4.017509937286377,0,-0.09079212952213117,0.03882901373576604,-0.054510181336988484
4.017509937286377,1,0.0325486089184821,0.07,-0.06
4.017509937286377,2,0.02569491168516696,0.03882901373576604,-0.054510181336988484
4.017509937286377,3,0.09079212952213117,-0.03882901373576604,-0.06
4.017509937286377,4,-0.0325486089184821,-0.07,-0.054510181336988484
4.017509937286377,5,-0.02569491168516696,-0.03882901373576604,-0.06
4.033793687820435,0,-0.08851240443765723,0.03882901373576604,-0.0494629947543566
4.033793687820435,1,0.030268883834008165,0.07,-0.06
4.033793687820435,2,0.027974636769640897,0.03882901373576604,-0.0494629947543566
4.033793687820435,3,0.08851240443765723,-0.03882901373576604,-0.06
4.033793687820435,4,-0.030268883834008165,-0.07,-0.0494629947543566
4.033793687820435,5,-0.027974636769640897,-0.03882901373576604,-0.06
4.049933433532715,0,-0.08625284002831796,0.03882901373576604,-0.044569040345366975
4.049933433532715,1,0.028009319424668888,0.07,-0.06
4.049933433532715,2,0.030234201178980173,0.03882901373576604,-0.044569040345366975
4.049933433532715,3,0.08625284002831796,-0.03882901373576604,-0.06
4.049933433532715,4,-0.028009319424668888,-0.07,-0.044569040345366975
4.049933433532715,5,-0.030234201178980173,-0.03882901373576604,-0.06
4.064548492431641,0,-0.0842067317737571,0.03882901373576604,-0.04027286407346904
4.064548492431641,1,0.025963211170108025,0.07,-0.06
4.064548492431641,2,0.032280309433541036,0.03882901373576604,-0.04027286407346904
4.064548492431641,3,0.0842067317737571,-0.03882901373576604,-0.06
4.064548492431641,4,-0.025963211170108025,-0.07,-0.04027286407346904
4.064548492431641,5,-0.032280309433541036,-0.03882901373576604,-0.06
4.079779386520386,0,-0.08207440659225446,0.03882901373576604,-0.035973073919468024
4.079779386520386,1,0.023830885988605388,0.07,-0.06
4.079779386520386,2,0.03441263461504367,0.03882901373576604,-0.035973073919468024
4.079779386520386,3,0.08207440659225446,-0.03882901373576604,-0.06
4.079779386520386,4,-0.023830885988605388,-0.07,-0.035973073919468024
4.079779386520386,5,-0.03441263461504367,-0.03882901373576604,-0.06
4.096691370010376,0,-0.0797067288935755,0.03882901373576604,-0.03145794877233404
4.096691370010376,1,0.021463208289926428,0.07,-0.06
4.096691370010376,2,0.036780312313722634,0.03882901373576604,-0.03145794877233404
4.096691370010376,3,0.0797067288935755,-0.03882901373576604,-0.06
4.096691370010376,4,-0.021463208289926428,-0.07,-0.03145794877233404
4.096691370010376,5,-0.036780312313722634,-0.03882901373576604,-0.06
4.112755298614502,0,-0.07745777887942301,0.03882901373576604,-0.02746665097884629
4.112755298614502,1,0.019214258275773943,0.07,-0.06
4.112755298614502,2,0.03902926232787512,0.03882901373576604,-0.02746665097884629
4.112755298614502,3,0.07745777887942301,-0.03882901373576604,-0.06
4.112755298614502,4,-0.019214258275773943,-0.07,-0.02746665097884629
4.112755298614502,5,-0.03902926232787512,-0.03882901373576604,-0.06
4.136990308761597,0,-0.07406487744438456,0.03882901373576604,-0.022083888308830457
4.136990308761597,1,0.01582135684073549,0.07,-0.06
4.136990308761597,2,0.04242216376291357,0.03882901373576604,-0.022083888308830457
4.136990308761597,3,0.07406487744438456,-0.03882901373576604,-0.06
4.136990308761597,4,-0.01582135684073549,-0.07,-0.022083888308830457
4.136990308761597,5,-0.04242216376291357,-0.03882901373576604,-0.06
4.163606643676758,0,-0.07033859054039743,0.03882901373576604,-0.017187370096133206
4.163606643676758,1,0.01209506993674836,0.07,-0.06
4.163606643676758,2,0.0461484506669007,0.03882901373576604,-0.017187370096133206
4.163606643676758,3,0.07033859054039743,-0.03882901373576604,-0.06
4.163606643676758,4,-0.01209506993674836,-0.07,-0.017187370096133206
4.163606643676758,5,-0.0461484506669007,-0.03882901373576604,-0.06
4.178629159927368,0,-0.06823543825635786,0.03882901373576604,-0.014943689617236515
4.178629159927368,1,0.009991917652708793,0.07,-0.06
4.178629159927368,2,0.04825160295094027,0.03882901373576604,-0.014943689617236515
4.178629159927368,3,0.06823543825635786,-0.03882901373576604,-0.06
4.178629159927368,4,-0.009991917652708793,-0.07,-0.014943689617236515
4.178629159927368,5,-0.04825160295094027,-0.03882901373576604,-0.06
4.1941587924957275,0,-0.06606128968753117,0.03882901373576604,-0.013046136879088337
4.1941587924957275,1,0.007817769083882098,0.07,-0.06
4.1941587924957275,2,0.05042575151976696,0.03882901373576604,-0.013046136879088337
4.1941587924957275,3,0.06606128968753117,-0.03882901373576604,-0.06
4.1941587924957275,4,-0.007817769083882098,-0.07,-0.013046136879088337
4.1941587924957275,5,-0.05042575151976696,-0.03882901373576604,-0.06
4.206807374954224,0,-0.06429048813580257,0.03882901373576604,-0.011830002214522004
4.206807374954224,1,0.006046967532153502,0.07,-0.06
4.206807374954224,2,0.05219655307149556,0.03882901373576604,-0.011830002214522004
4.206807374954224,3,0.06429048813580257,-0.03882901373576604,-0.06
4.206807374954224,4,-0.006046967532153502,-0.07,-0.011830002214522004
4.206807374954224,5,-0.05219655307149556,-0.03882901373576604,-0.06
4.224322557449341,0,-0.061838362576046295,0.03882901373576604,-0.010649322643531599
4.224322557449341,1,0.0035948419723972336,0.07,-0.06
4.224322557449341,2,0.05464867863125183,0.03882901373576604,-0.010649322643531599
4.224322557449341,3,0.061838362576046295,-0.03882901373576604,-0.06
4.224322557449341,4,-0.0035948419723972336,-0.07,-0.010649322643531599
4.224322557449341,5,-0.05464867863125183,-0.03882901373576604,-0.06
4.230832815170288,0,-0.06092692649123326,0.03882901373576604,-0.010362151720691229
4.230832815170288,1,0.0026834058875842004,0.07,-0.06
4.230832815170288,2,0.05556011471606486,0.03882901373576604,-0.010362151720691229
4.230832815170288,3,0.06092692649123326,-0.03882901373576604,-0.06
4.230832815170288,4,-0.0026834058875842004,-0.07,-0.010362151720691229
4.230832815170288,5,-0.05556011471606486,-0.03882901373576604,-0.06
4.252770900726318,0,-0.057855594500312905,0.03882901373576604,-0.010007576838165624
4.252770900726318,1,-0.00038792610333615585,0.07,-0.06
4.252770900726318,2,0.05863144670698522,0.03882901373576604,-0.010007576838165624
4.252770900726318,3,0.057855594500312905,-0.03882901373576604,-0.06
4.252770900726318,4,0.00038792610333615585,-0.07,-0.010007576838165624
4.252770900726318,5,-0.05863144670698522,-0.03882901373576604,-0.06
4.270140171051025,0,-0.05542389664450103,0.03882901373576604,-0.010399802611861117
4.270140171051025,1,-0.002819623959148032,0.07,-0.06
4.270140171051025,2,0.06106314456279709,0.03882901373576604,-0.010399802611861117
4.270140171051025,3,0.05542389664450103,-0.03882901373576604,-0.06
4.270140171051025,4,0.002819623959148032,-0.07,-0.010399802611861117
4.270140171051025,5,-0.06106314456279709,-0.03882901373576604,-0.06
4.283764362335205,0,-0.05351650985659522,0.03882901373576604,-0.011120952243782255
4.283764362335205,1,-0.004727010747053839,0.07,-0.06
4.283764362335205,2,0.06297053135070291,0.03882901373576604,-0.011120952243782255
4.283764362335205,3,0.05351650985659522,-0.03882901373576604,-0.06
4.283764362335205,4,0.004727010747053839,-0.07,-0.011120952243782255
4.283764362335205,5,-0.06297053135070291,-0.03882901373576604,-0.06
4.300426483154297,0,-0.05118381293199097,0.03882901373576604,-0.012488747377625266
4.300426483154297,1,-0.007059707671658089,0.07,-0.06
4.300426483154297,2,0.06530322827530716,0.03882901373576604,-0.012488747377625266
4.300426483154297,3,0.05118381293199097,-0.03882901373576604,-0.06
4.300426483154297,4,0.007059707671658089,-0.07,-0.012488747377625266
4.300426483154297,5,-0.06530322827530716,-0.03882901373576604,-0.06
4.307934761047363,0,-0.05013265402248639,0.03882901373576604,-0.01327625129424144
4.307934761047363,1,-0.008110866581162668,0.07,-0.06
4.307934761047363,2,0.06635438718481174,0.03882901373576604,-0.01327625129424144
4.307934761047363,3,0.05013265402248639,-0.03882901373576604,-0.06
4.307934761047363,4,0.008110866581162668,-0.07,-0.01327625129424144
4.307934761047363,5,-0.06635438718481174,-0.03882901373576604,-0.06
4.330892324447632,0,-0.04691859513276502,0.03882901373576604,-0.016320404259745958
4.330892324447632,1,-0.01132492547088404,0.07,-0.06
4.330892324447632,2,0.06956844607453311,0.03882901373576604,-0.016320404259745958
4.330892324447632,3,0.04691859513276502,-0.03882901373576604,-0.06
4.330892324447632,4,0.01132492547088404,-0.07,-0.016320404259745958
4.330892324447632,5,-0.06956844607453311,-0.03882901373576604,-0.06
4.3468286991119385,0,-0.04468750267026327,0.03882901373576604,-0.018971611804686907
4.3468286991119385,1,-0.013556017933385789,0.07,-0.06
4.3468286991119385,2,0.07179953853703486,0.03882901373576604,-0.018971611804686907
4.3468286991119385,3,0.04468750267026327,-0.03882901373576604,-0.06
4.3468286991119385,4,0.013556017933385789,-0.07,-0.018971611804686907
4.3468286991119385,5,-0.07179953853703486,-0.03882901373576604,-0.06
4.364010334014893,0,-0.042282073773608646,0.03882901373576604,-0.022289562103834815
4.364010334014893,1,-0.015961446830040416,0.07,-0.06
4.364010334014893,2,0.07420496743368948,0.03882901373576604,-0.022289562103834815
4.364010334014893,3,0.042282073773608646,-0.03882901373576604,-0.06
4.364010334014893,4,0.015961446830040416,-0.07,-0.022289562103834815
4.364010334014893,5,-0.07420496743368948,-0.03882901373576604,-0.06
4.380014181137085,0,-0.040041535166962676,0.03882901373576604,-0.02577589198354239
4.380014181137085,1,-0.018201985436686385,0.07,-0.06
4.380014181137085,2,0.07644550604033545,0.03882901373576604,-0.02577589198354239
4.380014181137085,3,0.040041535166962676,-0.03882901373576604,-0.06
4.380014181137085,4,0.018201985436686385,-0.07,-0.02577589198354239
4.380014181137085,5,-0.07644550604033545,-0.03882901373576604,-0.06
4.407882928848267,0,-0.03613991047078618,0.03882901373576604,-0.0326494862166362
4.407882928848267,1,-0.022103610132862883,0.07,-0.06
4.407882928848267,2,0.08034713073651195,0.03882901373576604,-0.0326494862166362
4.407882928848267,3,0.03613991047078618,-0.03882901373576604,-0.06
4.407882928848267,4,0.022103610132862883,-0.07,-0.0326494862166362
4.407882928848267,5,-0.08034713073651195,-0.03882901373576604,-0.06
4.422945737838745,0,-0.03403111720314105,0.03882901373576604,-0.03672735659796437
4.422945737838745,1,-0.02421240340050801,0.07,-0.06
4.422945737838745,2,0.08245592400415708,0.03882901373576604,-0.03672735659796437
4.422945737838745,3,0.03403111720314105,-0.03882901373576604,-0.06
4.422945737838745,4,0.02421240340050801,-0.07,-0.03672735659796437
4.422945737838745,5,-0.08245592400415708,-0.03882901373576604,-0.06
4.441741466522217,0,-0.03139971517625189,0.03882901373576604,-0.042103542503795624
4.441741466522217,1,-0.02684380542739717,0.07,-0.06
4.441741466522217,2,0.08508732603104624,0.03882901373576604,-0.042103542503795624
4.441741466522217,3,0.03139971517625189,-0.03882901373576604,-0.06
4.441741466522217,4,0.02684380542739717,-0.07,-0.042103542503795624
4.441741466522217,5,-0.08508732603104624,-0.03882901373576604,-0.06
4.457806587219238,0,-0.029150598269093324,0.03882901373576604,-0.04689927521336654
4.457806587219238,1,-0.029092922334555738,0.07,-0.06
4.457806587219238,2,0.0873364429382048,0.03882901373576604,-0.04689927521336654
4.457806587219238,3,0.029150598269093324,-0.03882901373576604,-0.06
4.457806587219238,4,0.029092922334555738,-0.07,-0.04689927521336654
4.457806587219238,5,-0.0873364429382048,-0.03882901373576604,-0.06
4.473049640655518,0,-0.027016570778928654,0.03882901373576604,-0.051573699247464896
4.473049640655518,1,-0.031226949824720407,0.07,-0.06
4.473049640655518,2,0.08947047042836948,0.03882901373576604,-0.051573699247464896
4.473049640655518,3,0.027016570778928654,-0.03882901373576604,-0.06
4.473049640655518,4,0.031226949824720407,-0.07,-0.051573699247464896
4.473049640655518,5,-0.08947047042836948,-0.03882901373576604,-0.06
4.490253925323486,0,-0.024607970915158477,0.03882901373576604,-0.05694009351928297
4.490253925323486,1,-0.033635549688490585,0.07,-0.06
4.490253925323486,2,0.09187907029213965,0.03882901373576604,-0.05694009351928297
4.490253925323486,3,0.024607970915158477,-0.03882901373576604,-0.06
4.490253925323486,4,0.033635549688490585,-0.07,-0.05694009351928297
4.490253925323486,5,-0.09187907029213965,-0.03882901373576604,-0.06
4.5031657218933105,0,-0.023686721521587843,0.03882901373576604,-0.06
4.5031657218933105,1,-0.03455679908206122,0.07,-0.05900552470033968
4.5031657218933105,2,0.09280031968571029,0.03882901373576604,-0.06
4.5031657218933105,3,0.023686721521587843,-0.03882901373576604,-0.05900552470033968
4.5031657218933105,4,0.03455679908206122,-0.07,-0.06
4.5031657218933105,5,-0.09280031968571029,-0.03882901373576604,-0.05900552470033968
4.5211591720581055,0,-0.026205804555384064,0.03882901373576604,-0.06
4.5211591720581055,1,-0.032037716048265,0.07,-0.05337221453304779
4.5211591720581055,2,0.09028123665191407,0.03882901373576604,-0.06
4.5211591720581055,3,0.026205804555384064,-0.03882901373576604,-0.05337221453304779
4.5211591720581055,4,0.032037716048265,-0.07,-0.06
4.5211591720581055,5,-0.09028123665191407,-0.03882901373576604,-0.05337221453304779
4.533673048019409,0,-0.027957747197425435,0.03882901373576604,-0.06
4.533673048019409,1,-0.030285773406223626,0.07,-0.04950004673383739
4.533673048019409,2,0.0885292940098727,0.03882901373576604,-0.06
4.533673048019409,3,0.027957747197425435,-0.03882901373576604,-0.04950004673383739
4.533673048019409,4,0.030285773406223626,-0.07,-0.06
4.533673048019409,5,-0.0885292940098727,-0.03882901373576604,-0.04950004673383739
4.55068564414978,0,-0.030339510665817686,0.03882901373576604,-0.06
4.55068564414978,1,-0.027904009937831376,0.07,-0.04434443509403916
4.55068564414978,2,0.08614753054148044,0.03882901373576604,-0.06
4.55068564414978,3,0.030339510665817686,-0.03882901373576604,-0.04434443509403916
4.55068564414978,4,0.027904009937831376,-0.07,-0.06
4.55068564414978,5,-0.08614753054148044,-0.03882901373576604,-0.04434443509403916
4.568946599960327,0,-0.032896044490178626,0.03882901373576604,-0.06
4.568946599960327,1,-0.025347476113470435,0.07,-0.039010938513737894
4.568946599960327,2,0.0835909967171195,0.03882901373576604,-0.06
4.568946599960327,3,0.032896044490178626,-0.03882901373576604,-0.039010938513737894
4.568946599960327,4,0.025347476113470435,-0.07,-0.06
4.568946599960327,5,-0.0835909967171195,-0.03882901373576604,-0.039010938513737894
4.59718132019043,0,-0.036848905339222186,0.03882901373576604,-0.06
4.59718132019043,1,-0.021394615264426875,0.07,-0.03133170460304026
4.59718132019043,2,0.07963813586807594,0.03882901373576604,-0.06
4.59718132019043,3,0.036848905339222186,-0.03882901373576604,-0.03133170460304026
4.59718132019043,4,0.021394615264426875,-0.07,-0.06
4.59718132019043,5,-0.07963813586807594,-0.03882901373576604,-0.03133170460304026
4.614195346832275,0,-0.039230869079221735,0.03882901373576604,-0.06
4.614195346832275,1,-0.019012651524427326,0.07,-0.027124448042641344
4.614195346832275,2,0.0772561721280764,0.03882901373576604,-0.06
4.614195346832275,3,0.039230869079221735,-0.03882901373576604,-0.027124448042641344
4.614195346832275,4,0.019012651524427326,-0.07,-0.06
4.614195346832275,5,-0.0772561721280764,-0.03882901373576604,-0.027124448042641344
4.6304028034210205,0,-0.04149991301130645,0.03882901373576604,-0.06
4.6304028034210205,1,-0.016743607592342613,0.07,-0.023465059289106013
4.6304028034210205,2,0.07498712819599168,0.03882901373576604,-0.06
4.6304028034210205,3,0.04149991301130645,-0.03882901373576604,-0.023465059289106013
4.6304028034210205,4,0.016743607592342613,-0.07,-0.06
4.6304028034210205,5,-0.07498712819599168,-0.03882901373576604,-0.023465059289106013
4.643117427825928,0,-0.04327996043557197,0.03882901373576604,-0.06
4.643117427825928,1,-0.014963560168077095,0.07,-0.02085749424929781
4.643117427825928,2,0.07320708077172616,0.03882901373576604,-0.06
4.643117427825928,3,0.04327996043557197,-0.03882901373576604,-0.02085749424929781
4.643117427825928,4,0.014963560168077095,-0.07,-0.06
4.643117427825928,5,-0.07320708077172616,-0.03882901373576604,-0.02085749424929781
4.659260988235474,0,-0.045540058902530704,0.03882901373576604,-0.06
4.659260988235474,1,-0.012703461701118357,0.07,-0.017908459267039545
4.659260988235474,2,0.07094698230476743,0.03882901373576604,-0.06
4.659260988235474,3,0.045540058902530704,-0.03882901373576604,-0.017908459267039545
4.659260988235474,4,0.012703461701118357,-0.07,-0.06
4.659260988235474,5,-0.07094698230476743,-0.03882901373576604,-0.017908459267039545
4.675767660140991,0,-0.04785099297914191,0.03882901373576604,-0.06
4.675767660140991,1,-0.010392527624507153,0.07,-0.015340703999233644
4.675767660140991,2,0.06863604822815622,0.03882901373576604,-0.06
4.675767660140991,3,0.04785099297914191,-0.03882901373576604,-0.015340703999233644
4.675767660140991,4,0.010392527624507153,-0.07,-0.06
4.675767660140991,5,-0.06863604822815622,-0.03882901373576604,-0.015340703999233644
4.688533544540405,0,-0.04963821680266894,0.03882901373576604,-0.06
4.688533544540405,1,-0.008605303800980124,0.07,-0.013682741197186495
4.688533544540405,2,0.06684882440462919,0.03882901373576604,-0.06
4.688533544540405,3,0.04963821680266894,-0.03882901373576604,-0.013682741197186495
4.688533544540405,4,0.008605303800980124,-0.07,-0.06
4.688533544540405,5,-0.06684882440462919,-0.03882901373576604,-0.013682741197186495
4.704345226287842,0,-0.05185185225673455,0.03882901373576604,-0.06
4.704345226287842,1,-0.006391668346914514,0.07,-0.012043110547203487
4.704345226287842,2,0.06463518895056358,0.03882901373576604,-0.06
4.704345226287842,3,0.05185185225673455,-0.03882901373576604,-0.012043110547203487
4.704345226287842,4,0.006391668346914514,-0.07,-0.06
4.704345226287842,5,-0.06463518895056358,-0.03882901373576604,-0.012043110547203487
4.719550609588623,0,-0.05398060592790704,0.03882901373576604,-0.06
4.719550609588623,1,-0.004262914675742024,0.07,-0.01091228700897745
4.719550609588623,2,0.06250643527939109,0.03882901373576604,-0.06
4.719550609588623,3,0.05398060592790704,-0.03882901373576604,-0.01091228700897745
4.719550609588623,4,0.004262914675742024,-0.07,-0.06
4.719550609588623,5,-0.06250643527939109,-0.03882901373576604,-0.01091228700897745
4.737632989883423,0,-0.05651213917995695,0.03882901373576604,-0.06
4.737632989883423,1,-0.0017313814236921132,0.07,-0.010150871951452187
4.737632989883423,2,0.059974902027341175,0.03882901373576604,-0.06
4.737632989883423,3,0.05651213917995695,-0.03882901373576604,-0.010150871951452187
4.737632989883423,4,0.0017313814236921132,-0.07,-0.06
4.737632989883423,5,-0.059974902027341175,-0.03882901373576604,-0.010150871951452187
4.7548017501831055,0,-0.05891576563214589,0.03882901373576604,-0.06
4.7548017501831055,1,0.0006722450284968318,0.07,-0.010022753683425124
4.7548017501831055,2,0.05757127557515223,0.03882901373576604,-0.06
4.7548017501831055,3,0.05891576563214589,-0.03882901373576604,-0.010022753683425124
4.7548017501831055,4,-0.0006722450284968318,-0.07,-0.06
4.7548017501831055,5,-0.05757127557515223,-0.03882901373576604,-0.010022753683425124
4.768984317779541,0,-0.06090132510410034,0.03882901373576604,-0.06
4.768984317779541,1,0.0026578045004512774,0.07,-0.0103552825149957
4.768984317779541,2,0.055585716103197784,0.03882901373576604,-0.06
4.768984317779541,3,0.06090132510410034,-0.03882901373576604,-0.0103552825149957
4.768984317779541,4,-0.0026578045004512774,-0.07,-0.06
4.768984317779541,5,-0.055585716103197784,-0.03882901373576604,-0.0103552825149957
4.785943984985352,0,-0.06327567852302257,0.03882901373576604,-0.06
4.785943984985352,1,0.005032157919373503,0.07,-0.011269712017315019
4.785943984985352,2,0.05321136268427556,0.03882901373576604,-0.06
4.785943984985352,3,0.06327567852302257,-0.03882901373576604,-0.011269712017315019
4.785943984985352,4,-0.005032157919373503,-0.07,-0.06
4.785943984985352,5,-0.05321136268427556,-0.03882901373576604,-0.011269712017315019
4.814944505691528,0,-0.06733575143917298,0.03882901373576604,-0.06
4.814944505691528,1,0.009092230835523907,0.07,-0.014105346924885576
4.814944505691528,2,0.049151289768125155,0.03882901373576604,-0.06
4.814944505691528,3,0.06733575143917298,-0.03882901373576604,-0.014105346924885576
4.814944505691528,4,-0.009092230835523907,-0.07,-0.06
4.814944505691528,5,-0.049151289768125155,-0.03882901373576604,-0.014105346924885576
4.829644441604614,0,-0.06939374247576685,0.03882901373576604,-0.06
4.829644441604614,1,0.011150221872117783,0.07,-0.01613096189679096
4.829644441604614,2,0.04709329873153128,0.03882901373576604,-0.06
4.829644441604614,3,0.06939374247576685,-0.03882901373576604,-0.01613096189679096
4.829644441604614,4,-0.011150221872117783,-0.07,-0.06
4.829644441604614,5,-0.04709329873153128,-0.03882901373576604,-0.01613096189679096
4.845525026321411,0,-0.07161702434558398,0.03882901373576604,-0.06
4.845525026321411,1,0.013373503741934911,0.07,-0.018738906608157392
4.845525026321411,2,0.04487001686171415,0.03882901373576604,-0.06
4.845525026321411,3,0.07161702434558398,-0.03882901373576604,-0.018738906608157392
4.845525026321411,4,-0.013373503741934911,-0.07,-0.06
4.845525026321411,5,-0.04487001686171415,-0.03882901373576604,-0.018738906608157392
4.859177350997925,0,-0.07352834980843331,0.03882901373576604,-0.06
4.859177350997925,1,0.015284829204784245,0.07,-0.021310115018954842
4.859177350997925,2,0.042958691398864816,0.03882901373576604,-0.06
4.859177350997925,3,0.07352834980843331,-0.03882901373576604,-0.021310115018954842
4.859177350997925,4,-0.015284829204784245,-0.07,-0.06
4.859177350997925,5,-0.042958691398864816,-0.03882901373576604,-0.021310115018954842
4.874685287475586,0,-0.07569946092454932,0.03882901373576604,-0.06
4.874685287475586,1,0.017455940320900254,0.07,-0.02457481803452049
4.874685287475586,2,0.04078758028274881,0.03882901373576604,-0.06
4.874685287475586,3,0.07569946092454932,-0.03882901373576604,-0.02457481803452049
4.874685287475586,4,-0.017455940320900254,-0.07,-0.06
4.874685287475586,5,-0.04078758028274881,-0.03882901373576604,-0.02457481803452049
4.890764951705933,0,-0.07795061392638208,0.03882901373576604,-0.06
4.890764951705933,1,0.019707093322733016,0.07,-0.028314334626114837
4.890764951705933,2,0.038536427280916045,0.03882901373576604,-0.06
4.890764951705933,3,0.07795061392638208,-0.03882901373576604,-0.028314334626114837
4.890764951705933,4,-0.019707093322733016,-0.07,-0.06
4.890764951705933,5,-0.038536427280916045,-0.03882901373576604,-0.028314334626114837
4.90591025352478,0,-0.08007095619004806,0.03882901373576604,-0.06
4.90591025352478,1,0.02182743558639899,0.07,-0.03213280479723531
4.90591025352478,2,0.03641608501725007,0.03882901373576604,-0.06
4.90591025352478,3,0.08007095619004806,-0.03882901373576604,-0.03213280479723531
4.90591025352478,4,-0.02182743558639899,-0.07,-0.06
4.90591025352478,5,-0.03641608501725007,-0.03882901373576604,-0.03213280479723531
4.926046133041382,0,-0.0828899793343742,0.03882901373576604,-0.06
4.926046133041382,1,0.02464645873072513,0.07,-0.03759379435642694
4.926046133041382,2,0.03359706187292393,0.03882901373576604,-0.06
4.926046133041382,3,0.0828899793343742,-0.03882901373576604,-0.03759379435642694
4.926046133041382,4,-0.02464645873072513,-0.07,-0.06
4.926046133041382,5,-0.03359706187292393,-0.03882901373576604,-0.03759379435642694
4.958539962768555,0,-0.08743911551554623,0.03882901373576604,-0.06
4.958539962768555,1,0.02919559491189716,0.07,-0.04712176108359414
4.958539962768555,2,0.0290479256917519,0.03882901373576604,-0.06
4.958539962768555,3,0.08743911551554623,-0.03882901373576604,-0.04712176108359414
4.958539962768555,4,-0.02919559491189716,-0.07,-0.06
4.958539962768555,5,-0.0290479256917519,-0.03882901373576604,-0.04712176108359414
4.984090805053711,0,-0.09101623345069759,0.03882901373576604,-0.06
4.984090805053711,1,0.032772712847048524,0.07,-0.05501029821366369
4.984090805053711,2,0.025470807756600537,0.03882901373576604,-0.06
4.984090805053711,3,0.09101623345069759,-0.03882901373576604,-0.05501029821366369
4.984090805053711,4,-0.032772712847048524,-0.07,-0.06
4.984090805053711,5,-0.025470807756600537,-0.03882901373576604,-0.05501029821366369
5.003486394882202,0,-0.09275542546707433,0.03882901373576604,-0.058904804323403226
5.003486394882202,1,0.03451190486342526,0.07,-0.06
5.003486394882202,2,0.023731615740223803,0.03882901373576604,-0.058904804323403226
5.003486394882202,3,0.09275542546707433,-0.03882901373576604,-0.06
5.003486394882202,4,-0.03451190486342526,-0.07,-0.058904804323403226
5.003486394882202,5,-0.023731615740223803,-0.03882901373576604,-0.06
5.018125295639038,0,-0.09070597935239183,0.03882901373576604,-0.054318071115031334
5.018125295639038,1,0.03246245874874276,0.07,-0.06
5.018125295639038,2,0.0257810618549063,0.03882901373576604,-0.054318071115031334
5.018125295639038,3,0.09070597935239183,-0.03882901373576604,-0.06
5.018125295639038,4,-0.03246245874874276,-0.07,-0.054318071115031334
5.018125295639038,5,-0.0257810618549063,-0.03882901373576604,-0.06
5.032816410064697,0,-0.08864922332404296,0.03882901373576604,-0.049763317345802145
5.032816410064697,1,0.03040570272039389,0.07,-0.06
5.032816410064697,2,0.02783781788325517,0.03882901373576604,-0.049763317345802145
5.032816410064697,3,0.08864922332404296,-0.03882901373576604,-0.06
5.032816410064697,4,-0.03040570272039389,-0.07,-0.049763317345802145
5.032816410064697,5,-0.02783781788325517,-0.03882901373576604,-0.06
5.0498366355896,0,-0.08626639174041179,0.03882901373576604,-0.044597968726656015
5.0498366355896,1,0.028022871136762717,0.07,-0.06
5.0498366355896,2,0.030220649466886344,0.03882901373576604,-0.044597968726656015
5.0498366355896,3,0.08626639174041179,-0.03882901373576604,-0.06
5.0498366355896,4,-0.028022871136762717,-0.07,-0.044597968726656015
5.0498366355896,5,-0.030220649466886344,-0.03882901373576604,-0.06
5.066860675811768,0,-0.08388302609916115,0.03882901373576604,-0.03960750227989922
5.066860675811768,1,0.025639505495512083,0.07,-0.06
5.066860675811768,2,0.03260401510813698,0.03882901373576604,-0.03960750227989922
5.066860675811768,3,0.08388302609916115,-0.03882901373576604,-0.06
5.066860675811768,4,-0.025639505495512083,-0.07,-0.03960750227989922
5.066860675811768,5,-0.03260401510813698,-0.03882901373576604,-0.06
5.096707105636597,0,-0.07970452590589522,0.03882901373576604,-0.03145389000456347
5.096707105636597,1,0.02146100530224615,0.07,-0.06
5.096707105636597,2,0.03678251530140291,0.03882901373576604,-0.03145389000456347
5.096707105636597,3,0.07970452590589522,-0.03882901373576604,-0.06
5.096707105636597,4,-0.02146100530224615,-0.07,-0.03145389000456347
5.096707105636597,5,-0.03678251530140291,-0.03882901373576604,-0.06
5.110888957977295,0,-0.07771906656974442,0.03882901373576604,-0.02791411369358482
5.110888957977295,1,0.019475545966095353,0.07,-0.06
5.110888957977295,2,0.03876797463755371,0.03882901373576604,-0.02791411369358482
5.110888957977295,3,0.07771906656974442,-0.03882901373576604,-0.06
5.110888957977295,4,-0.019475545966095353,-0.07,-0.02791411369358482
5.110888957977295,5,-0.03876797463755371,-0.03882901373576604,-0.06
5.124943256378174,0,-0.07575146478524436,0.03882901373576604,-0.024657267924302492
5.124943256378174,1,0.017507944181595292,0.07,-0.06
5.124943256378174,2,0.04073557642205377,0.03882901373576604,-0.024657267924302492
5.124943256378174,3,0.07575146478524436,-0.03882901373576604,-0.06
5.124943256378174,4,-0.017507944181595292,-0.07,-0.024657267924302492
5.124943256378174,5,-0.04073557642205377,-0.03882901373576604,-0.06
5.1441810131073,0,-0.07305817883170013,0.03882901373576604,-0.020650467453253635
5.1441810131073,1,0.014814658228051059,0.07,-0.06
5.1441810131073,2,0.043428862375598,0.03882901373576604,-0.020650467453253635
5.1441810131073,3,0.07305817883170013,-0.03882901373576604,-0.06
5.1441810131073,4,-0.014814658228051059,-0.07,-0.020650467453253635
5.1441810131073,5,-0.043428862375598,-0.03882901373576604,-0.06
5.157003164291382,0,-0.07126307765828604,0.03882901373576604,-0.018295529319692284
5.157003164291382,1,0.013019557054636977,0.07,-0.06
5.157003164291382,2,0.045223963549012085,0.03882901373576604,-0.018295529319692284
5.157003164291382,3,0.07126307765828604,-0.03882901373576604,-0.06
5.157003164291382,4,-0.013019557054636977,-0.07,-0.018295529319692284
5.157003164291382,5,-0.045223963549012085,-0.03882901373576604,-0.06
5.173080682754517,0,-0.06901222506386423,0.03882901373576604,-0.01572664916797889
5.173080682754517,1,0.010768704460215162,0.07,-0.06
5.173080682754517,2,0.0474748161434339,0.03882901373576604,-0.01572664916797889
5.173080682754517,3,0.06901222506386423,-0.03882901373576604,-0.06
5.173080682754517,4,-0.010768704460215162,-0.07,-0.01572664916797889
5.173080682754517,5,-0.0474748161434339,-0.03882901373576604,-0.06
5.189237117767334,0,-0.06675032415243981,0.03882901373576604,-0.013599935870419903
5.189237117767334,1,0.008506803548790742,0.07,-0.06
5.189237117767334,2,0.04973671705485832,0.03882901373576604,-0.013599935870419903
5.189237117767334,3,0.06675032415243981,-0.03882901373576604,-0.06
5.189237117767334,4,-0.008506803548790742,-0.07,-0.013599935870419903
5.189237117767334,5,-0.04973671705485832,-0.03882901373576604,-0.06
5.220285654067993,0,-0.06240352905184115,0.03882901373576604,-0.01086890008562564
5.220285654067993,1,0.004160008448192087,0.07,-0.06
5.220285654067993,2,0.054083512155456974,0.03882901373576604,-0.01086890008562564
5.220285654067993,3,0.06240352905184115,-0.03882901373576604,-0.06
5.220285654067993,4,-0.004160008448192087,-0.07,-0.01086890008562564
5.220285654067993,5,-0.054083512155456974,-0.03882901373576604,-0.06
5.233997344970703,0,-0.06048389231728895,0.03882901373576604,-0.010252532128474538
5.233997344970703,1,0.002240371713639888,0.07,-0.06
5.233997344970703,2,0.05600314889000917,0.03882901373576604,-0.010252532128474538
5.233997344970703,3,0.06048389231728895,-0.03882901373576604,-0.06
5.233997344970703,4,-0.002240371713639888,-0.07,-0.010252532128474538
5.233997344970703,5,-0.05600314889000917,-0.03882901373576604,-0.06
5.250820875167847,0,-0.058128598079661246,0.03882901373576604,-0.010000664302993317
5.250820875167847,1,-0.00011492252398781488,0.07,-0.06
5.250820875167847,2,0.058358443127636876,0.03882901373576604,-0.010000664302993317
5.250820875167847,3,0.058128598079661246,-0.03882901373576604,-0.06
5.250820875167847,4,0.00011492252398781488,-0.07,-0.010000664302993317
5.250820875167847,5,-0.058358443127636876,-0.03882901373576604,-0.06
5.265832901000977,0,-0.0560269144540752,0.03882901373576604,-0.01024720727101873
5.265832901000977,1,-0.002216606149573863,0.07,-0.06
5.265832901000977,2,0.060460126753222924,0.03882901373576604,-0.01024720727101873
5.265832901000977,3,0.0560269144540752,-0.03882901373576604,-0.06
5.265832901000977,4,0.002216606149573863,-0.07,-0.01024720727101873
5.265832901000977,5,-0.060460126753222924,-0.03882901373576604,-0.06
5.295613527297974,0,-0.05185762675474497,0.03882901373576604,-0.012039445844422188
5.295613527297974,1,-0.0063858938489040895,0.07,-0.06
5.295613527297974,2,0.06462941445255316,0.03882901373576604,-0.012039445844422188
5.295613527297974,3,0.05185762675474497,-0.03882901373576604,-0.06
5.295613527297974,4,0.0063858938489040895,-0.07,-0.012039445844422188
5.295613527297974,5,-0.06462941445255316,-0.03882901373576604,-0.06
5.309855699539185,0,-0.049863722632486444,0.03882901373576604,-0.013494505812185503
5.309855699539185,1,-0.008379797971162617,0.07,-0.06
5.309855699539185,2,0.06662331857481169,0.03882901373576604,-0.013494505812185503
5.309855699539185,3,0.049863722632486444,-0.03882901373576604,-0.06
5.309855699539185,4,0.008379797971162617,-0.07,-0.013494505812185503
5.309855699539185,5,-0.06662331857481169,-0.03882901373576604,-0.06
5.3243629932403564,0,-0.04783270150567536,0.03882901373576604,-0.015359176909382467
5.3243629932403564,1,-0.0104108190979737,0.07,-0.06
5.3243629932403564,2,0.06865433970162277,0.03882901373576604,-0.015359176909382467
5.3243629932403564,3,0.04783270150567536,-0.03882901373576604,-0.06
5.3243629932403564,4,0.0104108190979737,-0.07,-0.015359176909382467
5.3243629932403564,5,-0.06865433970162277,-0.03882901373576604,-0.06
5.340505123138428,0,-0.04557280331032392,0.03882901373576604,-0.017868845454207832
5.340505123138428,1,-0.01267071729332514,0.07,-0.06
5.340505123138428,2,0.07091423789697421,0.03882901373576604,-0.017868845454207832
5.340505123138428,3,0.04557280331032392,-0.03882901373576604,-0.06
5.340505123138428,4,0.01267071729332514,-0.07,-0.017868845454207832
5.340505123138428,5,-0.07091423789697421,-0.03882901373576604,-0.06
5.3560426235198975,0,-0.04339755324765709,0.03882901373576604,-0.02069385271192086
5.3560426235198975,1,-0.014845967355991974,0.07,-0.06
5.3560426235198975,2,0.07308948795964104,0.03882901373576604,-0.02069385271192086
5.3560426235198975,3,0.04339755324765709,-0.03882901373576604,-0.06
5.3560426235198975,4,0.014845967355991974,-0.07,-0.02069385271192086
5.3560426235198975,5,-0.07308948795964104,-0.03882901373576604,-0.06
5.371556520462036,0,-0.04122560766651067,0.03882901373576604,-0.023888046159017413
5.371556520462036,1,-0.01701791293713839,0.07,-0.06
5.371556520462036,2,0.07526143354078746,0.03882901373576604,-0.023888046159017413
5.371556520462036,3,0.04122560766651067,-0.03882901373576604,-0.06
5.371556520462036,4,0.01701791293713839,-0.07,-0.023888046159017413
5.371556520462036,5,-0.07526143354078746,-0.03882901373576604,-0.06
5.3885698318481445,0,-0.03884374406231477,0.03882901373576604,-0.027783899413398455
5.3885698318481445,1,-0.01939977654133429,0.07,-0.06
5.3885698318481445,2,0.07764329714498336,0.03882901373576604,-0.027783899413398455
5.3885698318481445,3,0.03884374406231477,-0.03882901373576604,-0.06
5.3885698318481445,4,0.01939977654133429,-0.07,-0.027783899413398455
5.3885698318481445,5,-0.07764329714498336,-0.03882901373576604,-0.06
5.402333974838257,0,-0.03691676403549498,0.03882901373576604,-0.031207079286042817
5.402333974838257,1,-0.02132675656815408,0.07,-0.06
5.402333974838257,2,0.07957027717180315,0.03882901373576604,-0.031207079286042817
5.402333974838257,3,0.03691676403549498,-0.03882901373576604,-0.06
5.402333974838257,4,0.02132675656815408,-0.07,-0.031207079286042817
5.402333974838257,5,-0.07957027717180315,-0.03882901373576604,-0.06
5.417218446731567,0,-0.03483293796155967,0.03882901373576604,-0.03515027232405961
5.417218446731567,1,-0.023410582642089395,0.07,-0.06
5.417218446731567,2,0.08165410324573846,0.03882901373576604,-0.03515027232405961
5.417218446731567,3,0.03483293796155967,-0.03882901373576604,-0.06
5.417218446731567,4,0.023410582642089395,-0.07,-0.03515027232405961
5.417218446731567,5,-0.08165410324573846,-0.03882901373576604,-0.06
5.434008598327637,0,-0.03248231672810225,0.03882901373576604,-0.03985715023355764
5.434008598327637,1,-0.025761203875546812,0.07,-0.06
5.434008598327637,2,0.08400472447919588,0.03882901373576604,-0.03985715023355764
5.434008598327637,3,0.03248231672810225,-0.03882901373576604,-0.06
5.434008598327637,4,0.025761203875546812,-0.07,-0.03985715023355764
5.434008598327637,5,-0.08400472447919588,-0.03882901373576604,-0.06
5.451683521270752,0,-0.03000782750553104,0.03882901373576604,-0.0450530129795042
5.451683521270752,1,-0.02823569309811802,0.07,-0.06
5.451683521270752,2,0.08647921370176709,0.03882901373576604,-0.0450530129795042
5.451683521270752,3,0.03000782750553104,-0.03882901373576604,-0.06
5.451683521270752,4,0.02823569309811802,-0.07,-0.0450530129795042
5.451683521270752,5,-0.08647921370176709,-0.03882901373576604,-0.06
5.46401309967041,0,-0.02828168652222989,0.03882901373576604,-0.04879047237463685
5.46401309967041,1,-0.02996183408141917,0.07,-0.06
5.46401309967041,2,0.08820535468506824,0.03882901373576604,-0.04879047237463685
5.46401309967041,3,0.02828168652222989,-0.03882901373576604,-0.06
5.46401309967041,4,0.02996183408141917,-0.07,-0.04879047237463685
5.46401309967041,5,-0.08820535468506824,-0.03882901373576604,-0.06
5.481310844421387,0,-0.025860002246782914,0.03882901373576604,-0.05414211281220772
5.481310844421387,1,-0.03238351835686615,0.07,-0.06
5.481310844421387,2,0.09062703896051522,0.03882901373576604,-0.05414211281220772
5.481310844421387,3,0.025860002246782914,-0.03882901373576604,-0.06
5.481310844421387,4,0.03238351835686615,-0.07,-0.05414211281220772
5.481310844421387,5,-0.09062703896051522,-0.03882901373576604,-0.06
5.495818614959717,0,-0.023828914362769398,0.03882901373576604,-0.05868653024169448
5.495818614959717,1,-0.034414606240879664,0.07,-0.06
5.495818614959717,2,0.09265812684452873,0.03882901373576604,-0.05868653024169448
5.495818614959717,3,0.023828914362769398,-0.03882901373576604,-0.06
5.495818614959717,4,0.034414606240879664,-0.07,-0.05868653024169448
5.495818614959717,5,-0.09265812684452873,-0.03882901373576604,-0.06
5.511565685272217,0,-0.024862716399641487,0.03882901373576604,-0.06
5.511565685272217,1,-0.033380804204007575,0.07,-0.056369729869014014
5.511565685272217,2,0.09162432480765664,0.03882901373576604,-0.06
5.511565685272217,3,0.024862716399641487,-0.03882901373576604,-0.056369729869014014
5.511565685272217,4,0.033380804204007575,-0.07,-0.06
5.511565685272217,5,-0.09162432480765664,-0.03882901373576604,-0.056369729869014014
5.5259621143341064,0,-0.026878216476886978,0.03882901373576604,-0.06
5.5259621143341064,1,-0.031365304126762084,0.07,-0.05187988551684125
5.5259621143341064,2,0.08960882473041115,0.03882901373576604,-0.06
5.5259621143341064,3,0.026878216476886978,-0.03882901373576604,-0.05187988551684125
5.5259621143341064,4,0.031365304126762084,-0.07,-0.06
5.5259621143341064,5,-0.08960882473041115,-0.03882901373576604,-0.05187988551684125
5.542991876602173,0,-0.029262383204566804,0.03882901373576604,-0.06
5.542991876602173,1,-0.028981137399082257,0.07,-0.04665735981458679
5.542991876602173,2,0.08722465800273133,0.03882901373576604,-0.06
5.542991876602173,3,0.029262383204566804,-0.03882901373576604,-0.04665735981458679
5.542991876602173,4,0.028981137399082257,-0.07,-0.06
5.542991876602173,5,-0.08722465800273133,-0.03882901373576604,-0.04665735981458679
5.556802034378052,0,-0.031195805301421346,0.03882901373576604,-0.06
5.556802034378052,1,-0.027047715302227715,0.07,-0.04253154387187846
5.556802034378052,2,0.08529123590587678,0.03882901373576604,-0.06
5.556802034378052,3,0.031195805301421346,-0.03882901373576604,-0.04253154387187846
5.556802034378052,4,0.027047715302227715,-0.07,-0.06
5.556802034378052,5,-0.08529123590587678,-0.03882901373576604,-0.04253154387187846
5.571955680847168,0,-0.03331731581612989,0.03882901373576604,-0.06
5.571955680847168,1,-0.02492620478751917,0.07,-0.0381567348535843
5.571955680847168,2,0.08316972539116824,0.03882901373576604,-0.06
5.571955680847168,3,0.03331731581612989,-0.03882901373576604,-0.0381567348535843
5.571955680847168,4,0.02492620478751917,-0.07,-0.06
5.571955680847168,5,-0.08316972539116824,-0.03882901373576604,-0.0381567348535843
5.589780330657959,0,-0.035812766800264954,0.03882901373576604,-0.06
5.589780330657959,1,-0.022430753803384107,0.07,-0.03326695340197248
5.589780330657959,2,0.08067427440703318,0.03882901373576604,-0.06
5.589780330657959,3,0.035812766800264954,-0.03882901373576604,-0.03326695340197248
5.589780330657959,4,0.022430753803384107,-0.07,-0.06
5.589780330657959,5,-0.08067427440703318,-0.03882901373576604,-0.03326695340197248
5.620219945907593,0,-0.04007431295335711,0.03882901373576604,-0.06
5.620219945907593,1,-0.018169207650291952,0.07,-0.025722306585952377
5.620219945907593,2,0.07641272825394102,0.03882901373576604,-0.06
5.620219945907593,3,0.04007431295335711,-0.03882901373576604,-0.025722306585952377
5.620219945907593,4,0.018169207650291952,-0.07,-0.06
5.620219945907593,5,-0.07641272825394102,-0.03882901373576604,-0.025722306585952377
5.6499183177948,0,-0.0442320850352677,0.03882901373576604,-0.06
5.6499183177948,1,-0.014011435568381359,0.07,-0.019564238293013368
5.6499183177948,2,0.07225495617203043,0.03882901373576604,-0.06
5.6499183177948,3,0.0442320850352677,-0.03882901373576604,-0.019564238293013368
5.6499183177948,4,0.014011435568381359,-0.07,-0.06
5.6499183177948,5,-0.07225495617203043,-0.03882901373576604,-0.019564238293013368
5.664088249206543,0,-0.04621587544135768,0.03882901373576604,-0.06
5.664088249206543,1,-0.012027645162291378,0.07,-0.01710941066419725
5.664088249206543,2,0.07027116576594045,0.03882901373576604,-0.06
5.664088249206543,3,0.04621587544135768,-0.03882901373576604,-0.01710941066419725
5.664088249206543,4,0.012027645162291378,-0.07,-0.06
5.664088249206543,5,-0.07027116576594045,-0.03882901373576604,-0.01710941066419725
5.679907560348511,0,-0.048430579010662216,0.03882901373576604,-0.06
5.679907560348511,1,-0.009812941592986846,0.07,-0.014771019292802744
5.679907560348511,2,0.06805646219663591,0.03882901373576604,-0.06
5.679907560348511,3,0.048430579010662216,-0.03882901373576604,-0.014771019292802744
5.679907560348511,4,0.009812941592986846,-0.07,-0.06
5.679907560348511,5,-0.06805646219663591,-0.03882901373576604,-0.014771019292802744
5.695600748062134,0,-0.05062762529992331,0.03882901373576604,-0.06
5.695600748062134,1,-0.00761589530372575,0.07,-0.012892365935485178
5.695600748062134,2,0.06585941590737482,0.03882901373576604,-0.06
5.695600748062134,3,0.05062762529992331,-0.03882901373576604,-0.012892365935485178
5.695600748062134,4,0.00761589530372575,-0.07,-0.06
5.695600748062134,5,-0.06585941590737482,-0.03882901373576604,-0.012892365935485178
5.711751699447632,0,-0.052888758503519755,0.03882901373576604,-0.06
5.711751699447632,1,-0.005354762100129307,0.07,-0.01143692006780496
5.711751699447632,2,0.06359828270377837,0.03882901373576604,-0.06
5.711751699447632,3,0.052888758503519755,-0.03882901373576604,-0.01143692006780496
5.711751699447632,4,0.005354762100129307,-0.07,-0.06
5.711751699447632,5,-0.06359828270377837,-0.03882901373576604,-0.01143692006780496
5.728142738342285,0,-0.05518350395854104,0.03882901373576604,-0.06
5.728142738342285,1,-0.0030600166451080213,0.07,-0.010470769023573273
5.728142738342285,2,0.06130353724875708,0.03882901373576604,-0.06
5.728142738342285,3,0.05518350395854104,-0.03882901373576604,-0.010470769023573273
5.728142738342285,4,0.0030600166451080213,-0.07,-0.06
5.728142738342285,5,-0.06130353724875708,-0.03882901373576604,-0.010470769023573273
5.743785858154297,0,-0.05737354074154671,0.03882901373576604,-0.06
5.743785858154297,1,-0.0008699798621023547,0.07,-0.010038106442985764
5.743785858154297,2,0.059113500465751416,0.03882901373576604,-0.06
5.743785858154297,3,0.05737354074154671,-0.03882901373576604,-0.010038106442985764
5.743785858154297,4,0.0008699798621023547,-0.07,-0.06
5.743785858154297,5,-0.059113500465751416,-0.03882901373576604,-0.010038106442985764
5.758187532424927,0,-0.05938977514801896,0.03882901373576604,-0.06
5.758187532424927,1,0.0011462545443698957,0.07,-0.010066146237387323
5.758187532424927,2,0.057097266059279166,0.03882901373576604,-0.06
5.758187532424927,3,0.05938977514801896,-0.03882901373576604,-0.010066146237387323
5.758187532424927,4,-0.0011462545443698957,-0.07,-0.06
5.758187532424927,5,-0.057097266059279166,-0.03882901373576604,-0.010066146237387323
5.77295994758606,0,-0.061457913279382596,0.03882901373576604,-0.06
5.77295994758606,1,0.003214392675733535,0.07,-0.010519382835147507
5.77295994758606,2,0.055029127927915526,0.03882901373576604,-0.06
5.77295994758606,3,0.061457913279382596,-0.03882901373576604,-0.010519382835147507
5.77295994758606,4,-0.003214392675733535,-0.07,-0.06
5.77295994758606,5,-0.055029127927915526,-0.03882901373576604,-0.010519382835147507
5.789615154266357,0,-0.06378964222455158,0.03882901373576604,-0.06
5.789615154266357,1,0.005546121620902511,0.07,-0.01154091551648563
5.789615154266357,2,0.05269739898274655,0.03882901373576604,-0.06
5.789615154266357,3,0.06378964222455158,-0.03882901373576604,-0.01154091551648563
5.789615154266357,4,-0.005546121620902511,-0.07,-0.06
5.789615154266357,5,-0.05269739898274655,-0.03882901373576604,-0.01154091551648563
5.80691933631897,0,-0.0662122277222314,0.03882901373576604,-0.06
5.80691933631897,1,0.00796870711858233,0.07,-0.01316362800406859
5.80691933631897,2,0.05027481348506673,0.03882901373576604,-0.06
5.80691933631897,3,0.0662122277222314,-0.03882901373576604,-0.01316362800406859
5.80691933631897,4,-0.00796870711858233,-0.07,-0.06
5.80691933631897,5,-0.05027481348506673,-0.03882901373576604,-0.01316362800406859
5.8366029262542725,0,-0.07036793033086658,0.03882901373576604,-0.06
5.8366029262542725,1,0.012124409727217511,0.07,-0.01722141647973536
5.8366029262542725,2,0.04611911087643155,0.03882901373576604,-0.06
5.8366029262542725,3,0.07036793033086658,-0.03882901373576604,-0.01722141647973536
5.8366029262542725,4,-0.012124409727217511,-0.07,-0.06
5.8366029262542725,5,-0.04611911087643155,-0.03882901373576604,-0.01722141647973536
5.850108861923218,0,-0.07225876133256909,0.03882901373576604,-0.06
5.850108861923218,1,0.01401524072892002,0.07,-0.01956926138474075
5.850108861923218,2,0.04422827987472904,0.03882901373576604,-0.06
5.850108861923218,3,0.07225876133256909,-0.03882901373576604,-0.01956926138474075
5.850108861923218,4,-0.01401524072892002,-0.07,-0.06
5.850108861923218,5,-0.04422827987472904,-0.03882901373576604,-0.01956926138474075
5.867259502410889,0,-0.07465985101106559,0.03882901373576604,-0.06
5.867259502410889,1,0.016416330407416524,0.07,-0.022967637785496563
5.867259502410889,2,0.04182719019623254,0.03882901373576604,-0.06
5.867259502410889,3,0.07465985101106559,-0.03882901373576604,-0.022967637785496563
5.867259502410889,4,-0.016416330407416524,-0.07,-0.06
5.867259502410889,5,-0.04182719019623254,-0.03882901373576604,-0.022967637785496563
5.883897304534912,0,-0.07698914331834578,0.03882901373576604,-0.06
5.883897304534912,1,0.018745622714696708,0.07,-0.026675346966627322
5.883897304534912,2,0.03949789788895235,0.03882901373576604,-0.06
5.883897304534912,3,0.07698914331834578,-0.03882901373576604,-0.026675346966627322
5.883897304534912,4,-0.018745622714696708,-0.07,-0.06
5.883897304534912,5,-0.03949789788895235,-0.03882901373576604,-0.026675346966627322
5.896955490112305,0,-0.07881728930696402,0.03882901373576604,-0.06
5.896955490112305,1,0.020573768703314954,0.07,-0.029842367931100105
5.896955490112305,2,0.03766975190033411,0.03882901373576604,-0.06
5.896955490112305,3,0.07881728930696402,-0.03882901373576604,-0.029842367931100105
5.896955490112305,4,-0.020573768703314954,-0.07,-0.06
5.896955490112305,5,-0.03766975190033411,-0.03882901373576604,-0.029842367931100105
5.912213563919067,0,-0.08095341964900532,0.03882901373576604,-0.06
5.912213563919067,1,0.022709899045356252,0.07,-0.03379838757918749
5.912213563919067,2,0.03553362155829281,0.03882901373576604,-0.06
5.912213563919067,3,0.08095341964900532,-0.03882901373576604,-0.03379838757918749
5.912213563919067,4,-0.022709899045356252,-0.07,-0.06
5.912213563919067,5,-0.03553362155829281,-0.03882901373576604,-0.03379838757918749
5.929049015045166,0,-0.08331038281669384,0.03882901373576604,-0.06
5.929049015045166,1,0.02506686221304477,0.07,-0.038441089954886945
5.929049015045166,2,0.03317665839060429,0.03882901373576604,-0.06
5.929049015045166,3,0.08331038281669384,-0.03882901373576604,-0.038441089954886945
5.929049015045166,4,-0.02506686221304477,-0.07,-0.06
5.929049015045166,5,-0.03317665839060429,-0.03882901373576604,-0.038441089954886945
5.945676326751709,0,-0.0856382064655205,0.03882901373576604,-0.06
5.945676326751709,1,0.027394685861871437,0.07,-0.04326316905811222
5.945676326751709,2,0.030848834741777624,0.03882901373576604,-0.06
5.945676326751709,3,0.0856382064655205,-0.03882901373576604,-0.04326316905811222
5.945676326751709,4,-0.027394685861871437,-0.07,-0.06
5.945676326751709,5,-0.030848834741777624,-0.03882901373576604,-0.04326316905811222
5.958324909210205,0,-0.0874090080172491,0.03882901373576604,-0.06
5.958324909210205,1,0.029165487413600033,0.07,-0.047056491231653653
5.958324909210205,2,0.029078033190049028,0.03882901373576604,-0.06
5.958324909210205,3,0.0874090080172491,-0.03882901373576604,-0.047056491231653653
5.958324909210205,4,-0.029165487413600033,-0.07,-0.06
5.958324909210205,5,-0.029078033190049028,-0.03882901373576604,-0.047056491231653653
5.973834753036499,0,-0.08958038616217484,0.03882901373576604,-0.06
5.973834753036499,1,0.03133686555852577,0.07,-0.05181692333010726
5.973834753036499,2,0.02690665504512329,0.03882901373576604,-0.06
5.973834753036499,3,0.08958038616217484,-0.03882901373576604,-0.05181692333010726
5.973834753036499,4,-0.03133686555852577,-0.07,-0.06
5.973834753036499,5,-0.02690665504512329,-0.03882901373576604,-0.05181692333010726
5.989001512527466,0,-0.09170373249995029,0.03882901373576604,-0.06
5.989001512527466,1,0.03346021189630122,0.07,-0.05654747270303033
5.989001512527466,2,0.024783308707347844,0.03882901373576604,-0.06
5.989001512527466,3,0.09170373249995029,-0.03882901373576604,-0.05654747270303033
5.989001512527466,4,-0.03346021189630122,-0.07,-0.06
5.989001512527466,5,-0.024783308707347844,-0.03882901373576604,-0.05654747270303033
6.00317645072937,0,-0.09279881764865555,0.03882901373576604,-0.059002154806047584
6.00317645072937,1,0.03455529704500648,0.07,-0.06
6.00317645072937,2,0.023688223558642578,0.03882901373576604,-0.059002154806047584
6.00317645072937,3,0.09279881764865555,-0.03882901373576604,-0.06
6.00317645072937,4,-0.03455529704500648,-0.07,-0.059002154806047584
6.00317645072937,5,-0.023688223558642578,-0.03882901373576604,-0.06
6.021466493606567,0,-0.09023821163494622,0.03882901373576604,-0.053276531016934595
6.021466493606567,1,0.03199469103129715,0.07,-0.06
6.021466493606567,2,0.02624882957235191,0.03882901373576604,-0.053276531016934595
6.021466493606567,3,0.09023821163494622,-0.03882901373576604,-0.06
6.021466493606567,4,-0.03199469103129715,-0.07,-0.053276531016934595
6.021466493606567,5,-0.02624882957235191,-0.03882901373576604,-0.06
6.049806594848633,0,-0.08627059744416504,0.03882901373576604,-0.04460694765909056
6.049806594848633,1,0.028027076840515974,0.07,-0.06
6.049806594848633,2,0.030216443763133087,0.03882901373576604,-0.04460694765909056
6.049806594848633,3,0.08627059744416504,-0.03882901373576604,-0.06
6.049806594848633,4,-0.028027076840515974,-0.07,-0.04460694765909056
6.049806594848633,5,-0.030216443763133087,-0.03882901373576604,-0.06
6.066827058792114,0,-0.08388773248193265,0.03882901373576604,-0.03961714553469421
6.066827058792114,1,0.025644211878283585,0.07,-0.06
6.066827058792114,2,0.032599308725365476,0.03882901373576604,-0.03961714553469421
6.066827058792114,3,0.08388773248193265,-0.03882901373576604,-0.06
6.066827058792114,4,-0.025644211878283585,-0.07,-0.03961714553469421
6.066827058792114,5,-0.032599308725365476,-0.03882901373576604,-0.06
6.080459833145142,0,-0.08197914406438306,0.03882901373576604,-0.03578582464522659
6.080459833145142,1,0.02373562346073399,0.07,-0.06
6.080459833145142,2,0.03450789714291507,0.03882901373576604,-0.03578582464522659
6.080459833145142,3,0.08197914406438306,-0.03882901373576604,-0.06
6.080459833145142,4,-0.02373562346073399,-0.07,-0.03578582464522659
6.080459833145142,5,-0.03450789714291507,-0.03882901373576604,-0.06
6.0976338386535645,0,-0.07957478328296735,0.03882901373576604,-0.031215346681267575
6.0976338386535645,1,0.021331262679318286,0.07,-0.06
6.0976338386535645,2,0.036912257924330776,0.03882901373576604,-0.031215346681267575
6.0976338386535645,3,0.07957478328296735,-0.03882901373576604,-0.06
6.0976338386535645,4,-0.021331262679318286,-0.07,-0.031215346681267575
6.0976338386535645,5,-0.036912257924330776,-0.03882901373576604,-0.06
6.118292331695557,0,-0.07668259424477503,0.03882901373576604,-0.026165683833936616
6.118292331695557,1,0.018439073641125958,0.07,-0.06
6.118292331695557,2,0.0398044469625231,0.03882901373576604,-0.026165683833936616
6.118292331695557,3,0.07668259424477503,-0.03882901373576604,-0.06
6.118292331695557,4,-0.018439073641125958,-0.07,-0.026165683833936616
6.118292331695557,5,-0.0398044469625231,-0.03882901373576604,-0.06
6.140980005264282,0,-0.07350631993163054,0.03882901373576604,-0.021278820228050922
6.140980005264282,1,0.015262799327981469,0.07,-0.06
6.140980005264282,2,0.04298072127566759,0.03882901373576604,-0.021278820228050922
6.140980005264282,3,0.07350631993163054,-0.03882901373576604,-0.06
6.140980005264282,4,-0.015262799327981469,-0.07,-0.021278820228050922
6.140980005264282,5,-0.04298072127566759,-0.03882901373576604,-0.06
6.155609607696533,0,-0.07145817558239548,0.03882901373576604,-0.018538627501154863
6.155609607696533,1,0.01321465497874641,0.07,-0.06
6.155609607696533,2,0.04502886562490265,0.03882901373576604,-0.018538627501154863
6.155609607696533,3,0.07145817558239548,-0.03882901373576604,-0.06
6.155609607696533,4,-0.01321465497874641,-0.07,-0.018538627501154863
6.155609607696533,5,-0.04502886562490265,-0.03882901373576604,-0.06
6.1734771728515625,0,-0.06895671645004148,0.03882901373576604,-0.01566890281606552
6.1734771728515625,1,0.01071319584639241,0.07,-0.06
6.1734771728515625,2,0.04753032475725665,0.03882901373576604,-0.01566890281606552
6.1734771728515625,3,0.06895671645004148,-0.03882901373576604,-0.06
6.1734771728515625,4,-0.01071319584639241,-0.07,-0.01566890281606552
6.1734771728515625,5,-0.04753032475725665,-0.03882901373576604,-0.06
6.1866748332977295,0,-0.06710904397971168,0.03882901373576604,-0.013905847575570097
6.1866748332977295,1,0.008865523376062612,0.07,-0.06
6.1866748332977295,2,0.04937799722758645,0.03882901373576604,-0.013905847575570097
6.1866748332977295,3,0.06710904397971168,-0.03882901373576604,-0.06
6.1866748332977295,4,-0.008865523376062612,-0.07,-0.013905847575570097
6.1866748332977295,5,-0.04937799722758645,-0.03882901373576604,-0.06
6.203357219696045,0,-0.06477350987400404,0.03882901373576604,-0.01213185601928532
6.203357219696045,1,0.0065299892703549745,0.07,-0.06
6.203357219696045,2,0.05171353133329409,0.03882901373576604,-0.01213185601928532
6.203357219696045,3,0.06477350987400404,-0.03882901373576604,-0.06
6.203357219696045,4,-0.0065299892703549745,-0.07,-0.01213185601928532
6.203357219696045,5,-0.05171353133329409,-0.03882901373576604,-0.06
6.221311092376709,0,-0.062259967688009725,0.03882901373576604,-0.010810123261944665
6.221311092376709,1,0.004016447084360664,0.07,-0.06
6.221311092376709,2,0.0542270735192884,0.03882901373576604,-0.010810123261944665
6.221311092376709,3,0.062259967688009725,-0.03882901373576604,-0.06
6.221311092376709,4,-0.004016447084360664,-0.07,-0.010810123261944665
6.221311092376709,5,-0.0542270735192884,-0.03882901373576604,-0.06
6.25083327293396,0,-0.058126862392398,0.03882901373576604,-0.010000684543231879
6.25083327293396,1,-0.0001166582112510639,0.07,-0.06
6.25083327293396,2,0.058360178814900125,0.03882901373576604,-0.010000684543231879
6.25083327293396,3,0.058126862392398,-0.03882901373576604,-0.06
6.25083327293396,4,0.0001166582112510639,-0.07,-0.010000684543231879
6.25083327293396,5,-0.058360178814900125,-0.03882901373576604,-0.06
6.266854286193848,0,-0.05588392052646445,0.03882901373576604,-0.010280100200864645
6.266854286193848,1,-0.0023596000771846093,0.07,-0.06
6.266854286193848,2,0.06060312068083367,0.03882901373576604,-0.010280100200864645
6.266854286193848,3,0.05588392052646445,-0.03882901373576604,-0.06
6.266854286193848,4,0.0023596000771846093,-0.07,-0.010280100200864645
6.266854286193848,5,-0.06060312068083367,-0.03882901373576604,-0.06
6.28327751159668,0,-0.05358466896027896,0.03882901373576604,-0.011088976112970765
6.28327751159668,1,-0.004658851643370099,0.07,-0.06
6.28327751159668,2,0.06290237224701917,0.03882901373576604,-0.011088976112970765
6.28327751159668,3,0.05358466896027896,-0.03882901373576604,-0.06
6.28327751159668,4,0.004658851643370099,-0.07,-0.011088976112970765
6.28327751159668,5,-0.06290237224701917,-0.03882901373576604,-0.06
6.2997963428497314,0,-0.051272032575005726,0.03882901373576604,-0.01242744126507419
6.2997963428497314,1,-0.006971488028643336,0.07,-0.06
6.2997963428497314,2,0.0652150086322924,0.03882901373576604,-0.01242744126507419
6.2997963428497314,3,0.051272032575005726,-0.03882901373576604,-0.06
6.2997963428497314,4,0.006971488028643336,-0.07,-0.01242744126507419
6.2997963428497314,5,-0.0652150086322924,-0.03882901373576604,-0.06
6.32804274559021,0,-0.047317536174502565,0.03882901373576604,-0.015891760658964187
6.32804274559021,1,-0.010925984429146496,0.07,-0.06
6.32804274559021,2,0.06916950503279556,0.03882901373576604,-0.015891760658964187
6.32804274559021,3,0.047317536174502565,-0.03882901373576604,-0.06
6.32804274559021,4,0.010925984429146496,-0.07,-0.015891760658964187
6.32804274559021,5,-0.06916950503279556,-0.03882901373576604,-0.06
6.342684507369995,0,-0.045267689516605474,0.03882901373576604,-0.018241483327384463
6.342684507369995,1,-0.012975831087043588,0.07,-0.06
6.342684507369995,2,0.07121935169069266,0.03882901373576604,-0.018241483327384463
6.342684507369995,3,0.045267689516605474,-0.03882901373576604,-0.06
6.342684507369995,4,0.012975831087043588,-0.07,-0.018241483327384463
6.342684507369995,5,-0.07121935169069266,-0.03882901373576604,-0.06
6.358339548110962,0,-0.04307598380353899,0.03882901373576604,-0.02114393008177009
6.358339548110962,1,-0.01516753680011007,0.07,-0.06
6.358339548110962,2,0.07341105740375914,0.03882901373576604,-0.02114393008177009
6.358339548110962,3,0.04307598380353899,-0.03882901373576604,-0.06
6.358339548110962,4,0.01516753680011007,-0.07,-0.02114393008177009
6.358339548110962,5,-0.07341105740375914,-0.03882901373576604,-0.06
6.3729987144470215,0,-0.04102370050775311,0.03882901373576604,-0.024202893349721498
6.3729987144470215,1,-0.017219820095895955,0.07,-0.06
6.3729987144470215,2,0.07546334069954502,0.03882901373576604,-0.024202893349721498
6.3729987144470215,3,0.04102370050775311,-0.03882901373576604,-0.06
6.3729987144470215,4,0.017219820095895955,-0.07,-0.024202893349721498
6.3729987144470215,5,-0.07546334069954502,-0.03882901373576604,-0.06
6.389722585678101,0,-0.03868235852543383,0.03882901373576604,-0.02806169650075941
6.389722585678101,1,-0.019561162078215233,0.07,-0.06
6.389722585678101,2,0.0778046826818643,0.03882901373576604,-0.02806169650075941
6.389722585678101,3,0.03868235852543383,-0.03882901373576604,-0.06
6.389722585678101,4,0.019561162078215233,-0.07,-0.02806169650075941
6.389722585678101,5,-0.0778046826818643,-0.03882901373576604,-0.06
6.403348684310913,0,-0.03677470470871829,0.03882901373576604,-0.031468281440096446
6.403348684310913,1,-0.02146881589493077,0.07,-0.06
6.403348684310913,2,0.07971233649857984,0.03882901373576604,-0.031468281440096446
6.403348684310913,3,0.03677470470871829,-0.03882901373576604,-0.06
6.403348684310913,4,0.02146881589493077,-0.07,-0.031468281440096446
6.403348684310913,5,-0.07971233649857984,-0.03882901373576604,-0.06
6.420258283615112,0,-0.034407360796051494,0.03882901373576604,-0.0359834530685616
6.420258283615112,1,-0.023836159807597568,0.07,-0.06
6.420258283615112,2,0.08207968041124664,0.03882901373576604,-0.0359834530685616
6.420258283615112,3,0.034407360796051494,-0.03882901373576604,-0.06
6.420258283615112,4,0.023836159807597568,-0.07,-0.0359834530685616
6.420258283615112,5,-0.08207968041124664,-0.03882901373576604,-0.06
6.435989618301392,0,-0.032204973930595786,0.03882901373576604,-0.04042831506569814
6.435989618301392,1,-0.026038546673053276,0.07,-0.06
6.435989618301392,2,0.08428206727670234,0.03882901373576604,-0.04042831506569814
6.435989618301392,3,0.032204973930595786,-0.03882901373576604,-0.06
6.435989618301392,4,0.026038546673053276,-0.07,-0.04042831506569814
6.435989618301392,5,-0.08428206727670234,-0.03882901373576604,-0.06
6.466587781906128,0,-0.027921231007694773,0.03882901373576604,-0.04958017575776965
6.466587781906128,1,-0.030322289595954288,0.07,-0.06
6.466587781906128,2,0.08856581019960336,0.03882901373576604,-0.04958017575776965
6.466587781906128,3,0.027921231007694773,-0.03882901373576604,-0.06
6.466587781906128,4,0.030322289595954288,-0.07,-0.04958017575776965
6.466587781906128,5,-0.08856581019960336,-0.03882901373576604,-0.06
6.480218887329102,0,-0.026012876240353693,0.03882901373576604,-0.05380156738067307
6.480218887329102,1,-0.03223064436329537,0.07,-0.06
6.480218887329102,2,0.09047416496694444,0.03882901373576604,-0.05380156738067307
6.480218887329102,3,0.026012876240353693,-0.03882901373576604,-0.06
6.480218887329102,4,0.03223064436329537,-0.07,-0.05380156738067307
6.480218887329102,5,-0.09047416496694444,-0.03882901373576604,-0.06
6.495852947235107,0,-0.023824107844194246,0.03882901373576604,-0.05869731235256499
6.495852947235107,1,-0.034419412759454815,0.07,-0.06
6.495852947235107,2,0.09266293336310388,0.03882901373576604,-0.05869731235256499
6.495852947235107,3,0.023824107844194246,-0.03882901373576604,-0.06
6.495852947235107,4,0.034419412759454815,-0.07,-0.05869731235256499
6.495852947235107,5,-0.09266293336310388,-0.03882901373576604,-0.06
6.5101423263549805,0,-0.024663446150380013,0.03882901373576604,-0.06
6.5101423263549805,1,-0.03358007445326905,0.07,-0.056815850325435825
6.5101423263549805,2,0.09182359505691812,0.03882901373576604,-0.06
6.5101423263549805,3,0.024663446150380013,-0.03882901373576604,-0.056815850325435825
6.5101423263549805,4,0.03358007445326905,-0.07,-0.06
6.5101423263549805,5,-0.09182359505691812,-0.03882901373576604,-0.056815850325435825
6.524821043014526,0,-0.026718466491465635,0.03882901373576604,-0.06
6.524821043014526,1,-0.031525054112183426,0.07,-0.05223381038648702
6.524821043014526,2,0.0897685747158325,0.03882901373576604,-0.06
6.524821043014526,3,0.026718466491465635,-0.03882901373576604,-0.05223381038648702
6.524821043014526,4,0.031525054112183426,-0.07,-0.06
6.524821043014526,5,-0.0897685747158325,-0.03882901373576604,-0.05223381038648702
6.5419089794158936,0,-0.029110777597842245,0.03882901373576604,-0.06
6.5419089794158936,1,-0.029132743005806816,0.07,-0.04698553167208516
6.5419089794158936,2,0.08737626360945588,0.03882901373576604,-0.06
6.5419089794158936,3,0.029110777597842245,-0.03882901373576604,-0.04698553167208516
6.5419089794158936,4,0.029132743005806816,-0.07,-0.06
6.5419089794158936,5,-0.08737626360945588,-0.03882901373576604,-0.04698553167208516
6.556989908218384,0,-0.031222107639179812,0.03882901373576604,-0.06
6.556989908218384,1,-0.02702141296446925,0.07,-0.04247625302731084
6.556989908218384,2,0.08526493356811832,0.03882901373576604,-0.06
6.556989908218384,3,0.031222107639179812,-0.03882901373576604,-0.04247625302731084
6.556989908218384,4,0.02702141296446925,-0.07,-0.06
6.556989908218384,5,-0.08526493356811832,-0.03882901373576604,-0.04247625302731084
6.572395086288452,0,-0.033378832578171584,0.03882901373576604,-0.06
6.572395086288452,1,-0.024864688025477477,0.07,-0.0380326445996885
6.572395086288452,2,0.08310820862912655,0.03882901373576604,-0.06
6.572395086288452,3,0.033378832578171584,-0.03882901373576604,-0.0380326445996885
6.572395086288452,4,0.024864688025477477,-0.07,-0.06
6.572395086288452,5,-0.08310820862912655,-0.03882901373576604,-0.0380326445996885
6.589299201965332,0,-0.035745408783010406,0.03882901373576604,-0.06
6.589299201965332,1,-0.022498111820638655,0.07,-0.033394808066204554
6.589299201965332,2,0.08074163242428772,0.03882901373576604,-0.06
6.589299201965332,3,0.035745408783010406,-0.03882901373576604,-0.033394808066204554
6.589299201965332,4,0.022498111820638655,-0.07,-0.06
6.589299201965332,5,-0.08074163242428772,-0.03882901373576604,-0.033394808066204554
6.607093095779419,0,-0.03823655392758856,0.03882901373576604,-0.06
6.607093095779419,1,-0.0200069666760605,0.07,-0.028837733332650436
6.607093095779419,2,0.07825048727970957,0.03882901373576604,-0.06
6.607093095779419,3,0.03823655392758856,-0.03882901373576604,-0.028837733332650436
6.607093095779419,4,0.0200069666760605,-0.07,-0.06
6.607093095779419,5,-0.07825048727970957,-0.03882901373576604,-0.028837733332650436
6.637799024581909,0,-0.042535383978239354,0.03882901373576604,-0.06
6.637799024581909,1,-0.015708136625409708,0.07,-0.021918758272207642
6.637799024581909,2,0.07395165722905878,0.03882901373576604,-0.06
6.637799024581909,3,0.042535383978239354,-0.03882901373576604,-0.021918758272207642
6.637799024581909,4,0.015708136625409708,-0.07,-0.06
6.637799024581909,5,-0.07395165722905878,-0.03882901373576604,-0.021918758272207642
6.667417764663696,0,-0.046682007607343694,0.03882901373576604,-0.06
6.667417764663696,1,-0.011561512996305368,0.07,-0.016581229599335716
6.667417764663696,2,0.06980503359995444,0.03882901373576604,-0.06
6.667417764663696,3,0.046682007607343694,-0.03882901373576604,-0.016581229599335716
6.667417764663696,4,0.011561512996305368,-0.07,-0.06
6.667417764663696,5,-0.06980503359995444,-0.03882901373576604,-0.016581229599335716
6.684097766876221,0,-0.04901720792703917,0.03882901373576604,-0.06
6.684097766876221,1,-0.009226312676609894,0.07,-0.014225574304427918
6.684097766876221,2,0.06746983328025896,0.03882901373576604,-0.06
6.684097766876221,3,0.04901720792703917,-0.03882901373576604,-0.014225574304427918
6.684097766876221,4,0.009226312676609894,-0.07,-0.06
6.684097766876221,5,-0.06746983328025896,-0.03882901373576604,-0.014225574304427918
6.700621604919434,0,-0.05133054526293795,0.03882901373576604,-0.06
6.700621604919434,1,-0.006912975340711114,0.07,-0.012387190569529007
6.700621604919434,2,0.06515649594436018,0.03882901373576604,-0.06
6.700621604919434,3,0.05133054526293795,-0.03882901373576604,-0.012387190569529007
6.700621604919434,4,0.006912975340711114,-0.07,-0.06
6.700621604919434,5,-0.06515649594436018,-0.03882901373576604,-0.012387190569529007
6.728332757949829,0,-0.05521010670371045,0.03882901373576604,-0.06
6.728332757949829,1,-0.0030334138999386084,0.07,-0.010462631770813559
6.728332757949829,2,0.06127693450358767,0.03882901373576604,-0.06
6.728332757949829,3,0.05521010670371045,-0.03882901373576604,-0.010462631770813559
6.728332757949829,4,0.0030334138999386084,-0.07,-0.06
6.728332757949829,5,-0.06127693450358767,-0.03882901373576604,-0.010462631770813559
6.7471373081207275,0,-0.05784274373884462,0.03882901373576604,-0.06
6.7471373081207275,1,-0.00040077686480444186,0.07,-0.010008087182544291
6.7471373081207275,2,0.0586442974684535,0.03882901373576604,-0.06
6.7471373081207275,3,0.05784274373884462,-0.03882901373576604,-0.010008087182544291
6.7471373081207275,4,0.00040077686480444186,-0.07,-0.06
6.7471373081207275,5,-0.0586442974684535,-0.03882901373576604,-0.010008087182544291
6.776264905929565,0,-0.061920607449443325,0.03882901373576604,-0.06
6.776264905929565,1,0.003677086845794264,0.07,-0.010679305482608516
6.776264905929565,2,0.0545664337578548,0.03882901373576604,-0.06
6.776264905929565,3,0.061920607449443325,-0.03882901373576604,-0.010679305482608516
6.776264905929565,4,-0.003677086845794264,-0.07,-0.06
6.776264905929565,5,-0.0545664337578548,-0.03882901373576604,-0.010679305482608516
6.78993821144104,0,-0.0638348702291997,0.03882901373576604,-0.06
6.78993821144104,1,0.0055913496255506345,0.07,-0.011566017440745271
6.78993821144104,2,0.05265217097809843,0.03882901373576604,-0.06
6.78993821144104,3,0.0638348702291997,-0.03882901373576604,-0.011566017440745271
6.78993821144104,4,-0.0055913496255506345,-0.07,-0.06
6.78993821144104,5,-0.05265217097809843,-0.03882901373576604,-0.011566017440745271
6.804563045501709,0,-0.06588234700641044,0.03882901373576604,-0.06
6.804563045501709,1,0.007638826402761367,0.07,-0.012909638534525675
6.804563045501709,2,0.050604694200887694,0.03882901373576604,-0.06
6.804563045501709,3,0.06588234700641044,-0.03882901373576604,-0.012909638534525675
6.804563045501709,4,-0.007638826402761367,-0.07,-0.06
6.804563045501709,5,-0.050604694200887694,-0.03882901373576604,-0.012909638534525675
6.819697141647339,0,-0.06800112047581924,0.03882901373576604,-0.06
6.819697141647339,1,0.009757599872170175,0.07,-0.014718217544530406
6.819697141647339,2,0.048485920731478886,0.03882901373576604,-0.06
6.819697141647339,3,0.06800112047581924,-0.03882901373576604,-0.014718217544530406
6.819697141647339,4,-0.009757599872170175,-0.07,-0.06
6.819697141647339,5,-0.048485920731478886,-0.03882901373576604,-0.014718217544530406
6.837929010391235,0,-0.035601094602533814,0.03882901373576604,-0.06
6.837929010391235,1,-0.02264242600111525,0.07,-0.03366955296674234
6.837929010391235,2,0.08088594660476431,0.03882901373576604,-0.06
6.837929010391235,3,0.035601094602533814,-0.03882901373576604,-0.03366955296674234
6.837929010391235,4,0.02264242600111525,-0.07,-0.06
6.837929010391235,5,-0.08088594660476431,-0.03882901373576604,-0.03366955296674234
6.851013898849487,0,-0.09304525493061591,0.03882901373576604,-0.06
6.851013898849487,1,0.034801734326966836,0.07,-0.05955509840203758
6.851013898849487,2,0.023441786276682218,0.03882901373576604,-0.06
6.851013898849487,3,0.0930452549306159,-0.03882901373576604,-0.05955509840203758
6.851013898849487,4,-0.03480173432696684,-0.07,-0.06
6.851013898849487,5,-0.023441786276682225,-0.03882901373576604,-0.05955509840203758
6.867931604385376,0,-0.05838666831666219,0.03882901373576604,-0.06
6.867931604385376,1,0.00014314771301313393,0.07,-0.010001031091737708
6.867931604385376,2,0.05810037289063593,0.03882901373576604,-0.06
6.867931604385376,3,0.05838666831666219,-0.03882901373576604,-0.010001031091737708
6.867931604385376,4,-0.00014314771301313393,-0.07,-0.06
6.867931604385376,5,-0.05810037289063593,-0.03882901373576604,-0.010001031091737708
6.885833978652954,0,-0.05591785310787071,0.03882901373576604,-0.06
6.885833978652954,1,-0.0023256674957783494,0.07,-0.010272109322216068
6.885833978652954,2,0.060569188099427414,0.03882901373576604,-0.06
6.885833978652954,3,0.05591785310787071,-0.03882901373576604,-0.010272109322216068
6.885833978652954,4,0.0023256674957783494,-0.07,-0.06
6.885833978652954,5,-0.060569188099427414,-0.03882901373576604,-0.010272109322216068
6.913974046707153,0,-0.052421209058240145,0.03882901373576604,-0.011697312531818438
6.913974046707153,1,-0.005822311545408917,0.07,-0.06
6.913974046707153,2,0.06406583214905798,0.03882901373576604,-0.011697312531818438
6.913974046707153,3,0.052421209058240145,-0.03882901373576604,-0.06
6.913974046707153,4,0.005822311545408917,-0.07,-0.011697312531818438
6.913974046707153,5,-0.06406583214905798,-0.03882901373576604,-0.06
6.929231643676758,0,-0.06996007151849142,0.03882901373576604,-0.016754807576805857
6.929231643676758,1,0.011716550914842368,0.07,-0.06
6.929231643676758,2,0.0465269696888067,0.03882901373576604,-0.016754807576805857
6.929231643676758,3,0.06996007151849143,-0.03882901373576604,-0.06
6.929231643676758,4,-0.011716550914842359,-0.07,-0.016754807576805857
6.929231643676758,5,-0.046526969688806694,-0.03882901373576604,-0.06
6.9448628425598145,0,-0.08337261560161618,0.03882901373576604,-0.06
6.9448628425598145,1,0.025129094997967127,0.07,-0.038567175477479135
6.9448628425598145,2,0.03311442560568194,0.03882901373576604,-0.06
6.9448628425598145,3,0.08337261560161618,-0.03882901373576604,-0.038567175477479135
6.9448628425598145,4,-0.02512909499796712,-0.07,-0.06
6.9448628425598145,5,-0.03311442560568194,-0.03882901373576604,-0.038567175477479135
6.9575560092926025,0,-0.053690627968483604,0.03882901373576604,-0.06
6.9575560092926025,1,-0.004552892635165461,0.07,-0.01104017544723037
6.9575560092926025,2,0.06279641323881452,0.03882901373576604,-0.06
6.9575560092926025,3,0.053690627968483604,-0.03882901373576604,-0.01104017544723037
6.9575560092926025,4,0.004552892635165461,-0.07,-0.06
6.9575560092926025,5,-0.06279641323881452,-0.03882901373576604,-0.01104017544723037
6.974181652069092,0,-0.04080368648804658,0.03882901373576604,-0.06
6.974181652069092,1,-0.017439834115602484,0.07,-0.024549321453395605
6.974181652069092,2,0.07568335471925154,0.03882901373576604,-0.06
6.974181652069092,3,0.04080368648804658,-0.03882901373576604,-0.024549321453395605
6.974181652069092,4,0.017439834115602477,-0.07,-0.06
6.974181652069092,5,-0.07568335471925154,-0.03882901373576604,-0.024549321453395605
6.990325450897217,0,-0.030651568778091796,0.03882901373576604,-0.043680946809649485
6.990325450897217,1,-0.027591951825557272,0.07,-0.06
6.990325450897217,2,0.08583547242920633,0.03882901373576604,-0.043680946809649485
6.990325450897217,3,0.03065156877809179,-0.03882901373576604,-0.06
6.990325450897217,4,0.027591951825557265,-0.07,-0.043680946809649485
6.990325450897217,5,-0.08583547242920633,-0.03882901373576604,-0.06
7.005951881408691,0,-0.05321307562809798,0.03882901373576604,-0.011268851419508931
7.005951881408691,1,-0.005030444975551078,0.07,-0.06
7.005951881408691,2,0.06327396557920013,0.03882901373576604,-0.011268851419508931
7.005951881408691,3,0.05321307562809798,-0.03882901373576604,-0.06
7.005951881408691,4,0.005030444975551078,-0.07,-0.011268851419508931
7.005951881408691,5,-0.06327396557920013,-0.03882901373576604,-0.06
7.028220891952515,0,-0.0732559921661175,0.03882901373576604,-0.020925880388306242
7.028220891952515,1,0.01501247156246843,0.07,-0.06
7.028220891952515,2,0.04323104904118062,0.03882901373576604,-0.020925880388306242
7.028220891952515,3,0.07325599216611749,-0.03882901373576604,-0.06
7.028220891952515,4,-0.015012471562468436,-0.07,-0.020925880388306242
7.028220891952515,5,-0.04323104904118063,-0.03882901373576604,-0.06
7.0557026863098145,0,-0.08609374935732657,0.03882901373576604,-0.06
7.0557026863098145,1,0.02785022875367751,0.07,-0.044229864569087965
7.0557026863098145,2,0.03039329184997155,0.03882901373576604,-0.06
7.0557026863098145,3,0.08609374935732657,-0.03882901373576604,-0.044229864569087965
7.0557026863098145,4,-0.02785022875367751,-0.07,-0.06
7.0557026863098145,5,-0.03039329184997155,-0.03882901373576604,-0.044229864569087965
7.081201791763306,0,-0.062175938921289364,0.03882901373576604,-0.06
7.081201791763306,1,0.0039324183176403064,0.07,-0.010776667483346304
7.081201791763306,2,0.05431110228600876,0.03882901373576604,-0.06
7.081201791763306,3,0.062175938921289364,-0.03882901373576604,-0.010776667483346304
7.081201791763306,4,-0.0039324183176403064,-0.07,-0.06
7.081201791763306,5,-0.05431110228600876,-0.03882901373576604,-0.010776667483346304
7.097841501235962,0,-0.06308986888161128,0.03882901373576604,-0.06
7.097841501235962,1,0.0048463482779622265,0.07,-0.01117803947039895
7.097841501235962,2,0.053397172325686845,0.03882901373576604,-0.06
7.097841501235962,3,0.06308986888161129,-0.03882901373576604,-0.01117803947039895
7.097841501235962,4,-0.004846348277962219,-0.07,-0.06
7.097841501235962,5,-0.05339717232568683,-0.03882901373576604,-0.01117803947039895
7.117040634155273,0,-0.05631374752575981,0.03882901373576604,-0.06
7.117040634155273,1,-0.001929773077889249,0.07,-0.010187405767116367
7.117040634155273,2,0.060173293681538315,0.03882901373576604,-0.06
7.117040634155273,3,0.056313747525759815,-0.03882901373576604,-0.010187405767116367
7.117040634155273,4,0.0019297730778892529,-0.07,-0.06
7.117040634155273,5,-0.06017329368153831,-0.03882901373576604,-0.010187405767116367
7.1439454555511475,0,-0.050210351261596405,0.03882901373576604,-0.06
7.1439454555511475,1,-0.00803316934205266,0.07,-0.013214461073434498
7.1439454555511475,2,0.06627668994570171,0.03882901373576604,-0.06
7.1439454555511475,3,0.0502103512615964,-0.03882901373576604,-0.013214461073434498
7.1439454555511475,4,0.008033169342052657,-0.07,-0.06
7.1439454555511475,5,-0.06627668994570173,-0.03882901373576604,-0.013214461073434498
7.15995717048645,0,-0.051055246494400096,0.03882901373576604,-0.06
7.15995717048645,1,-0.00718827410924896,0.07,-0.012579424865781591
7.15995717048645,2,0.06543179471289802,0.03882901373576604,-0.06
7.15995717048645,3,0.0510552464944001,-0.03882901373576604,-0.012579424865781591
7.15995717048645,4,0.007188274109248964,-0.07,-0.06
7.15995717048645,5,-0.06543179471289802,-0.03882901373576604,-0.012579424865781591
7.175967454910278,0,-0.051900066242951785,0.03882901373576604,-0.06
7.175967454910278,1,-0.006343454360697273,0.07,-0.012012611077423942
7.175967454910278,2,0.06458697496434633,0.03882901373576604,-0.06
7.175967454910278,3,0.051900066242951785,-0.03882901373576604,-0.012012611077423942
7.175967454910278,4,0.006343454360697273,-0.07,-0.06
7.175967454910278,5,-0.06458697496434633,-0.03882901373576604,-0.012012611077423942
7.192556381225586,0,-0.05277541937144354,0.03882901373576604,-0.06
7.192556381225586,1,-0.005468101232205524,0.07,-0.01149808288719903
7.192556381225586,2,0.06371162183585458,0.03882901373576604,-0.06
7.192556381225586,3,0.05277541937144354,-0.03882901373576604,-0.01149808288719903
7.192556381225586,4,0.00546810123220552,-0.07,-0.06
7.192556381225586,5,-0.06371162183585459,-0.03882901373576604,-0.01149808288719903
7.204699993133545,0,-0.05341620518679873,0.03882901373576604,-0.06
7.204699993133545,1,-0.004827315416850336,0.07,-0.01116884085344897
7.204699993133545,2,0.0630708360204994,0.03882901373576604,-0.06
7.204699993133545,3,0.053416205186798724,-0.03882901373576604,-0.01116884085344897
7.204699993133545,4,0.0048273154168503325,-0.07,-0.06
7.204699993133545,5,-0.0630708360204994,-0.03882901373576604,-0.01116884085344897
7.220350980758667,0,-0.054242065807385983,0.03882901373576604,-0.06
7.220350980758667,1,-0.0040014547962630796,0.07,-0.010804102843860068
7.220350980758667,2,0.06224497539991214,0.03882901373576604,-0.06
7.220350980758667,3,0.054242065807385983,-0.03882901373576604,-0.010804102843860068
7.220350980758667,4,0.0040014547962630796,-0.07,-0.06
7.220350980758667,5,-0.06224497539991214,-0.03882901373576604,-0.010804102843860068
7.238599538803101,0,-0.05520499324892378,0.03882901373576604,-0.06
7.238599538803101,1,-0.0030385273547252818,0.07,-0.010464190393643588
7.238599538803101,2,0.061282047958374344,0.03882901373576604,-0.06
7.238599538803101,3,0.05520499324892378,-0.03882901373576604,-0.010464190393643588
7.238599538803101,4,0.0030385273547252857,-0.07,-0.06
7.238599538803101,5,-0.061282047958374344,-0.03882901373576604,-0.010464190393643588
7.252279996871948,0,-0.055926874312360396,0.03882901373576604,-0.06
7.252279996871948,1,-0.0023166462912886632,0.07,-0.010270004298902825
7.252279996871948,2,0.06056016689493773,0.03882901373576604,-0.06
7.252279996871948,3,0.055926874312360396,-0.03882901373576604,-0.010270004298902825
7.252279996871948,4,0.0023166462912886632,-0.07,-0.06
7.252279996871948,5,-0.06056016689493773,-0.03882901373576604,-0.010270004298902825
7.271724224090576,0,-0.05695289400787406,0.03882901373576604,-0.06
7.271724224090576,1,-0.0012906265957750066,0.07,-0.010083853194111723
7.271724224090576,2,0.05953414719942406,0.03882901373576604,-0.06
7.271724224090576,3,0.05695289400787405,-0.03882901373576604,-0.010083853194111723
7.271724224090576,4,0.0012906265957750027,-0.07,-0.06
7.271724224090576,5,-0.05953414719942407,-0.03882901373576604,-0.010083853194111723
7.284234523773193,0,-0.057613028953162414,0.03882901373576604,-0.06
7.284234523773193,1,-0.0006304916504866448,0.07,-0.010020015074540867
7.284234523773193,2,0.05887401225413571,0.03882901373576604,-0.06
7.284234523773193,3,0.057613028953162414,-0.03882901373576604,-0.010020015074540867
7.284234523773193,4,0.0006304916504866448,-0.07,-0.06
7.284234523773193,5,-0.05887401225413571,-0.03882901373576604,-0.010020015074540867
7.300901412963867,0,-0.05849249597338898,0.03882901373576604,-0.06
7.300901412963867,1,0.0002489753697399175,0.07,-0.010003120672938834
7.300901412963867,2,0.057994545233909144,0.03882901373576604,-0.06
7.300901412963867,3,0.05849249597338898,-0.03882901373576604,-0.010003120672938834
7.300901412963867,4,-0.0002489753697399175,-0.07,-0.06
7.300901412963867,5,-0.057994545233909144,-0.03882901373576604,-0.010003120672938834
7.317167282104492,0,-0.05935080224163402,0.03882901373576604,-0.06
7.317167282104492,1,0.0011072816379849493,0.07,-0.010061725590398807
7.317167282104492,2,0.0571362389656641,0.03882901373576604,-0.06
7.317167282104492,3,0.05935080224163401,-0.03882901373576604,-0.010061725590398807
7.317167282104492,4,-0.001107281637984957,-0.07,-0.06
7.317167282104492,5,-0.05713623896566411,-0.03882901373576604,-0.010061725590398807
7.330907821655273,0,-0.06007585364365526,0.03882901373576604,-0.06
7.330907821655273,1,0.001832333040006196,0.07,-0.01016896853065849
7.330907821655273,2,0.05641118756364286,0.03882901373576604,-0.06
7.330907821655273,3,0.06007585364365526,-0.03882901373576604,-0.01016896853065849
7.330907821655273,4,-0.001832333040006196,-0.07,-0.06
7.330907821655273,5,-0.05641118756364286,-0.03882901373576604,-0.01016896853065849
7.348146677017212,0,-0.06098550178397915,0.03882901373576604,-0.06
7.348146677017212,1,0.0027419811803300886,0.07,-0.01037811475212546
7.348146677017212,2,0.05550153942331897,0.03882901373576604,-0.06
7.348146677017212,3,0.06098550178397915,-0.03882901373576604,-0.01037811475212546
7.348146677017212,4,-0.0027419811803300886,-0.07,-0.06
7.348146677017212,5,-0.05550153942331897,-0.03882901373576604,-0.01037811475212546
7.3627777099609375,0,-0.06175754213287972,0.03882901373576604,-0.06
7.3627777099609375,1,0.003514021529230658,0.07,-0.010620514098173106
7.3627777099609375,2,0.0547294990744184,0.03882901373576604,-0.06
7.3627777099609375,3,0.06175754213287972,-0.03882901373576604,-0.010620514098173106
7.3627777099609375,4,-0.003514021529230658,-0.07,-0.06
7.3627777099609375,5,-0.0547294990744184,-0.03882901373576604,-0.010620514098173106
7.379154920578003,0,-0.06262172359207326,0.03882901373576604,-0.06
7.379154920578003,1,0.004378202988424189,0.07,-0.01096213795720579
7.379154920578003,2,0.05386531761522487,0.03882901373576604,-0.06
7.379154920578003,3,0.06262172359207326,-0.03882901373576604,-0.01096213795720579
7.379154920578003,4,-0.004378202988424197,-0.07,-0.06
7.379154920578003,5,-0.053865317615224874,-0.03882901373576604,-0.01096213795720579
7.395829200744629,0,-0.06350158061426857,0.03882901373576604,-0.06
7.395829200744629,1,0.005258060010619499,0.07,-0.011385728662689346
7.395829200744629,2,0.052985460593029554,0.03882901373576604,-0.06
7.395829200744629,3,0.06350158061426855,-0.03882901373576604,-0.011385728662689346
7.395829200744629,4,-0.005258060010619507,-0.07,-0.06
7.395829200744629,5,-0.05298546059302956,-0.03882901373576604,-0.011385728662689346
7.400992155075073,0,-0.0637740158604993,0.03882901373576604,-0.06
7.400992155075073,1,0.005530495256850239,0.07,-0.011532289155940324
7.400992155075073,2,0.05271302534679882,0.03882901373576604,-0.06
7.400992155075073,3,0.0637740158604993,-0.03882901373576604,-0.011532289155940324
7.400992155075073,4,-0.005530495256850239,-0.07,-0.06
7.400992155075073,5,-0.05271302534679882,-0.03882901373576604,-0.011532289155940324
7.423186779022217,0,-0.06494516661122042,0.03882901373576604,-0.06
7.423186779022217,1,0.00670164600757137,0.07,-0.012244554198305599
7.423186779022217,2,0.0515418745960777,0.03882901373576604,-0.06
7.423186779022217,3,0.06494516661122043,-0.03882901373576604,-0.012244554198305599
7.423186779022217,4,-0.006701646007571362,-0.07,-0.06
7.423186779022217,5,-0.05154187459607769,-0.03882901373576604,-0.012244554198305599
7.4383344650268555,0,-0.06574446935580708,0.03882901373576604,-0.06
7.4383344650268555,1,0.007500948752158021,0.07,-0.012806535962881851
7.4383344650268555,2,0.05074257185149104,0.03882901373576604,-0.06
7.4383344650268555,3,0.06574446935580708,-0.03882901373576604,-0.012806535962881851
7.4383344650268555,4,-0.007500948752158021,-0.07,-0.06
7.4383344650268555,5,-0.05074257185149104,-0.03882901373576604,-0.012806535962881851
7.453970193862915,0,-0.06656952481103952,0.03882901373576604,-0.06
7.453970193862915,1,0.008326004207390453,0.07,-0.013450305774597798
7.453970193862915,2,0.049917516396258604,0.03882901373576604,-0.06
7.453970193862915,3,0.06656952481103952,-0.03882901373576604,-0.013450305774597798
7.453970193862915,4,-0.008326004207390453,-0.07,-0.06
7.453970193862915,5,-0.049917516396258604,-0.03882901373576604,-0.013450305774597798
7.469823122024536,0,-0.06740604129186956,0.03882901373576604,-0.06
7.469823122024536,1,0.009162520688220493,0.07,-0.014168166864932191
7.469823122024536,2,0.049080999915428566,0.03882901373576604,-0.06
7.469823122024536,3,0.06740604129186956,-0.03882901373576604,-0.014168166864932191
7.469823122024536,4,-0.009162520688220493,-0.07,-0.06
7.469823122024536,5,-0.049080999915428566,-0.03882901373576604,-0.014168166864932191
7.486970663070679,0,-0.06831087102077316,0.03882901373576604,-0.06
7.486970663070679,1,0.01006735041712409,0.07,-0.015017336164693085
7.486970663070679,2,0.048176170186524966,0.03882901373576604,-0.06
7.486970663070679,3,0.06831087102077316,-0.03882901373576604,-0.015017336164693085
7.486970663070679,4,-0.010067350417124098,-0.07,-0.06
7.486970663070679,5,-0.04817617018652497,-0.03882901373576604,-0.015017336164693085
7.501101493835449,0,-0.06905651704288582,0.03882901373576604,-0.06
7.501101493835449,1,0.010812996439236762,0.07,-0.01577292381664648
7.501101493835449,2,0.047430524164412305,0.03882901373576604,-0.06
7.501101493835449,3,0.06905651704288582,-0.03882901373576604,-0.01577292381664648
7.501101493835449,4,-0.010812996439236753,-0.07,-0.06
7.501101493835449,5,-0.0474305241644123,-0.03882901373576604,-0.01577292381664648
7.516907215118408,0,-0.06989054254339937,0.03882901373576604,-0.06
7.516907215118408,1,0.011647021939750308,0.07,-0.01667670460976526
7.516907215118408,2,0.04659649866389876,0.03882901373576604,-0.06
7.516907215118408,3,0.06989054254339937,-0.03882901373576604,-0.01667670460976526
7.516907215118408,4,-0.0116470219397503,-0.07,-0.06
7.516907215118408,5,-0.046596498663898755,-0.03882901373576604,-0.01667670460976526
7.533504962921143,0,-0.07076636115811188,0.03882901373576604,-0.06
7.533504962921143,1,0.012522840554462811,0.07,-0.01769108039981726
7.533504962921143,2,0.04572068004918624,0.03882901373576604,-0.06
7.533504962921143,3,0.07076636115811187,-0.03882901373576604,-0.01769108039981726
7.533504962921143,4,-0.01252284055446282,-0.07,-0.06
7.533504962921143,5,-0.04572068004918625,-0.03882901373576604,-0.01769108039981726
7.561676025390625,0,-0.07225287253304294,0.03882901373576604,-0.06
7.561676025390625,1,0.014009351929393865,0.07,-0.01956148823599406
7.561676025390625,2,0.044234168674255184,0.03882901373576604,-0.06
7.561676025390625,3,0.07225287253304293,-0.03882901373576604,-0.01956148823599406
7.561676025390625,4,-0.014009351929393874,-0.07,-0.06
7.561676025390625,5,-0.0442341686742552,-0.03882901373576604,-0.01956148823599406
7.578681468963623,0,-0.07315020415957971,0.03882901373576604,-0.06
7.578681468963623,1,0.014906683555930646,0.07,-0.0207782086416997
7.578681468963623,2,0.043336837047718416,0.03882901373576604,-0.06
7.578681468963623,3,0.07315020415957971,-0.03882901373576604,-0.0207782086416997
7.578681468963623,4,-0.014906683555930646,-0.07,-0.06
7.578681468963623,5,-0.043336837047718416,-0.03882901373576604,-0.0207782086416997
7.593022346496582,0,-0.07390693378602992,0.03882901373576604,-0.06
7.593022346496582,1,0.015663413182380844,0.07,-0.02185380045289354
7.593022346496582,2,0.04258010742126821,0.03882901373576604,-0.06
7.593022346496582,3,0.0739069337860299,-0.03882901373576604,-0.02185380045289354
7.593022346496582,4,-0.015663413182380855,-0.07,-0.06
7.593022346496582,5,-0.04258010742126822,-0.03882901373576604,-0.02185380045289354
7.609184503555298,0,-0.07475976744600385,0.03882901373576604,-0.06
7.609184503555298,1,0.016516246842354795,0.07,-0.023118656301604243
7.609184503555298,2,0.04172727376129427,0.03882901373576604,-0.06
7.609184503555298,3,0.07475976744600385,-0.03882901373576604,-0.023118656301604243
7.609184503555298,4,-0.01651624684235479,-0.07,-0.06
7.609184503555298,5,-0.041727273761294266,-0.03882901373576604,-0.023118656301604243
7.624896287918091,0,-0.07558883614730175,0.03882901373576604,-0.06
7.624896287918091,1,0.01734531554365269,0.07,-0.024400069608915602
7.624896287918091,2,0.040898205059996376,0.03882901373576604,-0.06
7.624896287918091,3,0.07558883614730175,-0.03882901373576604,-0.024400069608915602
7.624896287918091,4,-0.01734531554365269,-0.07,-0.06
7.624896287918091,5,-0.040898205059996376,-0.03882901373576604,-0.024400069608915602
7.637822866439819,0,-0.07627093700992646,0.03882901373576604,-0.06
7.637822866439819,1,0.018027416406277405,0.07,-0.025491361039315694
7.637822866439819,2,0.040216104197371656,0.03882901373576604,-0.06
7.637822866439819,3,0.07627093700992646,-0.03882901373576604,-0.025491361039315694
7.637822866439819,4,-0.018027416406277405,-0.07,-0.06
7.637822866439819,5,-0.040216104197371656,-0.03882901373576604,-0.025491361039315694
7.654399394989014,0,-0.07714563594156743,0.03882901373576604,-0.06
7.654399394989014,1,0.018902115337918357,0.07,-0.026937966887304016
7.654399394989014,2,0.039341405265730704,0.03882901373576604,-0.06
7.654399394989014,3,0.07714563594156743,-0.03882901373576604,-0.026937966887304016
7.654399394989014,4,-0.018902115337918357,-0.07,-0.06
7.654399394989014,5,-0.039341405265730704,-0.03882901373576604,-0.026937966887304016
7.671558141708374,0,-0.07805105696377847,0.03882901373576604,-0.06
7.671558141708374,1,0.019807536360129406,0.07,-0.02848901329274342
7.671558141708374,2,0.038435984243519655,0.03882901373576604,-0.06
7.671558141708374,3,0.07805105696377847,-0.03882901373576604,-0.02848901329274342
7.671558141708374,4,-0.019807536360129406,-0.07,-0.06
7.671558141708374,5,-0.038435984243519655,-0.03882901373576604,-0.02848901329274342
7.687321424484253,0,-0.0788828430981489,0.03882901373576604,-0.06
7.687321424484253,1,0.020639322494499845,0.07,-0.02995983091877327
7.687321424484253,2,0.03760419810914922,0.03882901373576604,-0.06
7.687321424484253,3,0.07888284309814891,-0.03882901373576604,-0.02995983091877327
7.687321424484253,4,-0.02063932249449984,-0.07,-0.06
7.687321424484253,5,-0.037604198109149216,-0.03882901373576604,-0.02995983091877327
7.700446605682373,0,-0.07957542369109505,0.03882901373576604,-0.06
7.700446605682373,1,0.021331903087445984,0.07,-0.031216521738311843
7.700446605682373,2,0.036911617516203074,0.03882901373576604,-0.06
7.700446605682373,3,0.07957542369109505,-0.03882901373576604,-0.031216521738311843
7.700446605682373,4,-0.021331903087445984,-0.07,-0.06
7.700446605682373,5,-0.036911617516203074,-0.03882901373576604,-0.031216521738311843
7.715960502624512,0,-0.08039405040419753,0.03882901373576604,-0.06
7.715960502624512,1,0.022150529800548463,0.07,-0.03273768567388112
7.715960502624512,2,0.03609299080310059,0.03882901373576604,-0.06
7.715960502624512,3,0.08039405040419753,-0.03882901373576604,-0.03273768567388112
7.715960502624512,4,-0.022150529800548473,-0.07,-0.06
7.715960502624512,5,-0.0360929908031006,-0.03882901373576604,-0.03273768567388112
7.7327070236206055,0,-0.0812777193811196,0.03882901373576604,-0.06
7.7327070236206055,1,0.02303419877747053,0.07,-0.03442094471173835
7.7327070236206055,2,0.03520932182617852,0.03882901373576604,-0.06
7.7327070236206055,3,0.08127771938111959,-0.03882901373576604,-0.03442094471173835
7.7327070236206055,4,-0.023034198777470538,-0.07,-0.06
7.7327070236206055,5,-0.03520932182617853,-0.03882901373576604,-0.03442094471173835
7.748513698577881,0,-0.0821117952044678,0.03882901373576604,-0.06
7.748513698577881,1,0.023868274600818754,0.07,-0.03604668566682567
7.748513698577881,2,0.03437524600283032,0.03882901373576604,-0.06
7.748513698577881,3,0.08211179520446782,-0.03882901373576604,-0.03604668566682567
7.748513698577881,4,-0.023868274600818747,-0.07,-0.06
7.748513698577881,5,-0.034375246002830304,-0.03882901373576604,-0.03604668566682567
7.76416802406311,0,-0.08293783195497643,0.03882901373576604,-0.06
7.76416802406311,1,0.024694311351327384,0.07,-0.037689841519999254
7.76416802406311,2,0.03354920925232169,0.03882901373576604,-0.06
7.76416802406311,3,0.08293783195497645,-0.03882901373576604,-0.037689841519999254
7.76416802406311,4,-0.024694311351327373,-0.07,-0.06
7.76416802406311,5,-0.033549209252321674,-0.03882901373576604,-0.037689841519999254
7.778843879699707,0,-0.08371223747710682,0.03882901373576604,-0.06
7.778843879699707,1,0.025468716873457756,0.07,-0.039258179852319254
7.778843879699707,2,0.0327748037301913,0.03882901373576604,-0.06
7.778843879699707,3,0.08371223747710682,-0.03882901373576604,-0.039258179852319254
7.778843879699707,4,-0.025468716873457756,-0.07,-0.06
7.778843879699707,5,-0.0327748037301913,-0.03882901373576604,-0.039258179852319254
7.797034025192261,0,-0.08467208264502067,0.03882901373576604,-0.06
7.797034025192261,1,0.026428562041371614,0.07,-0.04123662971705677
7.797034025192261,2,0.03181495856227745,0.03882901373576604,-0.06
7.797034025192261,3,0.08467208264502067,-0.03882901373576604,-0.04123662971705677
7.797034025192261,4,-0.026428562041371614,-0.07,-0.06
7.797034025192261,5,-0.03181495856227745,-0.03882901373576604,-0.04123662971705677
7.824416160583496,0,-0.08611696445496547,0.03882901373576604,-0.06
7.824416160583496,1,0.0278734438513164,0.07,-0.04427930866293668
7.824416160583496,2,0.030370076752332654,0.03882901373576604,-0.06
7.824416160583496,3,0.08611696445496546,-0.03882901373576604,-0.04427930866293668
7.824416160583496,4,-0.027873443851316407,-0.07,-0.06
7.824416160583496,5,-0.03037007675233266,-0.03882901373576604,-0.04427930866293668
7.840595722198486,0,-0.08697071650667226,0.03882901373576604,-0.06
7.840595722198486,1,0.028727195903023195,0.07,-0.0461090588914762
7.840595722198486,2,0.029516324700625866,0.03882901373576604,-0.06
7.840595722198486,3,0.08697071650667226,-0.03882901373576604,-0.0461090588914762
7.840595722198486,4,-0.028727195903023195,-0.07,-0.06
7.840595722198486,5,-0.029516324700625866,-0.03882901373576604,-0.0461090588914762
7.8542516231536865,0,-0.08769130175711595,0.03882901373576604,-0.06
7.8542516231536865,1,0.029447781153466895,0.07,-0.04766938581934979
7.8542516231536865,2,0.028795739450182167,0.03882901373576604,-0.06
7.8542516231536865,3,0.08769130175711595,-0.03882901373576604,-0.04766938581934979
7.8542516231536865,4,-0.029447781153466895,-0.07,-0.06
7.8542516231536865,5,-0.028795739450182167,-0.03882901373576604,-0.04766938581934979
7.871576547622681,0,-0.08860549153326941,0.03882901373576604,-0.06
7.871576547622681,1,0.030361970929620345,0.07,-0.04966728191357773
7.871576547622681,2,0.027881549674028717,0.03882901373576604,-0.06
7.871576547622681,3,0.08860549153326941,-0.03882901373576604,-0.04966728191357773
7.871576547622681,4,-0.030361970929620345,-0.07,-0.06
7.871576547622681,5,-0.027881549674028717,-0.03882901373576604,-0.04966728191357773
7.887753486633301,0,-0.08945910519718084,0.03882901373576604,-0.06
7.887753486633301,1,0.031215584593531784,0.07,-0.051548561596846704
7.887753486633301,2,0.027027936010117284,0.03882901373576604,-0.06
7.887753486633301,3,0.08945910519718084,-0.03882901373576604,-0.051548561596846704
7.887753486633301,4,-0.031215584593531777,-0.07,-0.06
7.887753486633301,5,-0.027027936010117277,-0.03882901373576604,-0.051548561596846704
7.917062282562256,0,-0.09100565171388114,0.03882901373576604,-0.06
7.917062282562256,1,0.03276213111023208,0.07,-0.054986671949186286
7.917062282562256,2,0.02548138949341698,0.03882901373576604,-0.06
7.917062282562256,3,0.09100565171388114,-0.03882901373576604,-0.054986671949186286
7.917062282562256,4,-0.03276213111023208,-0.07,-0.06
7.917062282562256,5,-0.02548138949341698,-0.03882901373576604,-0.054986671949186286
7.930915117263794,0,-0.09173662862968557,0.03882901373576604,-0.06
7.930915117263794,1,0.03349310802603651,0.07,-0.056621118988939796
7.930915117263794,2,0.024750412577612547,0.03882901373576604,-0.06
7.930915117263794,3,0.09173662862968557,-0.03882901373576604,-0.056621118988939796
7.930915117263794,4,-0.033493108026036514,-0.07,-0.06
7.930915117263794,5,-0.024750412577612554,-0.03882901373576604,-0.056621118988939796
7.948125839233398,0,-0.0926447922463865,0.03882901373576604,-0.06
7.948125839233398,1,0.034401271642737444,0.07,-0.058656618036462
7.948125839233398,2,0.02384224896091163,0.03882901373576604,-0.06
7.948125839233398,3,0.0926447922463865,-0.03882901373576604,-0.058656618036462
7.948125839233398,4,-0.03440127164273743,-0.07,-0.06
7.948125839233398,5,-0.023842248960911618,-0.03882901373576604,-0.058656618036462
7.963253021240234,0,-0.09304402845529375,0.03882901373576604,-0.0595523463074516
7.963253021240234,1,0.03480050785164468,0.07,-0.06
7.963253021240234,2,0.02344301275200438,0.03882901373576604,-0.0595523463074516
7.963253021240234,3,0.09304402845529375,-0.03882901373576604,-0.06
7.963253021240234,4,-0.03480050785164468,-0.07,-0.0595523463074516
7.963253021240234,5,-0.02344301275200438,-0.03882901373576604,-0.06
7.979970932006836,0,-0.09216186916341199,0.03882901373576604,-0.05757373268647781
7.979970932006836,1,0.03391834855976292,0.07,-0.06
7.979970932006836,2,0.024325172043886144,0.03882901373576604,-0.05757373268647781
7.979970932006836,3,0.09216186916341199,-0.03882901373576604,-0.06
7.979970932006836,4,-0.03391834855976292,-0.07,-0.05757373268647781
7.979970932006836,5,-0.024325172043886144,-0.03882901373576604,-0.06
7.9925150871276855,0,-0.0914999477574926,0.03882901373576604,-0.05609142304136238
7.9925150871276855,1,0.033256427153843526,0.07,-0.06
7.9925150871276855,2,0.024987093449805528,0.03882901373576604,-0.05609142304136238
7.9925150871276855,3,0.0914999477574926,-0.03882901373576604,-0.06
7.9925150871276855,4,-0.03325642715384353,-0.07,-0.05609142304136238
7.9925150871276855,5,-0.024987093449805535,-0.03882901373576604,-0.06
8.000526428222656,0,-0.09107721078479135,0.03882901373576604,-0.05514646649397997
8.000526428222656,1,0.03283369018114228,0.07,-0.06
8.000526428222656,2,0.025409830422506774,0.03882901373576604,-0.05514646649397997
8.000526428222656,3,0.09107721078479133,-0.03882901373576604,-0.06
8.000526428222656,4,-0.03283369018114229,-0.07,-0.05514646649397997
8.000526428222656,5,-0.02540983042250678,-0.03882901373576604,-0.06
8.023892402648926,0,-0.08984425101237863,0.03882901373576604,-0.05240161110295085
8.023892402648926,1,0.03160073040872956,0.07,-0.06
8.023892402648926,2,0.026642790194919497,0.03882901373576604,-0.05240161110295085
8.023892402648926,3,0.08984425101237861,-0.03882901373576604,-0.06
8.023892402648926,4,-0.031600730408729565,-0.07,-0.05240161110295085
8.023892402648926,5,-0.026642790194919504,-0.03882901373576604,-0.06
8.038088083267212,0,-0.08909518303750794,0.03882901373576604,-0.05074483571218882
8.038088083267212,1,0.030851662433858878,0.07,-0.06
8.038088083267212,2,0.02739185816979018,0.03882901373576604,-0.05074483571218882
8.038088083267212,3,0.08909518303750794,-0.03882901373576604,-0.06
8.038088083267212,4,-0.03085166243385888,-0.07,-0.05074483571218882
8.038088083267212,5,-0.027391858169790183,-0.03882901373576604,-0.06
8.053223371505737,0,-0.08829653448977208,0.03882901373576604,-0.04898996447458744
8.053223371505737,1,0.03005301388612302,0.07,-0.06
8.053223371505737,2,0.02819050671752604,0.03882901373576604,-0.04898996447458744
8.053223371505737,3,0.08829653448977208,-0.03882901373576604,-0.06
8.053223371505737,4,-0.030053013886123022,-0.07,-0.04898996447458744
8.053223371505737,5,-0.028190506717526043,-0.03882901373576604,-0.06
8.070364713668823,0,-0.08739203185929388,0.03882901373576604,-0.04701969913957758
8.070364713668823,1,0.029148511255644823,0.07,-0.06
8.070364713668823,2,0.029095009348004238,0.03882901373576604,-0.04701969913957758
8.070364713668823,3,0.08739203185929388,-0.03882901373576604,-0.06
8.070364713668823,4,-0.029148511255644823,-0.07,-0.04701969913957758
8.070364713668823,5,-0.029095009348004238,-0.03882901373576604,-0.06
8.085974216461182,0,-0.08656836028201506,0.03882901373576604,-0.04524402892480442
8.085974216461182,1,0.028324839678365993,0.07,-0.06
8.085974216461182,2,0.02991868092528306,0.03882901373576604,-0.04524402892480442
8.085974216461182,3,0.08656836028201506,-0.03882901373576604,-0.06
8.085974216461182,4,-0.028324839678366,-0.07,-0.04524402892480442
8.085974216461182,5,-0.02991868092528307,-0.03882901373576604,-0.06
8.101505279541016,0,-0.08574882775788839,0.03882901373576604,-0.04349728779675381
8.101505279541016,1,0.027505307154239326,0.07,-0.06
8.101505279541016,2,0.03073821344940973,0.03882901373576604,-0.04349728779675381
8.101505279541016,3,0.08574882775788839,-0.03882901373576604,-0.06
8.101505279541016,4,-0.027505307154239333,-0.07,-0.04349728779675381
8.101505279541016,5,-0.030738213449409735,-0.03882901373576604,-0.06
8.118392705917358,0,-0.08485772358214286,0.03882901373576604,-0.04162340887967374
8.118392705917358,1,0.026614202978493786,0.07,-0.06
8.118392705917358,2,0.031629317625155265,0.03882901373576604,-0.04162340887967374
8.118392705917358,3,0.08485772358214284,-0.03882901373576604,-0.06
8.118392705917358,4,-0.026614202978493793,-0.07,-0.04162340887967374
8.118392705917358,5,-0.03162931762515528,-0.03882901373576604,-0.06
8.133415937423706,0,-0.0840649879674815,0.03882901373576604,-0.03998099563404218
8.133415937423706,1,0.02582146736383244,0.07,-0.06
8.133415937423706,2,0.03242205323981662,0.03882901373576604,-0.03998099563404218
8.133415937423706,3,0.0840649879674815,-0.03882901373576604,-0.06
8.133415937423706,4,-0.02582146736383244,-0.07,-0.03998099563404218
8.133415937423706,5,-0.03242205323981662,-0.03882901373576604,-0.06
8.152986288070679,0,-0.08303231307708187,0.03882901373576604,-0.0378797805937625
8.152986288070679,1,0.0247887924734328,0.07,-0.06
8.152986288070679,2,0.03345472813021626,0.03882901373576604,-0.0378797805937625
8.152986288070679,3,0.08303231307708187,-0.03882901373576604,-0.06
8.152986288070679,4,-0.0247887924734328,-0.07,-0.0378797805937625
8.152986288070679,5,-0.03345472813021626,-0.03882901373576604,-0.06
8.166902303695679,0,-0.08229800227348011,0.03882901373576604,-0.036414295641697014
8.166902303695679,1,0.02405448166983104,0.07,-0.06
8.166902303695679,2,0.034189038933818014,0.03882901373576604,-0.036414295641697014
8.166902303695679,3,0.08229800227348011,-0.03882901373576604,-0.06
8.166902303695679,4,-0.02405448166983105,-0.07,-0.036414295641697014
8.166902303695679,5,-0.03418903893381802,-0.03882901373576604,-0.06
8.18191647529602,0,-0.08150574472574819,0.03882901373576604,-0.0348619364334779
8.18191647529602,1,0.023262224122099127,0.07,-0.06
8.18191647529602,2,0.034981296481549934,0.03882901373576604,-0.0348619364334779
8.18191647529602,3,0.08150574472574819,-0.03882901373576604,-0.06
8.18191647529602,4,-0.023262224122099127,-0.07,-0.0348619364334779
8.18191647529602,5,-0.034981296481549934,-0.03882901373576604,-0.06
8.197221040725708,0,-0.08069816387485723,0.03882901373576604,-0.03331227095869002
8.197221040725708,1,0.02245464327120817,0.07,-0.06
8.197221040725708,2,0.0357888773324409,0.03882901373576604,-0.03331227095869002
8.197221040725708,3,0.08069816387485723,-0.03882901373576604,-0.06
8.197221040725708,4,-0.022454643271208163,-0.07,-0.03331227095869002
8.197221040725708,5,-0.03578887733244089,-0.03882901373576604,-0.06
8.211973905563354,0,-0.07991969478382671,0.03882901373576604,-0.03185162671739196
8.211973905563354,1,0.021676174180177643,0.07,-0.06
8.211973905563354,2,0.03656734642347141,0.03882901373576604,-0.03185162671739196
8.211973905563354,3,0.07991969478382671,-0.03882901373576604,-0.06
8.211973905563354,4,-0.021676174180177647,-0.07,-0.03185162671739196
8.211973905563354,5,-0.03656734642347142,-0.03882901373576604,-0.06
8.229947805404663,0,-0.0789712603186758,0.03882901373576604,-0.03011867356547422
8.229947805404663,1,0.02072773971502673,0.07,-0.06
8.229947805404663,2,0.037515780888622334,0.03882901373576604,-0.03011867356547422
8.229947805404663,3,0.0789712603186758,-0.03882901373576604,-0.06
8.229947805404663,4,-0.020727739715026727,-0.07,-0.03011867356547422
8.229947805404663,5,-0.03751578088862233,-0.03882901373576604,-0.06
8.259510278701782,0,-0.0774113279279515,0.03882901373576604,-0.027387568981028246
8.259510278701782,1,0.01916780732430243,0.07,-0.06
8.259510278701782,2,0.03907571327934663,0.03882901373576604,-0.027387568981028246
8.259510278701782,3,0.0774113279279515,-0.03882901373576604,-0.06
8.259510278701782,4,-0.01916780732430243,-0.07,-0.027387568981028246
8.259510278701782,5,-0.03907571327934663,-0.03882901373576604,-0.06
8.276026487350464,0,-0.07653981191560384,0.03882901373576604,-0.025930476686794116
8.276026487350464,1,0.018296291311954774,0.07,-0.06
8.276026487350464,2,0.03994722929169428,0.03882901373576604,-0.025930476686794116
8.276026487350464,3,0.07653981191560383,-0.03882901373576604,-0.06
8.276026487350464,4,-0.01829629131195478,-0.07,-0.025930476686794116
8.276026487350464,5,-0.03994722929169429,-0.03882901373576604,-0.06
8.303473711013794,0,-0.07509149557219236,0.03882901373576604,-0.023625347719069364
8.303473711013794,1,0.01684797496854331,0.07,-0.06
8.303473711013794,2,0.04139554563510576,0.03882901373576604,-0.023625347719069364
8.303473711013794,3,0.07509149557219237,-0.03882901373576604,-0.06
8.303473711013794,4,-0.016847974968543303,-0.07,-0.023625347719069364
8.303473711013794,5,-0.04139554563510575,-0.03882901373576604,-0.06
8.320438623428345,0,-0.07419630266612934,0.03882901373576604,-0.022276797551331995
8.320438623428345,1,0.01595278206248028,0.07,-0.06
8.320438623428345,2,0.04229073854116878,0.03882901373576604,-0.022276797551331995
8.320438623428345,3,0.07419630266612934,-0.03882901373576604,-0.06
8.320438623428345,4,-0.015952782062480284,-0.07,-0.022276797551331995
8.320438623428345,5,-0.042290738541168785,-0.03882901373576604,-0.06
8.334131002426147,0,-0.07347379256725926,0.03882901373576604,-0.02123268232397993
8.334131002426147,1,0.01523027196361021,0.07,-0.06
8.334131002426147,2,0.04301324864003885,0.03882901373576604,-0.02123268232397993
8.334131002426147,3,0.07347379256725928,-0.03882901373576604,-0.06
8.334131002426147,4,-0.015230271963610207,-0.07,-0.02123268232397993
8.334131002426147,5,-0.04301324864003885,-0.03882901373576604,-0.06
8.351078748703003,0,-0.07257950547222043,0.03882901373576604,-0.019996891163406715
8.351078748703003,1,0.01433598486857136,0.07,-0.06
8.351078748703003,2,0.04390753573507769,0.03882901373576604,-0.019996891163406715
8.351078748703003,3,0.07257950547222042,-0.03882901373576604,-0.06
8.351078748703003,4,-0.014335984868571367,-0.07,-0.019996891163406715
8.351078748703003,5,-0.043907535735077705,-0.03882901373576604,-0.06
8.367726564407349,0,-0.0717010449086874,0.03882901373576604,-0.018845689703826288
8.367726564407349,1,0.01345752430503833,0.07,-0.06
8.367726564407349,2,0.04478599629861073,0.03882901373576604,-0.018845689703826288
8.367726564407349,3,0.0717010449086874,-0.03882901373576604,-0.06
8.367726564407349,4,-0.013457524305038333,-0.07,-0.018845689703826288
8.367726564407349,5,-0.04478599629861073,-0.03882901373576604,-0.06
8.381532907485962,0,-0.07097252123107346,0.03882901373576604,-0.01793941907250464
8.381532907485962,1,0.012729000627424405,0.07,-0.06
8.381532907485962,2,0.04551451997622466,0.03882901373576604,-0.01793941907250464
8.381532907485962,3,0.07097252123107346,-0.03882901373576604,-0.06
8.381532907485962,4,-0.012729000627424398,-0.07,-0.01793941907250464
8.381532907485962,5,-0.04551451997622466,-0.03882901373576604,-0.06
8.39726734161377,0,-0.070142257362452,0.03882901373576604,-0.016961455036713945
8.39726734161377,1,0.011898736758802935,0.07,-0.06
8.39726734161377,2,0.046344783844846124,0.03882901373576604,-0.016961455036713945
8.39726734161377,3,0.070142257362452,-0.03882901373576604,-0.06
8.39726734161377,4,-0.011898736758802935,-0.07,-0.016961455036713945
8.39726734161377,5,-0.046344783844846124,-0.03882901373576604,-0.06
8.412843227386475,0,-0.06932035966509552,0.03882901373576604,-0.01605219183997933
8.412843227386475,1,0.011076839061446457,0.07,-0.06
8.412843227386475,2,0.0471666815422026,0.03882901373576604,-0.01605219183997933
8.412843227386475,3,0.06932035966509552,-0.03882901373576604,-0.06
8.412843227386475,4,-0.011076839061446462,-0.07,-0.01605219183997933
8.412843227386475,5,-0.047166681542202604,-0.03882901373576604,-0.06
8.425855159759521,0,-0.06863375490876725,0.03882901373576604,-0.015338390054935508
8.425855159759521,1,0.010390234305118184,0.07,-0.06
8.425855159759521,2,0.04785328629853088,0.03882901373576604,-0.015338390054935508
8.425855159759521,3,0.06863375490876725,-0.03882901373576604,-0.06
8.425855159759521,4,-0.01039023430511818,-0.07,-0.015338390054935508
8.425855159759521,5,-0.047853286298530875,-0.03882901373576604,-0.06
8.442531108856201,0,-0.06775380982161125,0.03882901373576604,-0.014485675436746961
8.442531108856201,1,0.009510289217962195,0.07,-0.06
8.442531108856201,2,0.04873323138568687,0.03882901373576604,-0.014485675436746961
8.442531108856201,3,0.06775380982161125,-0.03882901373576604,-0.06
8.442531108856201,4,-0.009510289217962186,-0.07,-0.014485675436746961
8.442531108856201,5,-0.048733231385686866,-0.03882901373576604,-0.06
8.460060596466064,0,-0.06682882579741965,0.03882901373576604,-0.013665855863130731
8.460060596466064,1,0.008585305193770584,0.07,-0.06
8.460060596466064,2,0.04965821540987847,0.03882901373576604,-0.013665855863130731
8.460060596466064,3,0.06682882579741964,-0.03882901373576604,-0.06
8.460060596466064,4,-0.008585305193770588,-0.07,-0.013665855863130731
8.460060596466064,5,-0.04965821540987848,-0.03882901373576604,-0.06
8.48889422416687,0,-0.06530735263309699,0.03882901373576604,-0.012491631731704367
8.48889422416687,1,0.0070638320294479275,0.07,-0.06
8.48889422416687,2,0.05117968857420113,0.03882901373576604,-0.012491631731704367
8.48889422416687,3,0.06530735263309699,-0.03882901373576604,-0.06
8.48889422416687,4,-0.0070638320294479275,-0.07,-0.012491631731704367
8.48889422416687,5,-0.05117968857420113,-0.03882901373576604,-0.06
8.505757570266724,0,-0.06441751910892703,0.03882901373576604,-0.011907199302595067
8.505757570266724,1,0.0061739985052779705,0.07,-0.06
8.505757570266724,2,0.05206952209837109,0.03882901373576604,-0.011907199302595067
8.505757570266724,3,0.06441751910892703,-0.03882901373576604,-0.06
8.505757570266724,4,-0.0061739985052779705,-0.07,-0.011907199302595067
8.505757570266724,5,-0.05206952209837109,-0.03882901373576604,-0.06
8.521655797958374,0,-0.06357861229344985,0.03882901373576604,-0.011426432958881745
8.521655797958374,1,0.005335091689800795,0.07,-0.06
8.521655797958374,2,0.05290842891384827,0.03882901373576604,-0.011426432958881745
8.521655797958374,3,0.06357861229344985,-0.03882901373576604,-0.06
8.521655797958374,4,-0.005335091689800791,-0.07,-0.011426432958881745
8.521655797958374,5,-0.05290842891384827,-0.03882901373576604,-0.06
8.536162614822388,0,-0.06281312649376591,0.03882901373576604,-0.011047799414714246
8.536162614822388,1,0.004569605890116849,0.07,-0.06
8.536162614822388,2,0.05367391471353221,0.03882901373576604,-0.011047799414714246
8.536162614822388,3,0.06281312649376591,-0.03882901373576604,-0.06
8.536162614822388,4,-0.004569605890116849,-0.07,-0.011047799414714246
8.536162614822388,5,-0.05367391471353221,-0.03882901373576604,-0.06
8.55289363861084,0,-0.06193027526290734,0.03882901373576604,-0.01068287408462991
8.55289363861084,1,0.0036867546592582803,0.07,-0.06
8.55289363861084,2,0.05455676594439078,0.03882901373576604,-0.01068287408462991
8.55289363861084,3,0.06193027526290734,-0.03882901373576604,-0.06
8.55289363861084,4,-0.0036867546592582803,-0.07,-0.01068287408462991
8.55289363861084,5,-0.05455676594439078,-0.03882901373576604,-0.06
8.567572116851807,0,-0.0611557313529816,0.03882901373576604,-0.010426452041656174
8.567572116851807,1,0.002912210749332541,0.07,-0.06
8.567572116851807,2,0.05533130985431652,0.03882901373576604,-0.010426452041656174
8.567572116851807,3,0.0611557313529816,-0.03882901373576604,-0.06
8.567572116851807,4,-0.002912210749332541,-0.07,-0.010426452041656174
8.567572116851807,5,-0.05533130985431652,-0.03882901373576604,-0.06
8.583175420761108,0,-0.060332386874128174,0.03882901373576604,-0.010219556035623044
8.583175420761108,1,0.0020888662704791196,0.07,-0.06
8.583175420761108,2,0.05615465433316995,0.03882901373576604,-0.010219556035623044
8.583175420761108,3,0.06033238687412818,-0.03882901373576604,-0.06
8.583175420761108,4,-0.0020888662704791157,-0.07,-0.010219556035623044
8.583175420761108,5,-0.05615465433316994,-0.03882901373576604,-0.06
8.5998694896698,0,-0.059451485653113326,0.03882901373576604,-0.010073458429301435
8.5998694896698,1,0.0012079650494642602,0.07,-0.06
8.5998694896698,2,0.0570355555541848,0.03882901373576604,-0.010073458429301435
8.5998694896698,3,0.05945148565311332,-0.03882901373576604,-0.06
8.5998694896698,4,-0.0012079650494642678,-0.07,-0.010073458429301435
8.5998694896698,5,-0.057035555554184804,-0.03882901373576604,-0.06
8.614087104797363,0,-0.05870126025304508,0.03882901373576604,-0.01001054957095756
8.614087104797363,1,0.00045773964939603,0.07,-0.06
8.614087104797363,2,0.05778578095425304,0.03882901373576604,-0.01001054957095756
8.614087104797363,3,0.05870126025304509,-0.03882901373576604,-0.06
8.614087104797363,4,-0.00045773964939602223,-0.07,-0.01001054957095756
8.614087104797363,5,-0.05778578095425303,-0.03882901373576604,-0.06
8.629835367202759,0,-0.05787026670332081,0.03882901373576604,-0.010007014490043847
8.629835367202759,1,-0.00037325390032825773,0.07,-0.06
8.629835367202759,2,0.058616774503977315,0.03882901373576604,-0.010007014490043847
8.629835367202759,3,0.0578702667033208,-0.03882901373576604,-0.06
8.629835367202759,4,0.00037325390032825,-0.07,-0.010007014490043847
8.629835367202759,5,-0.05861677450397732,-0.03882901373576604,-0.06
8.649153232574463,0,-0.05685091478340181,0.03882901373576604,-0.010097623730118549
8.649153232574463,1,-0.0013926058202472457,0.07,-0.06
8.649153232574463,2,0.05963612642389631,0.03882901373576604,-0.010097623730118549
8.649153232574463,3,0.05685091478340182,-0.03882901373576604,-0.06
8.649153232574463,4,0.0013926058202472535,-0.07,-0.010097623730118549
8.649153232574463,5,-0.059636126423896305,-0.03882901373576604,-0.06
8.678535461425781,0,-0.055300493408431406,0.03882901373576604,-0.010435511879720395
8.678535461425781,1,-0.0029430271952176645,0.07,-0.06
8.678535461425781,2,0.06118654779886672,0.03882901373576604,-0.010435511879720395
8.678535461425781,3,0.0553004934084314,-0.03882901373576604,-0.06
8.678535461425781,4,0.0029430271952176567,-0.07,-0.010435511879720395
8.678535461425781,5,-0.061186547798866724,-0.03882901373576604,-0.06
8.706326484680176,0,-0.053834035683118994,0.03882901373576604,-0.010975890832890543
8.706326484680176,1,-0.00440948492053007,0.07,-0.06
8.706326484680176,2,0.06265300552417913,0.03882901373576604,-0.010975890832890543
8.706326484680176,3,0.053834035683118994,-0.03882901373576604,-0.06
8.706326484680176,4,0.00440948492053007,-0.07,-0.010975890832890543
8.706326484680176,5,-0.06265300552417913,-0.03882901373576604,-0.06
8.721832990646362,0,-0.05301579897198525,0.03882901373576604,-0.011369857020724891
8.721832990646362,1,-0.005227721631663811,0.07,-0.06
8.721832990646362,2,0.06347124223531288,0.03882901373576604,-0.011369857020724891
8.721832990646362,3,0.05301579897198525,-0.03882901373576604,-0.06
8.721832990646362,4,0.005227721631663811,-0.07,-0.011369857020724891
8.721832990646362,5,-0.06347124223531288,-0.03882901373576604,-0.06
8.73800778388977,0,-0.05216229853445184,0.03882901373576604,-0.01185066472716164
8.73800778388977,1,-0.006081222069197224,0.07,-0.06
8.73800778388977,2,0.06432474267284628,0.03882901373576604,-0.01185066472716164
8.73800778388977,3,0.05216229853445184,-0.03882901373576604,-0.06
8.73800778388977,4,0.006081222069197224,-0.07,-0.01185066472716164
8.73800778388977,5,-0.06432474267284628,-0.03882901373576604,-0.06
8.754177331924438,0,-0.05130907487250915,0.03882901373576604,-0.012401921862791064
8.754177331924438,1,-0.006934445731139907,0.07,-0.06
8.754177331924438,2,0.06517796633478896,0.03882901373576604,-0.012401921862791064
8.754177331924438,3,0.05130907487250915,-0.03882901373576604,-0.06
8.754177331924438,4,0.006934445731139907,-0.07,-0.012401921862791064
8.754177331924438,5,-0.06517796633478896,-0.03882901373576604,-0.06
8.770409345626831,0,-0.05045255506489514,0.03882901373576604,-0.013025497957330608
8.770409345626831,1,-0.007790965538753918,0.07,-0.06
8.770409345626831,2,0.06603448614240298,0.03882901373576604,-0.013025497957330608
8.770409345626831,3,0.05045255506489514,-0.03882901373576604,-0.06
8.770409345626831,4,0.007790965538753918,-0.07,-0.013025497957330608
8.770409345626831,5,-0.06603448614240298,-0.03882901373576604,-0.06
8.785048484802246,0,-0.049680086971899816,0.03882901373576604,-0.013647431878648232
8.785048484802246,1,-0.008563433631749252,0.07,-0.06
8.785048484802246,2,0.0668069542353983,0.03882901373576604,-0.013647431878648232
8.785048484802246,3,0.04968008697189981,-0.03882901373576604,-0.06
8.785048484802246,4,0.008563433631749244,-0.07,-0.013647431878648232
8.785048484802246,5,-0.06680695423539831,-0.03882901373576604,-0.06
8.802150964736938,0,-0.04877763499693469,0.03882901373576604,-0.014444516374398537
8.802150964736938,1,-0.009465885606714367,0.07,-0.06
8.802150964736938,2,0.06770940621036343,0.03882901373576604,-0.014444516374398537
8.802150964736938,3,0.048777634996934695,-0.03882901373576604,-0.06
8.802150964736938,4,0.009465885606714373,-0.07,-0.014444516374398537
8.802150964736938,5,-0.06770940621036342,-0.03882901373576604,-0.06
8.816803455352783,0,-0.04800446238425389,0.03882901373576604,-0.015186899086145053
8.816803455352783,1,-0.01023905821939518,0.07,-0.06
8.816803455352783,2,0.06848257882304423,0.03882901373576604,-0.015186899086145053
8.816803455352783,3,0.04800446238425388,-0.03882901373576604,-0.06
8.816803455352783,4,0.010239058219395171,-0.07,-0.015186899086145053
8.816803455352783,5,-0.06848257882304425,-0.03882901373576604,-0.06
8.83328127861023,0,-0.047134971866001976,0.03882901373576604,-0.01608617097902789
8.83328127861023,1,-0.011108548737647096,0.07,-0.06
8.83328127861023,2,0.06935206934129615,0.03882901373576604,-0.01608617097902789
8.83328127861023,3,0.04713497186600196,-0.03882901373576604,-0.06
8.83328127861023,4,0.011108548737647087,-0.07,-0.01608617097902789
8.83328127861023,5,-0.06935206934129616,-0.03882901373576604,-0.06
8.848957300186157,0,-0.04630779027100445,0.03882901373576604,-0.017003767535492063
8.848957300186157,1,-0.011935730332644612,0.07,-0.06
8.848957300186157,2,0.07017925093629368,0.03882901373576604,-0.017003767535492063
8.848957300186157,3,0.04630779027100445,-0.03882901373576604,-0.06
8.848957300186157,4,0.011935730332644612,-0.07,-0.017003767535492063
8.848957300186157,5,-0.07017925093629368,-0.03882901373576604,-0.06
8.853957891464233,0,-0.0460439224873774,0.03882901373576604,-0.017309004801116287
8.853957891464233,1,-0.012199598116271654,0.07,-0.06
8.853957891464233,2,0.07044311871992072,0.03882901373576604,-0.017309004801116287
8.853957891464233,3,0.0460439224873774,-0.03882901373576604,-0.06
8.853957891464233,4,0.012199598116271654,-0.07,-0.017309004801116287
8.853957891464233,5,-0.07044311871992072,-0.03882901373576604,-0.06
8.87597393989563,0,-0.044882194687449486,0.03882901373576604,-0.01872347825631602
8.87597393989563,1,-0.013361325916199577,0.07,-0.06
8.87597393989563,2,0.07160484651984864,0.03882901373576604,-0.01872347825631602
8.87597393989563,3,0.044882194687449486,-0.03882901373576604,-0.06
8.87597393989563,4,0.013361325916199577,-0.07,-0.01872347825631602
8.87597393989563,5,-0.07160484651984864,-0.03882901373576604,-0.06
8.89197826385498,0,-0.04403768945661453,0.03882901373576604,-0.019822360271208372
8.89197826385498,1,-0.014205831147034536,0.07,-0.06
8.89197826385498,2,0.0724493517506836,0.03882901373576604,-0.019822360271208372
8.89197826385498,3,0.04403768945661453,-0.03882901373576604,-0.06
8.89197826385498,4,0.014205831147034536,-0.07,-0.019822360271208372
8.89197826385498,5,-0.0724493517506836,-0.03882901373576604,-0.06
8.908196210861206,0,-0.043181911910812,0.03882901373576604,-0.020994771731844906
8.908196210861206,1,-0.015061608692837068,0.07,-0.06
8.908196210861206,2,0.07330512929648612,0.03882901373576604,-0.020994771731844906
8.908196210861206,3,0.04318191191081199,-0.03882901373576604,-0.06
8.908196210861206,4,0.01506160869283706,-0.07,-0.020994771731844906
8.908196210861206,5,-0.07330512929648612,-0.03882901373576604,-0.06
8.924708127975464,0,-0.04231062235122039,0.03882901373576604,-0.02224752717040506
8.924708127975464,1,-0.015932898252428673,0.07,-0.06
8.924708127975464,2,0.07417641885607773,0.03882901373576604,-0.02224752717040506
8.924708127975464,3,0.04231062235122039,-0.03882901373576604,-0.06
8.924708127975464,4,0.015932898252428673,-0.07,-0.02224752717040506
8.924708127975464,5,-0.07417641885607773,-0.03882901373576604,-0.06
8.954257488250732,0,-0.0407513818994729,0.03882901373576604,-0.024632188633015167
8.954257488250732,1,-0.017492138704176156,0.07,-0.06
8.954257488250732,2,0.07573565930782522,0.03882901373576604,-0.024632188633015167
8.954257488250732,3,0.0407513818994729,-0.03882901373576604,-0.06
8.954257488250732,4,0.017492138704176163,-0.07,-0.024632188633015167
8.954257488250732,5,-0.07573565930782522,-0.03882901373576604,-0.06
8.972551345825195,0,-0.03978606412328796,0.03882901373576604,-0.026196067274941767
8.972551345825195,1,-0.018457456480361102,0.07,-0.06
8.972551345825195,2,0.07670097708401016,0.03882901373576604,-0.026196067274941767
8.972551345825195,3,0.03978606412328796,-0.03882901373576604,-0.06
8.972551345825195,4,0.018457456480361102,-0.07,-0.026196067274941767
8.972551345825195,5,-0.07670097708401016,-0.03882901373576604,-0.06
9.000258445739746,0,-0.03832403480742709,0.03882901373576604,-0.028684456932503898
9.000258445739746,1,-0.019919485796221967,0.07,-0.06
9.000258445739746,2,0.07816300639987103,0.03882901373576604,-0.028684456932503898
9.000258445739746,3,0.03832403480742709,-0.03882901373576604,-0.06
9.000258445739746,4,0.019919485796221967,-0.07,-0.028684456932503898
9.000258445739746,5,-0.07816300639987103,-0.03882901373576604,-0.06
9.016531705856323,0,-0.03746533853721332,0.03882901373576604,-0.03020950483091712
9.016531705856323,1,-0.020778182066435738,0.07,-0.06
9.016531705856323,2,0.07902170267008479,0.03882901373576604,-0.03020950483091712
9.016531705856323,3,0.03746533853721332,-0.03882901373576604,-0.06
9.016531705856323,4,0.020778182066435738,-0.07,-0.03020950483091712
9.016531705856323,5,-0.07902170267008479,-0.03882901373576604,-0.06
9.047317743301392,0,-0.035840841949598884,0.03882901373576604,-0.03321373502336131
9.047317743301392,1,-0.022402678654050188,0.07,-0.06
9.047317743301392,2,0.08064619925769924,0.03882901373576604,-0.03321373502336131
9.047317743301392,3,0.03584084194959887,-0.03882901373576604,-0.06
9.047317743301392,4,0.02240267865405018,-0.07,-0.03321373502336131
9.047317743301392,5,-0.08064619925769925,-0.03882901373576604,-0.06
9.061828136444092,0,-0.035075167439284904,0.03882901373576604,-0.03468007237520285
9.061828136444092,1,-0.023168353164364167,0.07,-0.06
9.061828136444092,2,0.08141187376801322,0.03882901373576604,-0.03468007237520285
9.061828136444092,3,0.03507516743928489,-0.03882901373576604,-0.06
9.061828136444092,4,0.02316835316436416,-0.07,-0.03468007237520285
9.061828136444092,5,-0.08141187376801323,-0.03882901373576604,-0.06
9.078850030899048,0,-0.034176967743849956,0.03882901373576604,-0.036438183712372146
9.078850030899048,1,-0.024066552859799115,0.07,-0.06
9.078850030899048,2,0.08231007346344817,0.03882901373576604,-0.036438183712372146
9.078850030899048,3,0.03417696774384994,-0.03882901373576604,-0.06
9.078850030899048,4,0.02406655285979911,-0.07,-0.036438183712372146
9.078850030899048,5,-0.08231007346344818,-0.03882901373576604,-0.06
9.092524528503418,0,-0.033455401198130064,0.03882901373576604,-0.03787842608853326
9.092524528503418,1,-0.024788119405518994,0.07,-0.06
9.092524528503418,2,0.08303164000916806,0.03882901373576604,-0.03787842608853326
9.092524528503418,3,0.033455401198130064,-0.03882901373576604,-0.06
9.092524528503418,4,0.024788119405519,-0.07,-0.03787842608853326
9.092524528503418,5,-0.08303164000916806,-0.03882901373576604,-0.06
9.107337236404419,0,-0.03267377434922358,0.03882901373576604,-0.03946467434245099
9.107337236404419,1,-0.025569746254425475,0.07,-0.06
9.107337236404419,2,0.08381326685807454,0.03882901373576604,-0.03946467434245099
9.107337236404419,3,0.03267377434922358,-0.03882901373576604,-0.06
9.107337236404419,4,0.025569746254425475,-0.07,-0.03946467434245099
9.107337236404419,5,-0.08381326685807454,-0.03882901373576604,-0.06
9.123842716217041,0,-0.03180282446876604,0.03882901373576604,-0.04126187136407832
9.123842716217041,1,-0.02644069613488301,0.07,-0.06
9.123842716217041,2,0.08468421673853208,0.03882901373576604,-0.04126187136407832
9.123842716217041,3,0.03180282446876605,-0.03882901373576604,-0.06
9.123842716217041,4,0.02644069613488302,-0.07,-0.04126187136407832
9.123842716217041,5,-0.08468421673853208,-0.03882901373576604,-0.06
9.139552593231201,0,-0.030973856413137504,0.03882901373576604,-0.042999070255850425
9.139552593231201,1,-0.027269664190511557,0.07,-0.06
9.139552593231201,2,0.08551318479416062,0.03882901373576604,-0.042999070255850425
9.139552593231201,3,0.030973856413137504,-0.03882901373576604,-0.06
9.139552593231201,4,0.027269664190511557,-0.07,-0.042999070255850425
9.139552593231201,5,-0.08551318479416062,-0.03882901373576604,-0.06
9.155788898468018,0,-0.03011711015276745,0.03882901373576604,-0.04481917786824305
9.155788898468018,1,-0.02812641045088162,0.07,-0.06
9.155788898468018,2,0.08636993105453067,0.03882901373576604,-0.04481917786824305
9.155788898468018,3,0.03011711015276744,-0.03882901373576604,-0.06
9.155788898468018,4,0.02812641045088161,-0.07,-0.04481917786824305
9.155788898468018,5,-0.08636993105453068,-0.03882901373576604,-0.06
9.186139583587646,0,-0.028515585939182898,0.03882901373576604,-0.048279590680017935
9.186139583587646,1,-0.029727934664466164,0.07,-0.06
9.186139583587646,2,0.08797145526811523,0.03882901373576604,-0.048279590680017935
9.186139583587646,3,0.028515585939182898,-0.03882901373576604,-0.06
9.186139583587646,4,0.029727934664466164,-0.07,-0.048279590680017935
9.186139583587646,5,-0.08797145526811523,-0.03882901373576604,-0.06
9.214429140090942,0,-0.027022821952043266,0.03882901373576604,-0.051559872613307106
9.214429140090942,1,-0.031220698651605802,0.07,-0.06
9.214429140090942,2,0.08946421925525486,0.03882901373576604,-0.051559872613307106
9.214429140090942,3,0.02702282195204326,-0.03882901373576604,-0.06
9.214429140090942,4,0.031220698651605795,-0.07,-0.051559872613307106
9.214429140090942,5,-0.08946421925525486,-0.03882901373576604,-0.06
9.23183536529541,0,-0.02610434215423362,0.03882901373576604,-0.053597954407433
9.23183536529541,1,-0.03213917844941544,0.07,-0.06
9.23183536529541,2,0.09038269905306451,0.03882901373576604,-0.053597954407433
9.23183536529541,3,0.02610434215423362,-0.03882901373576604,-0.06
9.23183536529541,4,0.03213917844941544,-0.07,-0.053597954407433
9.23183536529541,5,-0.09038269905306451,-0.03882901373576604,-0.06
9.248278379440308,0,-0.025236688419447408,0.03882901373576604,-0.05553330405049668
9.248278379440308,1,-0.03300683218420166,0.07,-0.06
9.248278379440308,2,0.09125035278785071,0.03882901373576604,-0.05553330405049668
9.248278379440308,3,0.0252366884194474,-0.03882901373576604,-0.06
9.248278379440308,4,0.033006832184201654,-0.07,-0.05553330405049668
9.248278379440308,5,-0.09125035278785072,-0.03882901373576604,-0.06
9.275904893875122,0,-0.02377891138311672,0.03882901373576604,-0.05879870115763487
9.275904893875122,1,-0.03446460922053234,0.07,-0.06
9.275904893875122,2,0.0927081298241814,0.03882901373576604,-0.05879870115763487
9.275904893875122,3,0.02377891138311672,-0.03882901373576604,-0.06
9.275904893875122,4,0.03446460922053234,-0.07,-0.05879870115763487
9.275904893875122,5,-0.0927081298241814,-0.03882901373576604,-0.06
9.292450904846191,0,-0.02358121812708948,0.03882901373576604,-0.06
9.292450904846191,1,-0.03466230247655958,0.07,-0.05924223719738213
9.292450904846191,2,0.09290582308020864,0.03882901373576604,-0.06
9.292450904846191,3,0.02358121812708948,-0.03882901373576604,-0.05924223719738213
9.292450904846191,4,0.03466230247655958,-0.07,-0.06
9.292450904846191,5,-0.09290582308020864,-0.03882901373576604,-0.05924223719738213
9.307316064834595,0,-0.024365612731903172,0.03882901373576604,-0.06
9.307316064834595,1,-0.03387790787174589,0.07,-0.057483094946154174
9.307316064834595,2,0.09212142847539495,0.03882901373576604,-0.06
9.307316064834595,3,0.024365612731903172,-0.03882901373576604,-0.057483094946154174
9.307316064834595,4,0.03387790787174589,-0.07,-0.06
9.307316064834595,5,-0.09212142847539495,-0.03882901373576604,-0.057483094946154174
9.325822591781616,0,-0.025342152500221003,0.03882901373576604,-0.06
9.325822591781616,1,-0.03290136810342806,0.07,-0.05529764035200298
9.325822591781616,2,0.09114488870707713,0.03882901373576604,-0.06
9.325822591781616,3,0.025342152500221003,-0.03882901373576604,-0.05529764035200298
9.325822591781616,4,0.03290136810342806,-0.07,-0.06
9.325822591781616,5,-0.09114488870707713,-0.03882901373576604,-0.05529764035200298
9.337804317474365,0,-0.025974396014389826,0.03882901373576604,-0.06
9.337804317474365,1,-0.03226912458925923,0.07,-0.05388725991970127
9.337804317474365,2,0.0905126451929083,0.03882901373576604,-0.06
9.337804317474365,3,0.025974396014389833,-0.03882901373576604,-0.05388725991970127
9.337804317474365,4,0.032269124589259235,-0.07,-0.06
9.337804317474365,5,-0.09051264519290829,-0.03882901373576604,-0.05388725991970127
9.352953433990479,0,-0.026773774243228507,0.03882901373576604,-0.06
9.352953433990479,1,-0.03146974636042056,0.07,-0.052111230381972615
9.352953433990479,2,0.08971326696406962,0.03882901373576604,-0.06
9.352953433990479,3,0.0267737742432285,-0.03882901373576604,-0.052111230381972615
9.352953433990479,4,0.031469746360420554,-0.07,-0.06
9.352953433990479,5,-0.08971326696406962,-0.03882901373576604,-0.052111230381972615
9.37106990814209,0,-0.027729731972163572,0.03882901373576604,-0.06
9.37106990814209,1,-0.030513788631485482,0.07,-0.0500008434353475
9.37106990814209,2,0.08875730923513456,0.03882901373576604,-0.06
9.37106990814209,3,0.02772973197216358,-0.03882901373576604,-0.0500008434353475
9.37106990814209,4,0.03051378863148549,-0.07,-0.06
9.37106990814209,5,-0.08875730923513454,-0.03882901373576604,-0.0500008434353475
9.386168479919434,0,-0.02852644309076438,0.03882901373576604,-0.06
9.386168479919434,1,-0.02971707751288468,0.07,-0.04825590748729427
9.386168479919434,2,0.08796059811653374,0.03882901373576604,-0.06
9.386168479919434,3,0.02852644309076438,-0.03882901373576604,-0.04825590748729427
9.386168479919434,4,0.02971707751288468,-0.07,-0.06
9.386168479919434,5,-0.08796059811653374,-0.03882901373576604,-0.04825590748729427
9.40286898612976,0,-0.029407683990913296,0.03882901373576604,-0.06
9.40286898612976,1,-0.02883583661273576,0.07,-0.04634341513574623
9.40286898612976,2,0.08707935721638482,0.03882901373576604,-0.06
9.40286898612976,3,0.0294076839909133,-0.03882901373576604,-0.04634341513574623
9.40286898612976,4,0.028835836612735765,-0.07,-0.06
9.40286898612976,5,-0.08707935721638482,-0.03882901373576604,-0.04634341513574623
9.419586181640625,0,-0.03028980554066906,0.03882901373576604,-0.06
9.419586181640625,1,-0.027953715062980004,0.07,-0.0444504034710094
9.419586181640625,2,0.08619723566662907,0.03882901373576604,-0.06
9.419586181640625,3,0.030289805540669058,-0.03882901373576604,-0.0444504034710094
9.419586181640625,4,0.02795371506298,-0.07,-0.06
9.419586181640625,5,-0.08619723566662907,-0.03882901373576604,-0.0444504034710094
9.447948932647705,0,-0.03178643180537012,0.03882901373576604,-0.06
9.447948932647705,1,-0.02645708879827894,0.07,-0.041295980618808056
9.447948932647705,2,0.084700609401928,0.03882901373576604,-0.06
9.447948932647705,3,0.03178643180537012,-0.03882901373576604,-0.041295980618808056
9.447948932647705,4,0.02645708879827894,-0.07,-0.06
9.447948932647705,5,-0.084700609401928,-0.03882901373576604,-0.041295980618808056
9.464064359664917,0,-0.03263679964644492,0.03882901373576604,-0.06
9.464064359664917,1,-0.025606720957204152,0.07,-0.039540352887865324
9.464064359664917,2,0.0838502415608532,0.03882901373576604,-0.06
9.464064359664917,3,0.032636799646444906,-0.03882901373576604,-0.039540352887865324
9.464064359664917,4,0.025606720957204142,-0.07,-0.06
9.464064359664917,5,-0.08385024156085322,-0.03882901373576604,-0.039540352887865324
9.480548620223999,0,-0.033506629843830904,0.03882901373576604,-0.06
9.480548620223999,1,-0.024736890759818164,0.07,-0.0377753911105668
9.480548620223999,2,0.08298041136346722,0.03882901373576604,-0.06
9.480548620223999,3,0.0335066298438309,-0.03882901373576604,-0.0377753911105668
9.480548620223999,4,0.024736890759818157,-0.07,-0.06
9.480548620223999,5,-0.08298041136346723,-0.03882901373576604,-0.0377753911105668
9.496349811553955,0,-0.03434041631087972,0.03882901373576604,-0.06
9.496349811553955,1,-0.02390310429276933,0.07,-0.03611532002320197
9.496349811553955,2,0.0821466248964184,0.03882901373576604,-0.06
9.496349811553955,3,0.03434041631087973,-0.03882901373576604,-0.03611532002320197
9.496349811553955,4,0.023903104292769338,-0.07,-0.06
9.496349811553955,5,-0.08214662489641839,-0.03882901373576604,-0.03611532002320197
9.513041496276855,0,-0.035221191724807886,0.03882901373576604,-0.06
9.513041496276855,1,-0.023022328878841175,0.07,-0.03439806176713088
9.513041496276855,2,0.08126584948249024,0.03882901373576604,-0.06
9.513041496276855,3,0.035221191724807886,-0.03882901373576604,-0.03439806176713088
9.513041496276855,4,0.023022328878841175,-0.07,-0.06
9.513041496276855,5,-0.08126584948249024,-0.03882901373576604,-0.03439806176713088
9.526221752166748,0,-0.035916678461456596,0.03882901373576604,-0.06
9.526221752166748,1,-0.022326842142192462,0.07,-0.033070194515806214
9.526221752166748,2,0.08057036274584153,0.03882901373576604,-0.06
9.526221752166748,3,0.0359166784614566,-0.03882901373576604,-0.033070194515806214
9.526221752166748,4,0.022326842142192466,-0.07,-0.06
9.526221752166748,5,-0.08057036274584152,-0.03882901373576604,-0.033070194515806214
9.542078256607056,0,-0.036753383652916666,0.03882901373576604,-0.06
9.542078256607056,1,-0.021490136950732385,0.07,-0.031507584470072236
9.542078256607056,2,0.07973365755438146,0.03882901373576604,-0.06
9.542078256607056,3,0.03675338365291668,-0.03882901373576604,-0.031507584470072236
9.542078256607056,4,0.021490136950732392,-0.07,-0.06
9.542078256607056,5,-0.07973365755438144,-0.03882901373576604,-0.031507584470072236
9.550423860549927,0,-0.03719375877917209,0.03882901373576604,-0.06
9.550423860549927,1,-0.02104976182447698,0.07,-0.030701149105970087
9.550423860549927,2,0.07929328242812603,0.03882901373576604,-0.06
9.550423860549927,3,0.03719375877917208,-0.03882901373576604,-0.030701149105970087
9.550423860549927,4,0.021049761824476973,-0.07,-0.06
9.550423860549927,5,-0.07929328242812604,-0.03882901373576604,-0.030701149105970087
9.574374675750732,0,-0.03845757902995027,0.03882901373576604,-0.06
9.574374675750732,1,-0.019785941573698788,0.07,-0.02845140403428481
9.574374675750732,2,0.07802946217734785,0.03882901373576604,-0.06
9.574374675750732,3,0.03845757902995027,-0.03882901373576604,-0.02845140403428481
9.574374675750732,4,0.019785941573698788,-0.07,-0.06
9.574374675750732,5,-0.07802946217734785,-0.03882901373576604,-0.02845140403428481
9.590390920639038,0,-0.03930271329621869,0.03882901373576604,-0.06
9.590390920639038,1,-0.018940807307430377,0.07,-0.02700315022946602
9.590390920639038,2,0.07718432791107943,0.03882901373576604,-0.06
9.590390920639038,3,0.039302713296218685,-0.03882901373576604,-0.02700315022946602
9.590390920639038,4,0.018940807307430366,-0.07,-0.06
9.590390920639038,5,-0.07718432791107943,-0.03882901373576604,-0.02700315022946602
9.60358715057373,0,-0.03999904294034824,0.03882901373576604,-0.06
9.60358715057373,1,-0.018244477663300826,0.07,-0.025845468851155164
9.60358715057373,2,0.07648799826694988,0.03882901373576604,-0.06
9.60358715057373,3,0.039999042940348235,-0.03882901373576604,-0.025845468851155164
9.60358715057373,4,0.018244477663300823,-0.07,-0.06
9.60358715057373,5,-0.07648799826694988,-0.03882901373576604,-0.025845468851155164
9.620718479156494,0,-0.04090301718106233,0.03882901373576604,-0.06
9.620718479156494,1,-0.017340503422586733,0.07,-0.02439248802699398
9.620718479156494,2,0.07558402402623579,0.03882901373576604,-0.06
9.620718479156494,3,0.04090301718106233,-0.03882901373576604,-0.02439248802699398
9.620718479156494,4,0.017340503422586733,-0.07,-0.06
9.620718479156494,5,-0.07558402402623579,-0.03882901373576604,-0.02439248802699398
9.63395094871521,0,-0.041601259092909584,0.03882901373576604,-0.06
9.63395094871521,1,-0.01664226151073947,0.07,-0.0233101780585403
9.63395094871521,2,0.07488578211438854,0.03882901373576604,-0.06
9.63395094871521,3,0.04160125909290959,-0.03882901373576604,-0.0233101780585403
9.63395094871521,4,0.01664226151073948,-0.07,-0.06
9.63395094871521,5,-0.07488578211438854,-0.03882901373576604,-0.0233101780585403
9.650469303131104,0,-0.04247288833163526,0.03882901373576604,-0.06
9.650469303131104,1,-0.015770632272013793,0.07,-0.022009785958418647
9.650469303131104,2,0.07401415287566286,0.03882901373576604,-0.06
9.650469303131104,3,0.04247288833163527,-0.03882901373576604,-0.022009785958418647
9.650469303131104,4,0.015770632272013804,-0.07,-0.06
9.650469303131104,5,-0.07401415287566285,-0.03882901373576604,-0.022009785958418647
9.668457746505737,0,-0.043422090220015,0.03882901373576604,-0.06
9.668457746505737,1,-0.014821430383634055,0.07,-0.02065984509038315
9.668457746505737,2,0.07306495098728312,0.03882901373576604,-0.06
9.668457746505737,3,0.043422090220015,-0.03882901373576604,-0.02065984509038315
9.668457746505737,4,0.014821430383634055,-0.07,-0.06
9.668457746505737,5,-0.07306495098728312,-0.03882901373576604,-0.02065984509038315
9.696362495422363,0,-0.0448945489433626,0.03882901373576604,-0.06
9.696362495422363,1,-0.013348971660286455,0.07,-0.018707838980032594
9.696362495422363,2,0.07159249226393552,0.03882901373576604,-0.06
9.696362495422363,3,0.0448945489433626,-0.03882901373576604,-0.018707838980032594
9.696362495422363,4,0.013348971660286455,-0.07,-0.06
9.696362495422363,5,-0.07159249226393552,-0.03882901373576604,-0.018707838980032594
9.709896802902222,0,-0.04560871803238502,0.03882901373576604,-0.06
9.709896802902222,1,-0.012634802571264035,0.07,-0.017825500862292683
9.709896802902222,2,0.0708783231749131,0.03882901373576604,-0.06
9.709896802902222,3,0.045608718032385025,-0.03882901373576604,-0.017825500862292683
9.709896802902222,4,0.01263480257126404,-0.07,-0.06
9.709896802902222,5,-0.07087832317491309,-0.03882901373576604,-0.017825500862292683
9.728912591934204,0,-0.04661213019442018,0.03882901373576604,-0.06
9.728912591934204,1,-0.011631390409228868,0.07,-0.01665920352521074
9.728912591934204,2,0.06987491101287793,0.03882901373576604,-0.06
9.728912591934204,3,0.04661213019442019,-0.03882901373576604,-0.01665920352521074
9.728912591934204,4,0.011631390409228877,-0.07,-0.06
9.728912591934204,5,-0.06987491101287793,-0.03882901373576604,-0.01665920352521074
9.745858430862427,0,-0.04750631664378968,0.03882901373576604,-0.06
9.745858430862427,1,-0.010737203959859384,0.07,-0.015693845033665027
9.745858430862427,2,0.06898072456350844,0.03882901373576604,-0.06
9.745858430862427,3,0.04750631664378968,-0.03882901373576604,-0.015693845033665027
9.745858430862427,4,0.01073720395985938,-0.07,-0.06
9.745858430862427,5,-0.06898072456350844,-0.03882901373576604,-0.015693845033665027
9.759304285049438,0,-0.048215818289895844,0.03882901373576604,-0.06
9.759304285049438,1,-0.010027702313753223,0.07,-0.014978562584157369
9.759304285049438,2,0.06827122291740229,0.03882901373576604,-0.06
9.759304285049438,3,0.04821581828989584,-0.03882901373576604,-0.014978562584157369
9.759304285049438,4,0.010027702313753217,-0.07,-0.06
9.759304285049438,5,-0.06827122291740229,-0.03882901373576604,-0.014978562584157369
9.772242546081543,0,-0.04889853560724536,0.03882901373576604,-0.06
9.772242546081543,1,-0.00934498499640371,0.07,-0.014333367292200583
9.772242546081543,2,0.06758850560005276,0.03882901373576604,-0.06
9.772242546081543,3,0.04889853560724535,-0.03882901373576604,-0.014333367292200583
9.772242546081543,4,0.009344984996403701,-0.07,-0.06
9.772242546081543,5,-0.06758850560005278,-0.03882901373576604,-0.014333367292200583
9.790558099746704,0,-0.04986499822791918,0.03882901373576604,-0.06
9.790558099746704,1,-0.008378522375729879,0.07,-0.013493454571272712
9.790558099746704,2,0.06662204297937895,0.03882901373576604,-0.06
9.790558099746704,3,0.049864998227919184,-0.03882901373576604,-0.013493454571272712
9.790558099746704,4,0.008378522375729882,-0.07,-0.06
9.790558099746704,5,-0.06662204297937895,-0.03882901373576604,-0.013493454571272712
9.8060781955719,0,-0.050683952039447075,0.03882901373576604,-0.06
9.8060781955719,1,-0.0075595685642019924,0.07,-0.012850150271769306
9.8060781955719,2,0.06580308916785105,0.03882901373576604,-0.06
9.8060781955719,3,0.05068395203944707,-0.03882901373576604,-0.012850150271769306
9.8060781955719,4,0.007559568564201985,-0.07,-0.06
9.8060781955719,5,-0.06580308916785105,-0.03882901373576604,-0.012850150271769306
9.836738348007202,0,-0.05230180601288419,0.03882901373576604,-0.06
9.836738348007202,1,-0.005941714590764866,0.07,-0.011767225640590177
9.836738348007202,2,0.06418523519441394,0.03882901373576604,-0.06
9.836738348007202,3,0.05230180601288419,-0.03882901373576604,-0.011767225640590177
9.836738348007202,4,0.005941714590764869,-0.07,-0.06
9.836738348007202,5,-0.06418523519441392,-0.03882901373576604,-0.011767225640590177
9.85024881362915,0,-0.0530147170310397,0.03882901373576604,-0.06
9.85024881362915,1,-0.005228803572609361,0.07,-0.011370421492290457
9.85024881362915,2,0.06347232417625842,0.03882901373576604,-0.06
9.85024881362915,3,0.0530147170310397,-0.03882901373576604,-0.011370421492290457
9.85024881362915,4,0.005228803572609361,-0.07,-0.06
9.85024881362915,5,-0.06347232417625842,-0.03882901373576604,-0.011370421492290457
9.867015838623047,0,-0.05389946794890731,0.03882901373576604,-0.06
9.867015838623047,1,-0.004344052654741745,0.07,-0.010947234365414893
9.867015838623047,2,0.0625875732583908,0.03882901373576604,-0.06
9.867015838623047,3,0.05389946794890731,-0.03882901373576604,-0.010947234365414893
9.867015838623047,4,0.004344052654741745,-0.07,-0.06
9.867015838623047,5,-0.0625875732583908,-0.03882901373576604,-0.010947234365414893
9.896179676055908,0,-0.055438365394736774,0.03882901373576604,-0.06
9.896179676055908,1,-0.002805155208912292,0.07,-0.010395715407082548
9.896179676055908,2,0.06104867581256135,0.03882901373576604,-0.06
9.896179676055908,3,0.05543836539473677,-0.03882901373576604,-0.010395715407082548
9.896179676055908,4,0.0028051552089122882,-0.07,-0.06
9.896179676055908,5,-0.061048675812561355,-0.03882901373576604,-0.010395715407082548
9.913294315338135,0,-0.05634145898584403,0.03882901373576604,-0.06
9.913294315338135,1,-0.0019020616178050383,0.07,-0.010182065358068572
9.913294315338135,2,0.060145582221454094,0.03882901373576604,-0.06
9.913294315338135,3,0.05634145898584402,-0.03882901373576604,-0.010182065358068572
9.913294315338135,4,0.0019020616178050344,-0.07,-0.06
9.913294315338135,5,-0.0601455822214541,-0.03882901373576604,-0.010182065358068572
9.92616891860962,0,-0.057020817253978874,0.03882901373576604,-0.06
9.92616891860962,1,-0.0012227033496701937,0.07,-0.010075261452933804
9.92616891860962,2,0.05946622395331925,0.03882901373576604,-0.06
9.92616891860962,3,0.05702081725397887,-0.03882901373576604,-0.010075261452933804
9.92616891860962,4,0.001222703349670186,-0.07,-0.06
9.92616891860962,5,-0.059466223953319255,-0.03882901373576604,-0.010075261452933804
9.941227197647095,0,-0.05781540223281459,0.03882901373576604,-0.06
9.941227197647095,1,-0.0004281183708344749,0.07,-0.010009228327153633
9.941227197647095,2,0.058671638974483534,0.03882901373576604,-0.06
9.941227197647095,3,0.05781540223281459,-0.03882901373576604,-0.010009228327153633
9.941227197647095,4,0.0004281183708344749,-0.07,-0.06
9.941227197647095,5,-0.058671638974483534,-0.03882901373576604,-0.010009228327153633
9.96023154258728,0,-0.05881821052083363,0.03882901373576604,-0.06
9.96023154258728,1,0.0005746899171845659,0.07,-0.010016629044613777
9.96023154258728,2,0.057668830686464494,0.03882901373576604,-0.06
9.96023154258728,3,0.05881821052083363,-0.03882901373576604,-0.010016629044613777
9.96023154258728,4,-0.0005746899171845659,-0.07,-0.06
9.96023154258728,5,-0.057668830686464494,-0.03882901373576604,-0.010016629044613777
9.988477230072021,0,-0.06030865965757813,0.03882901373576604,-0.06
9.988477230072021,1,0.002065139053929072,0.07,-0.010214600068981693
9.988477230072021,2,0.05617838154971999,0.03882901373576604,-0.06
9.988477230072021,3,0.06030865965757813,-0.03882901373576604,-0.010214600068981693
9.988477230072021,4,-0.002065139053929072,-0.07,-0.06
9.988477230072021,5,-0.05617838154971999,-0.03882901373576604,-0.010214600068981693
10.00366997718811,0,-0.06111034015610327,0.03882901373576604,-0.06
10.00366997718811,1,0.0028668195524541966,0.07,-0.010413280025481024
10.00366997718811,2,0.055376701051194854,0.03882901373576604,-0.06
10.00366997718811,3,0.061110340156103254,-0.03882901373576604,-0.010413280025481024
10.00366997718811,4,-0.0028668195524542044,-0.07,-0.06
10.00366997718811,5,-0.05537670105119487,-0.03882901373576604,-0.010413280025481024
10.021742105484009,0,-0.062063957873225876,0.03882901373576604,-0.06
10.021742105484009,1,0.0038204372695768143,0.07,-0.010733170770179663
10.021742105484009,2,0.054423083334072246,0.03882901373576604,-0.06
10.021742105484009,3,0.062063957873225876,-0.03882901373576604,-0.010733170770179663
10.021742105484009,4,-0.0038204372695768143,-0.07,-0.06
10.021742105484009,5,-0.054423083334072246,-0.03882901373576604,-0.010733170770179663
10.034361362457275,0,-0.06272984220237605,0.03882901373576604,-0.06
10.034361362457275,1,0.0044863215987269835,0.07,-0.011010081626719202
10.034361362457275,2,0.05375719900492207,0.03882901373576604,-0.06
10.034361362457275,3,0.06272984220237604,-0.03882901373576604,-0.011010081626719202
10.034361362457275,4,-0.004486321598726991,-0.07,-0.06
10.034361362457275,5,-0.053757199004922075,-0.03882901373576604,-0.011010081626719202
10.051044225692749,0,-0.06361015213008345,0.03882901373576604,-0.06
10.051044225692749,1,0.005366631526434382,0.07,-0.011443266459361216
10.051044225692749,2,0.05287688907721467,0.03882901373576604,-0.06
10.051044225692749,3,0.06361015213008345,-0.03882901373576604,-0.011443266459361216
10.051044225692749,4,-0.00536663152643439,-0.07,-0.06
10.051044225692749,5,-0.052876889077214675,-0.03882901373576604,-0.011443266459361216
10.06753396987915,0,-0.06448027168376881,0.03882901373576604,-0.06
10.06753396987915,1,0.006236751080119759,0.07,-0.011945911204260334
10.06753396987915,2,0.05200676952352931,0.03882901373576604,-0.06
10.06753396987915,3,0.06448027168376883,-0.03882901373576604,-0.011945911204260334
10.06753396987915,4,-0.0062367510801197516,-0.07,-0.06
10.06753396987915,5,-0.052006769523529305,-0.03882901373576604,-0.011945911204260334
10.097075939178467,0,-0.06603912213354757,0.03882901373576604,-0.06
10.097075939178467,1,0.00779560152989851,0.07,-0.013029062842766392
10.097075939178467,2,0.05044791907375056,0.03882901373576604,-0.06
10.097075939178467,3,0.06603912213354757,-0.03882901373576604,-0.013029062842766392
10.097075939178467,4,-0.007795601529898502,-0.07,-0.06
10.097075939178467,5,-0.050447919073750555,-0.03882901373576604,-0.013029062842766392
10.11309027671814,0,-0.06688415575414663,0.03882901373576604,-0.06
10.11309027671814,1,0.008640635150497566,0.07,-0.013712663535926733
10.11309027671814,2,0.049602885453151495,0.03882901373576604,-0.06
10.11309027671814,3,0.06688415575414663,-0.03882901373576604,-0.013712663535926733
10.11309027671814,4,-0.008640635150497566,-0.07,-0.06
10.11309027671814,5,-0.049602885453151495,-0.03882901373576604,-0.013712663535926733
10.12911319732666,0,-0.06772964228025778,0.03882901373576604,-0.06
10.12911319732666,1,0.00948612167660872,0.07,-0.014463251377540842
10.12911319732666,2,0.04875739892704034,0.03882901373576604,-0.06
10.12911319732666,3,0.06772964228025778,-0.03882901373576604,-0.014463251377540842
10.12911319732666,4,-0.00948612167660872,-0.07,-0.06
10.12911319732666,5,-0.04875739892704034,-0.03882901373576604,-0.014463251377540842
10.155893802642822,0,-0.06914278296223028,0.03882901373576604,-0.06
10.155893802642822,1,0.010899262358581217,0.07,-0.01586355279890088
10.155893802642822,2,0.04734425824506784,0.03882901373576604,-0.06
10.155893802642822,3,0.06914278296223028,-0.03882901373576604,-0.01586355279890088
10.155893802642822,4,-0.010899262358581224,-0.07,-0.06
10.155893802642822,5,-0.04734425824506784,-0.03882901373576604,-0.01586355279890088
10.173406839370728,0,-0.0700668989175237,0.03882901373576604,-0.06
10.173406839370728,1,0.011823378313874642,0.07,-0.01687562868289224
10.173406839370728,2,0.04642014228977442,0.03882901373576604,-0.06
10.173406839370728,3,0.0700668989175237,-0.03882901373576604,-0.01687562868289224
10.173406839370728,4,-0.011823378313874642,-0.07,-0.06
10.173406839370728,5,-0.04642014228977442,-0.03882901373576604,-0.01687562868289224
10.19056224822998,0,-0.07097214380981338,0.03882901373576604,-0.06
10.19056224822998,1,0.012728623206164327,0.07,-0.01793896113764013
10.19056224822998,2,0.04551489739748474,0.03882901373576604,-0.06
10.19056224822998,3,0.07097214380981338,-0.03882901373576604,-0.01793896113764013
10.19056224822998,4,-0.01272862320616432,-0.07,-0.06
10.19056224822998,5,-0.04551489739748474,-0.03882901373576604,-0.01793896113764013
10.212404012680054,0,-0.07212467511170415,0.03882901373576604,-0.06
10.212404012680054,1,0.01388115450805509,0.07,-0.019392970075081666
10.212404012680054,2,0.04436236609559397,0.03882901373576604,-0.06
10.212404012680054,3,0.07212467511170415,-0.03882901373576604,-0.019392970075081666
10.212404012680054,4,-0.01388115450805509,-0.07,-0.06
10.212404012680054,5,-0.04436236609559397,-0.03882901373576604,-0.019392970075081666
10.237215280532837,0,-0.07343389914006934,0.03882901373576604,-0.06
10.237215280532837,1,0.015190378536420288,0.07,-0.021176208958250363
10.237215280532837,2,0.043053142067228774,0.03882901373576604,-0.06
10.237215280532837,3,0.07343389914006934,-0.03882901373576604,-0.021176208958250363
10.237215280532837,4,-0.015190378536420288,-0.07,-0.06
10.237215280532837,5,-0.043053142067228774,-0.03882901373576604,-0.021176208958250363
10.26507019996643,0,-0.0749037284953051,0.03882901373576604,-0.06
10.26507019996643,1,0.01666020789165603,0.07,-0.0233375492394719
10.26507019996643,2,0.041583312711993024,0.03882901373576604,-0.06
10.26507019996643,3,0.07490372849530509,-0.03882901373576604,-0.0233375492394719
10.26507019996643,4,-0.016660207891656037,-0.07,-0.06
10.26507019996643,5,-0.04158331271199303,-0.03882901373576604,-0.0233375492394719
10.280897378921509,0,-0.07573888625959886,0.03882901373576604,-0.06
10.280897378921509,1,0.017495365655949804,0.07,-0.024637307543157412
10.280897378921509,2,0.04074815494769926,0.03882901373576604,-0.06
10.280897378921509,3,0.07573888625959886,-0.03882901373576604,-0.024637307543157412
10.280897378921509,4,-0.017495365655949797,-0.07,-0.06
10.280897378921509,5,-0.04074815494769926,-0.03882901373576604,-0.024637307543157412
10.295912027359009,0,-0.07653116896874812,0.03882901373576604,-0.06
10.295912027359009,1,0.01828764836509906,0.07,-0.02591628385909553
10.295912027359009,2,0.039955872238549996,0.03882901373576604,-0.06
10.295912027359009,3,0.07653116896874812,-0.03882901373576604,-0.02591628385909553
10.295912027359009,4,-0.018287648365099066,-0.07,-0.06
10.295912027359009,5,-0.03995587223855,-0.03882901373576604,-0.02591628385909553
10.311223983764648,0,-0.07733913982160784,0.03882901373576604,-0.06
10.311223983764648,1,0.01909561921795877,0.07,-0.027264951303974973
10.311223983764648,2,0.03914790138569029,0.03882901373576604,-0.06
10.311223983764648,3,0.07733913982160784,-0.03882901373576604,-0.027264951303974973
10.311223983764648,4,-0.01909561921795877,-0.07,-0.06
10.311223983764648,5,-0.03914790138569029,-0.03882901373576604,-0.027264951303974973
10.33056092262268,0,-0.07835949819822037,0.03882901373576604,-0.06
10.33056092262268,1,0.0201159775945713,0.07,-0.029029404752746506
10.33056092262268,2,0.03812754300907775,0.03882901373576604,-0.06
10.33056092262268,3,0.07835949819822036,-0.03882901373576604,-0.029029404752746506
10.33056092262268,4,-0.020115977594571306,-0.07,-0.06
10.33056092262268,5,-0.038127543009077766,-0.03882901373576604,-0.029029404752746506
10.346131086349487,0,-0.07918109395856877,0.03882901373576604,-0.06
10.346131086349487,1,0.02093757335491971,0.07,-0.030497521080978172
10.346131086349487,2,0.03730594724872935,0.03882901373576604,-0.06
10.346131086349487,3,0.07918109395856877,-0.03882901373576604,-0.030497521080978172
10.346131086349487,4,-0.020937573354919716,-0.07,-0.06
10.346131086349487,5,-0.03730594724872935,-0.03882901373576604,-0.030497521080978172
10.371416330337524,0,-0.08051532843576827,0.03882901373576604,-0.06
10.371416330337524,1,0.022271807832119208,0.07,-0.032966222877374066
10.371416330337524,2,0.03597171277152986,0.03882901373576604,-0.06
10.371416330337524,3,0.08051532843576827,-0.03882901373576604,-0.032966222877374066
10.371416330337524,4,-0.022271807832119208,-0.07,-0.06
10.371416330337524,5,-0.03597171277152986,-0.03882901373576604,-0.032966222877374066
10.399420261383057,0,-0.08199302073392224,0.03882901373576604,-0.06
10.399420261383057,1,0.02374950013027318,0.07,-0.035813073349301186
10.399420261383057,2,0.03449402047337588,0.03882901373576604,-0.06
10.399420261383057,3,0.08199302073392224,-0.03882901373576604,-0.035813073349301186
10.399420261383057,4,-0.02374950013027318,-0.07,-0.06
10.399420261383057,5,-0.03449402047337588,-0.03882901373576604,-0.035813073349301186
10.415087461471558,0,-0.082819736842699,0.03882901373576604,-0.06
10.415087461471558,1,0.02457621623904994,0.07,-0.03745299477902879
10.415087461471558,2,0.033667304364599124,0.03882901373576604,-0.06
10.415087461471558,3,0.082819736842699,-0.03882901373576604,-0.03745299477902879
10.415087461471558,4,-0.024576216239049934,-0.07,-0.06
10.415087461471558,5,-0.033667304364599124,-0.03882901373576604,-0.03745299477902879
10.429344654083252,0,-0.08357205064040632,0.03882901373576604,-0.06
10.429344654083252,1,0.02532853003675727,0.07,-0.03897235850877722
10.429344654083252,2,0.0329149905668918,0.03882901373576604,-0.06
10.429344654083252,3,0.08357205064040633,-0.03882901373576604,-0.03897235850877722
10.429344654083252,4,-0.025328530036757262,-0.07,-0.06
10.429344654083252,5,-0.03291499056689179,-0.03882901373576604,-0.03897235850877722
10.446029663085938,0,-0.08445247379449175,0.03882901373576604,-0.06
10.446029663085938,1,0.026208953190842686,0.07,-0.04078076292173173
10.446029663085938,2,0.03203456741280637,0.03882901373576604,-0.06
10.446029663085938,3,0.08445247379449175,-0.03882901373576604,-0.04078076292173173
10.446029663085938,4,-0.026208953190842692,-0.07,-0.06
10.446029663085938,5,-0.03203456741280637,-0.03882901373576604,-0.04078076292173173
10.472854375839233,0,-0.08586794190756804,0.03882901373576604,-0.06
10.472854375839233,1,0.027624421303918976,0.07,-0.043749835439591336
10.472854375839233,2,0.030619099299730085,0.03882901373576604,-0.06
10.472854375839233,3,0.08586794190756804,-0.03882901373576604,-0.043749835439591336
10.472854375839233,4,-0.027624421303918976,-0.07,-0.06
10.472854375839233,5,-0.030619099299730085,-0.03882901373576604,-0.043749835439591336
10.489997863769531,0,-0.08677255776442425,0.03882901373576604,-0.06
10.489997863769531,1,0.0285290371607752,0.07,-0.04568245165880434
10.489997863769531,2,0.02971448344287387,0.03882901373576604,-0.06
10.489997863769531,3,0.08677255776442426,-0.03882901373576604,-0.04568245165880434
10.489997863769531,4,-0.028529037160775192,-0.07,-0.06
10.489997863769531,5,-0.029714483442873862,-0.03882901373576604,-0.04568245165880434
10.506149053573608,0,-0.08762481271179942,0.03882901373576604,-0.06
10.506149053573608,1,0.02938129210815036,0.07,-0.04752484805228495
10.506149053573608,2,0.0288622284954987,0.03882901373576604,-0.06
10.506149053573608,3,0.08762481271179942,-0.03882901373576604,-0.04752484805228495
10.506149053573608,4,-0.02938129210815036,-0.07,-0.06
10.506149053573608,5,-0.0288622284954987,-0.03882901373576604,-0.04752484805228495
10.521735668182373,0,-0.088447276541046,0.03882901373576604,-0.06
10.521735668182373,1,0.030203755937396944,0.07,-0.049320175452775936
10.521735668182373,2,0.028039764666252118,0.03882901373576604,-0.06
10.521735668182373,3,0.088447276541046,-0.03882901373576604,-0.049320175452775936
10.521735668182373,4,-0.030203755937396944,-0.07,-0.06
10.521735668182373,5,-0.028039764666252118,-0.03882901373576604,-0.049320175452775936
10.537721872329712,0,-0.08929082563802211,0.03882901373576604,-0.06
10.537721872329712,1,0.03104730503437305,0.07,-0.05117662121707506
10.537721872329712,2,0.02719621556927601,0.03882901373576604,-0.06
10.537721872329712,3,0.08929082563802211,-0.03882901373576604,-0.05117662121707506
10.537721872329712,4,-0.03104730503437305,-0.07,-0.06
10.537721872329712,5,-0.02719621556927601,-0.03882901373576604,-0.05117662121707506
10.567950010299683,0,-0.0908858833673507,0.03882901373576604,-0.06
10.567950010299683,1,0.032642362763701645,0.07,-0.05471934050086254
10.567950010299683,2,0.025601157839947417,0.03882901373576604,-0.06
10.567950010299683,3,0.0908858833673507,-0.03882901373576604,-0.05471934050086254
10.567950010299683,4,-0.032642362763701645,-0.07,-0.06
10.567950010299683,5,-0.025601157839947417,-0.03882901373576604,-0.05471934050086254
10.584198236465454,0,-0.09174325866315422,0.03882901373576604,-0.06
10.584198236465454,1,0.033499738059505166,0.07,-0.05663596288850834
10.584198236465454,2,0.024743782544143902,0.03882901373576604,-0.06
10.584198236465454,3,0.09174325866315422,-0.03882901373576604,-0.05663596288850834
10.584198236465454,4,-0.03349973805950516,-0.07,-0.06
10.584198236465454,5,-0.024743782544143895,-0.03882901373576604,-0.05663596288850834
10.597060918807983,0,-0.0924219878958556,0.03882901373576604,-0.06
10.597060918807983,1,0.03417846729220655,0.07,-0.05815690221743833
10.597060918807983,2,0.02406505331144252,0.03882901373576604,-0.06
10.597060918807983,3,0.09242198789585561,-0.03882901373576604,-0.05815690221743833
10.597060918807983,4,-0.03417846729220654,-0.07,-0.06
10.597060918807983,5,-0.024065053311442514,-0.03882901373576604,-0.05815690221743833
10.614076614379883,0,-0.09316718101245619,0.03882901373576604,-0.059828694356885516
10.614076614379883,1,0.03492366040880712,0.07,-0.06
10.614076614379883,2,0.02331986019484194,0.03882901373576604,-0.059828694356885516
10.614076614379883,3,0.09316718101245619,-0.03882901373576604,-0.06
10.614076614379883,4,-0.03492366040880712,-0.07,-0.059828694356885516
10.614076614379883,5,-0.02331986019484194,-0.03882901373576604,-0.06
10.64279842376709,0,-0.09165160820049936,0.03882901373576604,-0.05643079478108755
10.64279842376709,1,0.03340808759685031,0.07,-0.06
10.64279842376709,2,0.02483543300679876,0.03882901373576604,-0.05643079478108755
10.64279842376709,3,0.09165160820049936,-0.03882901373576604,-0.06
10.64279842376709,4,-0.0334080875968503,-0.07,-0.05643079478108755
10.64279842376709,5,-0.024835433006798753,-0.03882901373576604,-0.06
10.657944917678833,0,-0.09085236835945606,0.03882901373576604,-0.05464455961397573
10.657944917678833,1,0.03260884775580699,0.07,-0.06
10.657944917678833,2,0.025634672847842065,0.03882901373576604,-0.05464455961397573
10.657944917678833,3,0.09085236835945605,-0.03882901373576604,-0.06
10.657944917678833,4,-0.032608847755807,-0.07,-0.05464455961397573
10.657944917678833,5,-0.02563467284784207,-0.03882901373576604,-0.06
10.672411918640137,0,-0.09008898353811987,0.03882901373576604,-0.05294485856232349
10.672411918640137,1,0.031845462934470804,0.07,-0.06
10.672411918640137,2,0.026398057669178257,0.03882901373576604,-0.05294485856232349
10.672411918640137,3,0.09008898353811987,-0.03882901373576604,-0.06
10.672411918640137,4,-0.031845462934470804,-0.07,-0.05294485856232349
10.672411918640137,5,-0.026398057669178257,-0.03882901373576604,-0.06
10.689419746398926,0,-0.0891915261044964,0.03882901373576604,-0.050957378884061544
10.689419746398926,1,0.030948005500847333,0.07,-0.06
10.689419746398926,2,0.027295515102801725,0.03882901373576604,-0.050957378884061544
10.689419746398926,3,0.08919152610449639,-0.03882901373576604,-0.06
10.689419746398926,4,-0.030948005500847336,-0.07,-0.050957378884061544
10.689419746398926,5,-0.02729551510280173,-0.03882901373576604,-0.06
10.707675695419312,0,-0.08822820866098985,0.03882901373576604,-0.048840457042308896
10.707675695419312,1,0.02998468805734079,0.07,-0.06
10.707675695419312,2,0.028258832546308267,0.03882901373576604,-0.048840457042308896
10.707675695419312,3,0.08822820866098985,-0.03882901373576604,-0.06
10.707675695419312,4,-0.029984688057340794,-0.07,-0.048840457042308896
10.707675695419312,5,-0.02825883254630827,-0.03882901373576604,-0.06
10.732327222824097,0,-0.08656673050203068,0.03882901373576604,-0.04601573922036429
10.732327222824097,1,0.029007604979781724,0.07,-0.06
10.732327222824097,2,0.02442637778004058,0.03882901373576604,-0.06
10.732327222824097,3,0.09192556857575962,-0.03882901373576604,-0.04881229595173392
10.732327222824097,4,-0.026641890328975484,-0.07,-0.06
10.732327222824097,5,-0.03255621505906965,-0.03882901373576604,-0.03322561921729873
10.749571323394775,0,-0.08446446279359836,0.03882901373576604,-0.04406756368500003
10.749571323394775,1,0.028860120366285456,0.07,-0.06
10.749571323394775,2,0.03814718247235771,0.03882901373576604,-0.06
10.749571323394775,3,0.07193363891687203,-0.03882901373576604,-0.011292230631415573
10.749571323394775,4,0.0009472036691550276,-0.07,-0.06
10.749571323394775,5,-0.07464234208527706,-0.03882901373576604,-0.028283618151966998
10.764239311218262,0,-0.08268243801140975,0.03882901373576604,-0.04243121171371625
10.764239311218262,1,0.0285613493428778,0.07,-0.06
10.764239311218262,2,0.044128795022143584,0.03882901373576604,-0.06
10.764239311218262,3,0.05898617097201308,-0.03882901373576604,-0.01312933410509639
10.764239311218262,4,0.013209199792134415,-0.07,-0.06
10.764239311218262,5,-0.08771039573589799,-0.03882901373576604,-0.06
10.779309034347534,0,-0.07978198719902577,0.03882901373576604,-0.04077213668978577
10.779309034347534,1,0.028468779317341663,0.07,-0.06
10.779309034347534,2,0.052749939069473825,0.03882901373576604,-0.06
10.779309034347534,3,0.032427686398203606,-0.03882901373576604,-0.04669695601117428
10.779309034347534,4,0.030544057912331144,-0.07,-0.06
10.779309034347534,5,-0.06166182354283482,-0.03882901373576604,-0.06
10.795961380004883,0,-0.07741929382176735,0.03882901373576604,-0.038967389688713085
10.795961380004883,1,0.028033659202205005,0.07,-0.06
10.795961380004883,2,0.055460895984710275,0.03882901373576604,-0.06
10.795961380004883,3,0.024644612163566552,-0.03882901373576604,-0.06
10.795961380004883,4,0.03181738343208923,-0.07,-0.01171214034648374
10.795961380004883,5,-0.05265871256685212,-0.03882901373576604,-0.06
10.823424339294434,0,-0.07270830858013388,0.03882901373576604,-0.0360637613195272
10.823424339294434,1,0.027372807238879675,0.07,-0.06
10.823424339294434,2,0.05961691271612438,0.03882901373576604,-0.06
10.823424339294434,3,0.03361749758972009,-0.03882901373576604,-0.06
10.823424339294434,4,0.0070694332875293284,-0.07,-0.017324392280203244
10.823424339294434,5,-0.038868958445959174,-0.03882901373576604,-0.06
10.83860731124878,0,-0.06997465716007066,0.03882901373576604,-0.03450115892155844
10.83860731124878,1,0.026983964277195436,0.07,-0.06
10.83860731124878,2,0.06111274841409299,0.03882901373576604,-0.06
10.83860731124878,3,0.03699801194734148,-0.03882901373576604,-0.06
10.83860731124878,4,-0.004926391330154384,-0.07,-0.028109195356252795
10.83860731124878,5,-0.033603765428684915,-0.03882901373576604,-0.06
10.856152772903442,0,-0.0668160412466225,0.03882901373576604,-0.03273659707447135
10.856152772903442,1,0.026511181935731553,0.07,-0.06
10.856152772903442,2,0.06226987657163367,0.03882901373576604,-0.06
10.856152772903442,3,0.03978505060388668,-0.03882901373576604,-0.06
10.856152772903442,4,-0.016497268143753803,-0.07,-0.04035548670007718
10.856152772903442,5,-0.029186816273135175,-0.03882901373576604,-0.06
10.870318174362183,0,-0.0638481876082156,0.03882901373576604,-0.031346167320627435
10.870318174362183,1,0.026155659007603336,0.07,-0.06
10.870318174362183,2,0.06333788122445763,0.03882901373576604,-0.06
10.870318174362183,3,0.04227658283766281,-0.03882901373576604,-0.06
10.870318174362183,4,-0.02825889054309402,-0.07,-0.05302545351615085
10.870318174362183,5,-0.025271756458406867,-0.03882901373576604,-0.06
10.8876793384552,0,-0.06034075768414676,0.03882901373576604,-0.02968618391468204
10.8876793384552,1,0.02568979329131341,0.07,-0.06
10.8876793384552,2,0.06412602654172529,0.03882901373576604,-0.06
10.8876793384552,3,0.04431873918848817,-0.03882901373576604,-0.06
10.8876793384552,4,-0.033732068768398064,-0.07,-0.06
10.8876793384552,5,-0.027724456962397916,-0.03882901373576604,-0.01186150483146118
10.901188135147095,0,-0.0571227867472464,0.03882901373576604,-0.02842984658284929
10.901188135147095,1,0.02535358929386799,0.07,-0.06
10.901188135147095,2,0.06490289502819328,0.03882901373576604,-0.06
10.901188135147095,3,0.04620868015886945,-0.03882901373576604,-0.06
10.901188135147095,4,-0.030729055314103387,-0.07,-0.06
10.901188135147095,5,-0.039235962063244506,-0.03882901373576604,-0.01734864423884718
10.917375326156616,0,-0.05425060719555924,0.03882901373576604,-0.026967075668353505
10.917375326156616,1,0.024871139925149516,0.07,-0.06
10.917375326156616,2,0.06493135094741291,0.03882901373576604,-0.06
10.917375326156616,3,0.04674804136602731,-0.03882901373576604,-0.06
10.917375326156616,4,-0.029678788819007394,-0.07,-0.06
10.917375326156616,5,-0.04372850384113033,-0.03882901373576604,-0.02032792540589355
10.935113668441772,0,-0.051085778434208376,0.03882901373576604,-0.025419946506019066
10.935113668441772,1,0.024340363898174035,0.07,-0.06
10.935113668441772,2,0.06488429956914392,0.03882901373576604,-0.06
10.935113668441772,3,0.047184714636464745,-0.03882901373576604,-0.06
10.935113668441772,4,-0.02875839089986348,-0.07,-0.06
10.935113668441772,5,-0.047928429787953544,-0.03882901373576604,-0.023412024786717917
10.96415376663208,0,-0.04338632224733084,0.03882901373576604,-0.02301999783432048
10.96415376663208,1,0.023605988960117435,0.07,-0.06
10.96415376663208,2,0.0658522050515002,0.03882901373576604,-0.06
10.96415376663208,3,0.04985490053923385,-0.03882901373576604,-0.06
10.96415376663208,4,-0.024385924576681494,-0.07,-0.06
10.96415376663208,5,-0.06968792567657003,-0.03882901373576604,-0.04083749007963895
10.978281736373901,0,-0.040367541146052247,0.03882901373576604,-0.021914973045856885
10.978281736373901,1,0.02319982180025197,0.07,-0.06
10.978281736373901,2,0.06582164623722292,0.03882901373576604,-0.06
10.978281736373901,3,0.05019995007054485,-0.03882901373576604,-0.06
10.978281736373901,4,-0.023665266699782337,-0.07,-0.06
10.978281736373901,5,-0.0740338659048643,-0.03882901373576604,-0.04452864014387391
10.99300479888916,0,-0.0382384766767636,0.03882901373576604,-0.02080878118655643
10.99300479888916,1,0.022724684684296323,0.07,-0.06
10.99300479888916,2,0.06534650912126727,0.03882901373576604,-0.06
10.99300479888916,3,0.0497248129545892,-0.03882901373576604,-0.06
10.99300479888916,4,-0.024140403815737985,-0.07,-0.06
10.99300479888916,5,-0.07190480143557565,-0.03882901373576604,-0.042880585952492646
11.009317874908447,0,-0.03367720044919972,0.03882901373576604,-0.01963881655792609
11.009317874908447,1,0.02230299728312691,0.07,-0.06
11.009317874908447,2,0.06562549876274776,0.03882901373576604,-0.06
11.009317874908447,3,0.050704479638719616,-0.03882901373576604,-0.06
11.009317874908447,4,-0.02246006008895765,-0.07,-0.06
11.009317874908447,5,-0.08207300124575868,-0.03882901373576604,-0.05123686203412932
11.02445101737976,0,-0.03026167447041588,0.03882901373576604,-0.018607293021311117
11.02445101737976,1,0.021869423585224493,0.07,-0.06
11.02445101737976,2,0.06551920936472576,0.03882901373576604,-0.06
11.02445101737976,3,0.050925474540578025,-0.03882901373576604,-0.06
11.02445101737976,4,-0.02191178088721877,-0.07,-0.06
11.02445101737976,5,-0.08602219659654772,-0.03882901373576604,-0.0544205489746175
11.041172981262207,0,-0.026514732319701223,0.03882901373576604,-0.01752934470533283
11.041172981262207,1,0.021386852096904167,0.07,-0.06
11.041172981262207,2,0.06534987413190435,0.03882901373576604,-0.06
11.041172981262207,3,0.0510693755632554,-0.03882901373576604,-0.06
11.041172981262207,4,-0.021454643609042538,-0.07,-0.06
11.041172981262207,5,-0.08964000915400724,-0.03882901373576604,-0.05726109731698828
11.047679424285889,0,-0.02550160885725715,0.03882901373576604,-0.017127827069527556
11.047679424285889,1,0.021180167695565594,0.07,-0.06
11.047679424285889,2,0.06514318973056576,0.03882901373576604,-0.06
11.047679424285889,3,0.05086269116191683,-0.03882901373576604,-0.06
11.047679424285889,4,-0.02166132801038112,-0.07,-0.06
11.047679424285889,5,-0.08862688569156318,-0.03882901373576604,-0.05649218443368072
11.071497440338135,0,-0.02378763450955689,0.03882901373576604,-0.06
11.071497440338135,1,0.020475459879136074,0.07,-0.06
11.071497440338135,2,0.06473855426782898,0.03882901373576604,-0.06
11.071497440338135,3,0.05075812805287289,-0.03882901373576604,-0.06
11.071497440338135,4,-0.02146581876573228,-0.07,-0.06
11.071497440338135,5,-0.0910091726812873,-0.03882901373576604,-0.05833096933412605
11.08851170539856,0,-0.025006524024262768,0.03882901373576604,-0.06
11.08851170539856,1,0.02008560667928715,0.07,-0.06
11.08851170539856,2,0.06517773738283708,0.03882901373576604,-0.06
11.08851170539856,3,0.05202634748273794,-0.03882901373576604,-0.06
11.08851170539856,4,-0.019368563021010313,-0.07,-0.06
11.08851170539856,5,-0.0907634735247585,-0.03882901373576604,-0.06
11.102654457092285,0,-0.02544976551169814,0.03882901373576604,-0.06
11.102654457092285,1,0.019642365191851786,0.07,-0.06
11.102654457092285,2,0.06473449589540171,0.03882901373576604,-0.06
11.102654457092285,3,0.05158310599530258,-0.03882901373576604,-0.06
11.102654457092285,4,-0.019811804508445673,-0.07,-0.06
11.102654457092285,5,-0.09120671501219388,-0.03882901373576604,-0.06
11.11749529838562,0,-0.026121298443475417,0.03882901373576604,-0.06
11.11749529838562,1,0.01922575385095386,0.07,-0.06
11.11749529838562,2,0.0645728061453832,0.03882901373576604,-0.06
11.11749529838562,3,0.051676337836163426,-0.03882901373576604,-0.06
11.11749529838562,4,-0.019463651076705422,-0.07,-0.06
11.11749529838562,5,-0.09060363998957427,-0.03882901373576604,-0.06
11.133818626403809,0,-0.027018063059378865,0.03882901373576604,-0.06
11.133818626403809,1,0.018810286861789764,0.07,-0.06
11.133818626403809,2,0.06463863678295839,0.03882901373576604,-0.06
11.133818626403809,3,0.05222346610047796,-0.03882901373576604,-0.06
11.133818626403809,4,-0.018435225185651532,-0.07,-0.06
11.133818626403809,5,-0.08909391647178103,-0.03882901373576604,-0.06
11.15046763420105,0,-0.027716554391714315,0.03882901373576604,-0.06
11.15046763420105,1,0.018339220569325392,0.07,-0.06
11.15046763420105,2,0.0643949955303651,0.03882901373576604,-0.06
11.15046763420105,3,0.05220724988775569,-0.03882901373576604,-0.06
11.15046763420105,4,-0.01822401635850273,-0.07,-0.06
11.15046763420105,5,-0.08865528260476115,-0.03882901373576604,-0.06
11.180193901062012,0,-0.028809736492074803,0.03882901373576604,-0.06
11.180193901062012,1,0.0174652803290381,0.07,-0.06
11.180193901062012,2,0.063740297150151,0.03882901373576604,-0.06
11.180193901062012,3,0.05177179336761483,-0.03882901373576604,-0.06
11.180193901062012,4,-0.01844023101857039,-0.07,-0.06
11.180193901062012,5,-0.08865225540475567,-0.03882901373576604,-0.06
11.195968866348267,0,-0.029621356674973627,0.03882901373576604,-0.06
11.195968866348267,1,0.017069303280120487,0.07,-0.06
11.195968866348267,2,0.0637599632352146,0.03882901373576604,-0.06
11.195968866348267,3,0.052207102586659705,-0.03882901373576604,-0.06
11.195968866348267,4,-0.0175892786655443,-0.07,-0.06
11.195968866348267,5,-0.08738565991774831,-0.03882901373576604,-0.06
11.214134216308594,0,-0.030332201440033357,0.03882901373576604,-0.06
11.214134216308594,1,0.016555639428201884,0.07,-0.06
11.214134216308594,2,0.06344348029643714,0.03882901373576604,-0.06
11.214134216308594,3,0.052087800561023315,-0.03882901373576604,-0.06
11.214134216308594,4,-0.01751139977803957,-0.07,-0.06
11.214134216308594,5,-0.08711060011710244,-0.03882901373576604,-0.06
11.240766763687134,0,-0.031148854437592532,0.03882901373576604,-0.06
11.240766763687134,1,0.015738986430642716,0.07,-0.06
11.240766763687134,2,0.06262682729887796,0.03882901373576604,-0.06
11.240766763687134,3,0.05127114756346414,-0.03882901373576604,-0.06
11.240766763687134,4,-0.018328052775598742,-0.07,-0.06
11.240766763687134,5,-0.08792725311466162,-0.03882901373576604,-0.06
11.254712581634521,0,-0.03172092988971614,0.03882901373576604,-0.06
11.254712581634521,1,0.015357473140357911,0.07,-0.06
11.254712581634521,2,0.06243587617043202,0.03882901373576604,-0.06
11.254712581634521,3,0.05127075859685701,-0.03882901373576604,-0.06
11.254712581634521,4,-0.018137879580367063,-0.07,-0.06
11.254712581634521,5,-0.08754651775759108,-0.03882901373576604,-0.06
11.270366430282593,0,-0.03233840045776999,0.03882901373576604,-0.06
11.270366430282593,1,0.0149242745597558,0.07,-0.06
11.270366430282593,2,0.062186949577281596,0.03882901373576604,-0.06
11.270366430282593,3,0.051206103991158325,-0.03882901373576604,-0.06
11.270366430282593,4,-0.018018262198614,-0.07,-0.06
11.270366430282593,5,-0.08724262838838633,-0.03882901373576604,-0.06
11.2874915599823,0,-0.032861101240996976,0.03882901373576604,-0.06
11.2874915599823,1,0.014401573776528821,0.07,-0.06
11.2874915599823,2,0.06166424879405462,0.03882901373576604,-0.06
11.2874915599823,3,0.050683403207931355,-0.03882901373576604,-0.06
11.2874915599823,4,-0.018540962981840978,-0.07,-0.06
11.2874915599823,5,-0.08776532917161331,-0.03882901373576604,-0.06
11.30113410949707,0,-0.03340952692158981,0.03882901373576604,-0.06
11.30113410949707,1,0.014031436296299117,0.07,-0.06
11.30113410949707,2,0.061472399514187995,0.03882901373576604,-0.06
11.30113410949707,3,0.05066984212842787,-0.03882901373576604,-0.06
11.30113410949707,4,-0.018376235860981322,-0.07,-0.06
11.30113410949707,5,-0.08742231385039057,-0.03882901373576604,-0.06
11.317474126815796,0,-0.03390716613282414,0.03882901373576604,-0.06
11.317474126815796,1,0.013533797085064785,0.07,-0.06
11.317474126815796,2,0.06097476030295367,0.03882901373576604,-0.06
11.317474126815796,3,0.05017220291719355,-0.03882901373576604,-0.06
11.317474126815796,4,-0.018873875072215645,-0.07,-0.06
11.317474126815796,5,-0.0879199530616249,-0.03882901373576604,-0.06
11.333451271057129,0,-0.03451945596276326,0.03882901373576604,-0.06
11.333451271057129,1,0.013094100014690344,0.07,-0.06
11.333451271057129,2,0.06070765599214395,0.03882901373576604,-0.06
11.333451271057129,3,0.05007769136594849,-0.03882901373576604,-0.06
11.333451271057129,4,-0.01879579386389598,-0.07,-0.06
11.333451271057129,5,-0.0876692790937405,-0.03882901373576604,-0.06
11.347474098205566,0,-0.03506647625666194,0.03882901373576604,-0.06
11.347474098205566,1,0.012714242678576664,0.07,-0.06
11.347474098205566,2,0.06049496161381527,0.03882901373576604,-0.06
11.347474098205566,3,0.050032159945404824,-0.03882901373576604,-0.06
11.347474098205566,4,-0.01867416232665469,-0.07,-0.06
11.347474098205566,5,-0.08738048459871425,-0.03882901373576604,-0.06
11.364172458648682,0,-0.035572890551089975,0.03882901373576604,-0.06
11.364172458648682,1,0.012207828384148625,0.07,-0.06
11.364172458648682,2,0.05998854731938724,0.03882901373576604,-0.06
11.364172458648682,3,0.04952574565097678,-0.03882901373576604,-0.06
11.364172458648682,4,-0.019180576621082728,-0.07,-0.06
11.364172458648682,5,-0.0878868988931423,-0.03882901373576604,-0.06
11.371364831924438,0,-0.03579101499810461,0.03882901373576604,-0.06
11.371364831924438,1,0.011989703937134003,0.07,-0.06
11.371364831924438,2,0.05977042287237261,0.03882901373576604,-0.06
11.371364831924438,3,0.04930762120396215,-0.03882901373576604,-0.06
11.371364831924438,4,-0.01939870106809736,-0.07,-0.06
11.371364831924438,5,-0.08810502334015693,-0.03882901373576604,-0.06
11.397337913513184,0,-0.03657870549213209,0.03882901373576604,-0.06
11.397337913513184,1,0.01120201344310653,0.07,-0.06
11.397337913513184,2,0.058982732378345136,0.03882901373576604,-0.06
11.397337913513184,3,0.048519930709934676,-0.03882901373576604,-0.06
11.397337913513184,4,-0.020186391562124834,-0.07,-0.06
11.397337913513184,5,-0.0888927138341844,-0.03882901373576604,-0.06
11.412353515625,0,-0.0370340864605075,0.03882901373576604,-0.06
11.412353515625,1,0.010746632474731099,0.07,-0.06
11.412353515625,2,0.058527351409969716,0.03882901373576604,-0.06
11.412353515625,3,0.048064549741559257,-0.03882901373576604,-0.06
11.412353515625,4,-0.020641772530500254,-0.07,-0.06
11.412353515625,5,-0.08934809480255983,-0.03882901373576604,-0.06
11.443110704421997,0,-0.03796686546694243,0.03882901373576604,-0.06
11.443110704421997,1,0.009813853468296179,0.07,-0.06
11.443110704421997,2,0.05759457240353479,0.03882901373576604,-0.06
11.443110704421997,3,0.04713177073512434,-0.03882901373576604,-0.06
11.443110704421997,4,-0.021574551536935185,-0.07,-0.06
11.443110704421997,5,-0.09028087380899474,-0.03882901373576604,-0.06
11.459181547164917,0,-0.03845424891493089,0.03882901373576604,-0.06
11.459181547164917,1,0.009326470020307714,0.07,-0.06
11.459181547164917,2,0.05710718895554632,0.03882901373576604,-0.06
11.459181547164917,3,0.046644387287135866,-0.03882901373576604,-0.06
11.459181547164917,4,-0.022061934984923644,-0.07,-0.06
11.459181547164917,5,-0.09076825725698322,-0.03882901373576604,-0.06
11.487623453140259,0,-0.039316811907013735,0.03882901373576604,-0.06
11.487623453140259,1,0.008463907028224872,0.07,-0.06
11.487623453140259,2,0.056244625963463475,0.03882901373576604,-0.06
11.487623453140259,3,0.04578182429505302,-0.03882901373576604,-0.06
11.487623453140259,4,-0.022924497977006488,-0.07,-0.06
11.487623453140259,5,-0.09163082024906606,-0.03882901373576604,-0.06
11.504818677902222,0,-0.03983829469839469,0.03882901373576604,-0.06
11.504818677902222,1,0.007942424236843918,0.07,-0.06
11.504818677902222,2,0.05572314317208252,0.03882901373576604,-0.06
11.504818677902222,3,0.04526034150367207,-0.03882901373576604,-0.06
11.504818677902222,4,-0.023445980768387442,-0.07,-0.06
11.504818677902222,5,-0.09215230304044701,-0.03882901373576604,-0.06
11.520963430404663,0,-0.040327919621457736,0.03882901373576604,-0.06
11.520963430404663,1,0.007452799313780878,0.07,-0.06
11.520963430404663,2,0.05523351824901948,0.03882901373576604,-0.06
11.520963430404663,3,0.044770716580609035,-0.03882901373576604,-0.06
11.520963430404663,4,-0.023935605691450482,-0.07,-0.06
11.520963430404663,5,-0.09264192796351003,-0.03882901373576604,-0.06
11.53522276878357,0,-0.04076036523842498,0.03882901373576604,-0.06
11.53522276878357,1,0.007020353696813631,0.07,-0.06
11.53522276878357,2,0.054801072632052236,0.03882901373576604,-0.06
11.53522276878357,3,0.044338270963641783,-0.03882901373576604,-0.06
11.53522276878357,4,-0.024368051308417724,-0.07,-0.06
11.53522276878357,5,-0.0930743735804773,-0.03882901373576604,-0.06
11.552232027053833,0,-0.04116824513725271,0.03882901373576604,-0.06
11.552232027053833,1,0.006445310840200897,0.07,-0.06
11.552232027053833,2,0.054058866817654504,0.03882901373576604,-0.06
11.552232027053833,3,0.043428902191459035,-0.03882901373576604,-0.06
11.552232027053833,4,-0.025444583038385427,-0.07,-0.06
11.552232027053833,5,-0.0861674552100973,-0.03882901373576604,-0.05581812163765311
11.568248510360718,0,-0.04165498913966309,0.03882901373576604,-0.06
11.568248510360718,1,0.00595856683779051,0.07,-0.06
11.568248510360718,2,0.05357212281524411,0.03882901373576604,-0.06
11.568248510360718,3,0.04294215818904865,-0.03882901373576604,-0.06
11.568248510360718,4,-0.025931327040795808,-0.07,-0.06
11.568248510360718,5,-0.08296216887924496,-0.03882901373576604,-0.053931722405452076
11.581884384155273,0,-0.041959844984877294,0.03882901373576604,-0.06
11.581884384155273,1,0.0054811182330116405,0.07,-0.06
11.581884384155273,2,0.05292208145090052,0.03882901373576604,-0.06
11.581884384155273,3,0.04211952406514039,-0.03882901373576604,-0.06
11.581884384155273,4,-0.0269265539242688,-0.07,-0.06
11.581884384155273,5,-0.07555902482613329,-0.03882901373576604,-0.049468715780308634
11.600810766220093,0,-0.042424368636475446,0.03882901373576604,-0.06
11.600810766220093,1,0.004838306381050346,0.07,-0.06
11.600810766220093,2,0.05210098139857614,0.03882901373576604,-0.06
11.600810766220093,3,0.041120135812452885,-0.03882901373576604,-0.06
11.600810766220093,4,-0.02810423037731945,-0.07,-0.06
11.600810766220093,5,-0.06720223768526258,-0.03882901373576604,-0.04441626298315366
11.631716966629028,0,-0.043254208883548806,0.03882901373576604,-0.06
11.631716966629028,1,0.0038241941465252498,0.07,-0.06
11.631716966629028,2,0.050902597176599354,0.03882901373576604,-0.06
11.631716966629028,3,0.039737479603024345,-0.03882901373576604,-0.06
11.631716966629028,4,-0.02967115857419972,-0.07,-0.06
11.631716966629028,5,-0.05665283382432331,-0.03882901373576604,-0.03817071614945132
11.64809250831604,0,-0.04363897735397022,0.03882901373576604,-0.06
11.64809250831604,1,0.003248863514265028,0.07,-0.06
11.64809250831604,2,0.05013670438250027,0.03882901373576604,-0.06
11.64809250831604,3,0.03878102464708645,-0.03882901373576604,-0.06
11.64809250831604,4,-0.03081817569197642,-0.07,-0.06
11.64809250831604,5,-0.049021608606053285,-0.03882901373576604,-0.03369345321797966
11.66341781616211,0,-0.043866525465079846,0.03882901373576604,-0.06
11.66341781616211,1,0.002619984841539411,0.07,-0.06
11.66341781616211,2,0.049106495148158666,0.03882901373576604,-0.06
11.66341781616211,3,0.03734948485112886,-0.03882901373576604,-0.06
11.66341781616211,4,-0.03265104604955,-0.07,-0.06
11.66341781616211,5,-0.03722894561871154,-0.03882901373576604,-0.02691711556836563
11.677114486694336,0,-0.044161948892434355,0.03882901373576604,-0.06
11.677114486694336,1,0.0021130679286785435,0.07,-0.06
11.677114486694336,2,0.04838808474979144,0.03882901373576604,-0.06
11.677114486694336,3,0.03641958096725528,-0.03882901373576604,-0.06
11.677114486694336,4,-0.033792443418929945,-0.07,-0.06
11.677114486694336,5,-0.030306138556403316,-0.03882901373576604,-0.023277160179343906
11.691160440444946,0,-0.04459589441930482,0.03882901373576604,-0.06
11.691160440444946,1,0.001679122401808077,0.07,-0.06
11.691160440444946,2,0.04795413922292097,0.03882901373576604,-0.06
11.691160440444946,3,0.035985635440384814,-0.03882901373576604,-0.06
11.691160440444946,4,-0.0342263889458004,-0.07,-0.06
11.691160440444946,5,-0.027768128161605128,-0.03882901373576604,-0.022168959491138195
11.710434675216675,0,-0.04492951789898077,0.03882901373576604,-0.06
11.710434675216675,1,0.0008988320221878643,0.07,-0.06
11.710434675216675,2,0.04672718194335649,0.03882901373576604,-0.06
11.710434675216675,3,0.03431201126087606,-0.03882901373576604,-0.06
11.710434675216675,4,-0.027407064526201855,-0.07,-0.05487559026229821
11.710434675216675,5,-0.02459020033087926,-0.03882901373576604,-0.06
11.724133729934692,0,-0.045355052360659676,0.03882901373576604,-0.06
11.724133729934692,1,0.00047329756050894933,0.07,-0.06
11.724133729934692,2,0.04630164748167759,0.03882901373576604,-0.06
11.724133729934692,3,0.03388647679919715,-0.03882901373576604,-0.06
11.724133729934692,4,-0.025007789219711102,-0.07,-0.05326501198672388
11.724133729934692,5,-0.025015734792558177,-0.03882901373576604,-0.06
11.748465061187744,0,-0.045975849338038104,0.03882901373576604,-0.06
11.748465061187744,1,-0.00038357232336918694,0.07,-0.06
11.748465061187744,2,0.04520870469129977,0.03882901373576604,-0.06
11.748465061187744,3,0.03255746110231963,-0.03882901373576604,-0.06
11.748465061187744,4,-0.0165345263604162,-0.07,-0.04745047871947262
11.748465061187744,5,-0.0265808233959354,-0.03882901373576604,-0.06
11.763148069381714,0,-0.046294369666947076,0.03882901373576604,-0.06
11.763148069381714,1,-0.0009473173725177944,0.07,-0.06
11.763148069381714,2,0.04439973492191154,0.03882901373576604,-0.06
11.763148069381714,3,0.03150326661269177,-0.03882901373576604,-0.06
11.763148069381714,4,-0.009832602053565892,-0.07,-0.04278735100638276
11.763148069381714,5,-0.02788024260580293,-0.03882901373576604,-0.06
11.776161432266235,0,-0.04670096514383371,0.03882901373576604,-0.06
11.776161432266235,1,-0.00135391284940443,0.07,-0.06
11.776161432266235,2,0.043993139445024906,0.03882901373576604,-0.06
11.776161432266235,3,0.031096671135805123,-0.03882901373576604,-0.06
11.776161432266235,4,-0.007625665796226981,-0.07,-0.04134903136222092
11.776161432266235,5,-0.028286838082689565,-0.03882901373576604,-0.06
11.793219327926636,0,-0.0472339298572801,0.03882901373576604,-0.06
11.793219327926636,1,-0.0018868775628508188,0.07,-0.06
11.793219327926636,2,0.04346017473157851,0.03882901373576604,-0.06
11.793219327926636,3,0.030563706422358727,-0.03882901373576604,-0.06
11.793219327926636,4,-0.004732817211206827,-0.07,-0.039490721881335025
11.793219327926636,5,-0.028819802796135965,-0.03882901373576604,-0.06
11.809394121170044,0,-0.047739302513887465,0.03882901373576604,-0.06
11.809394121170044,1,-0.002392250219458186,0.07,-0.06
11.809394121170044,2,0.04295480207497115,0.03882901373576604,-0.06
11.809394121170044,3,0.03005833376575136,-0.03882901373576604,-0.06
11.809394121170044,4,-0.0019897339681892307,-0.07,-0.03775948104682281
11.809394121170044,5,-0.02932517545274333,-0.03882901373576604,-0.06
11.826173305511475,0,-0.0482635590430885,0.03882901373576604,-0.06
11.826173305511475,1,-0.0029165067486592172,0.07,-0.06
11.826173305511475,2,0.04243054554577011,0.03882901373576604,-0.06
11.826173305511475,3,0.02953407723655033,-0.03882901373576604,-0.06
11.826173305511475,4,0.0008558479632669448,-0.07,-0.03599806377287742
11.826173305511475,5,-0.029849431981944362,-0.03882901373576604,-0.06
11.840840578079224,0,-0.048721830032473074,0.03882901373576604,-0.06
11.840840578079224,1,-0.0033747777380437965,0.07,-0.06
11.840840578079224,2,0.04197227455638554,0.03882901373576604,-0.06
11.840840578079224,3,0.02907580624716576,-0.03882901373576604,-0.06
11.840840578079224,4,0.0033432707695993,-0.07,-0.034489292583127315
11.840840578079224,5,-0.030307702971328936,-0.03882901373576604,-0.06
11.854496717453003,0,-0.04914850871271771,0.03882901373576604,-0.06
11.854496717453003,1,-0.00380145641828843,0.07,-0.06
11.854496717453003,2,0.0415455958761409,0.03882901373576604,-0.06
11.854496717453003,3,0.028649127566921118,-0.03882901373576604,-0.06
11.854496717453003,4,0.005659215494011345,-0.07,-0.03311216270934285
11.854496717453003,5,-0.030734381651573574,-0.03882901373576604,-0.06
11.871310949325562,0,-0.0496738602830514,0.03882901373576604,-0.06
11.871310949325562,1,-0.0043268079886221176,0.07,-0.06
11.871310949325562,2,0.041020244305807224,0.03882901373576604,-0.06
11.871310949325562,3,0.028123775996587438,-0.03882901373576604,-0.06
11.871310949325562,4,0.008510741136394724,-0.07,-0.03145533614758646
11.871310949325562,5,-0.031259733221907254,-0.03882901373576604,-0.06
11.888121604919434,0,-0.05019910011449399,0.03882901373576604,-0.06
11.888121604919434,1,-0.004852047820064712,0.07,-0.06
11.888121604919434,2,0.04049500447436462,0.03882901373576604,-0.06
11.888121604919434,3,0.02759853616514485,-0.03882901373576604,-0.06
11.888121604919434,4,0.011361660277663083,-0.07,-0.02984410118813867
11.888121604919434,5,-0.03178497305334986,-0.03882901373576604,-0.06
11.901270627975464,0,-0.05060993421998252,0.03882901373576604,-0.06
11.901270627975464,1,-0.005262881925553242,0.07,-0.06
11.901270627975464,2,0.040084170368876085,0.03882901373576604,-0.06
11.901270627975464,3,0.02718770205965632,-0.03882901373576604,-0.06
11.901270627975464,4,0.013591603143965132,-0.07,-0.0286170007204749
11.901270627975464,5,-0.03219580715883838,-0.03882901373576604,-0.06
11.91792917251587,0,-0.051130421423924224,0.03882901373576604,-0.06
11.91792917251587,1,-0.005783369129494942,0.07,-0.06
11.91792917251587,2,0.03956368316493439,0.03882901373576604,-0.06
11.91792917251587,3,0.026667214855714612,-0.03882901373576604,-0.06
11.91792917251587,4,0.016416725771141262,-0.07,-0.027106226155574654
11.91792917251587,5,-0.03271629436278009,-0.03882901373576604,-0.06
11.933843612670898,0,-0.05149968321068888,0.03882901373576604,-0.06
11.933843612670898,1,-0.006407552507138948,0.07,-0.06
11.933843612670898,2,0.038684578196410975,0.03882901373576604,-0.06
11.933843612670898,3,0.02553318829631184,-0.03882901373576604,-0.06
11.933843612670898,4,0.022812942292992168,-0.07,-0.023417254261431736
11.933843612670898,5,-0.03410524251306224,-0.03882901373576604,-0.06
11.95059585571289,0,-0.05202470756836785,0.03882901373576604,-0.06
11.95059585571289,1,-0.006932576864817915,0.07,-0.06
11.95059585571289,2,0.038159553838732006,0.03882901373576604,-0.06
11.95059585571289,3,0.025008163938632866,-0.03882901373576604,-0.06
11.95059585571289,4,0.025607453403465767,-0.07,-0.022094205355857266
11.95059585571289,5,-0.03463026687074121,-0.03882901373576604,-0.06
11.979498863220215,0,-0.05293054345634328,0.03882901373576604,-0.06
11.979498863220215,1,-0.007838412752793362,0.07,-0.06
11.979498863220215,2,0.03725371795075656,0.03882901373576604,-0.06
11.979498863220215,3,0.024102328050657436,-0.03882901373576604,-0.06
11.979498863220215,4,0.030428883907002335,-0.07,-0.019952898914979506
11.979498863220215,5,-0.03553610275871665,-0.03882901373576604,-0.06
11.996641159057617,0,-0.053467792279597276,0.03882901373576604,-0.06
11.996641159057617,1,-0.00837566157604734,0.07,-0.06
11.996641159057617,2,0.03671646912750258,0.03882901373576604,-0.06
11.996641159057617,3,0.023565079227403446,-0.03882901373576604,-0.06
11.996641159057617,4,0.033288461341293735,-0.07,-0.018770894474606094
11.996641159057617,5,-0.036073351581970635,-0.03882901373576604,-0.06
12.024702072143555,0,-0.05434723647294499,0.03882901373576604,-0.06
12.024702072143555,1,-0.009255105769395065,0.07,-0.06
12.024702072143555,2,0.03583702493415487,0.03882901373576604,-0.06
12.024702072143555,3,0.026212938889010606,-0.03882901373576604,-0.05789284376014323
12.024702072143555,4,0.03444211472842985,-0.07,-0.06
12.024702072143555,5,-0.03695279577531835,-0.03882901373576604,-0.06
12.04274034500122,0,-0.05491256570061884,0.03882901373576604,-0.06
12.04274034500122,1,-0.009820434997068916,0.07,-0.06
12.04274034500122,2,0.03527169570648101,0.03882901373576604,-0.06
12.04274034500122,3,0.029221977964443424,-0.03882901373576604,-0.05576140825395519
12.04274034500122,4,0.03387678550075599,-0.07,-0.06
12.04274034500122,5,-0.0375181250029922,-0.03882901373576604,-0.06
12.049377918243408,0,-0.05512059083607629,0.03882901373576604,-0.06
12.049377918243408,1,-0.010028460132526371,0.07,-0.06
12.049377918243408,2,0.03506367057102355,0.03882901373576604,-0.06
12.049377918243408,3,0.03032921907391036,-0.03882901373576604,-0.05497884098842296
12.049377918243408,4,0.03366876036529854,-0.07,-0.06
12.049377918243408,5,-0.037726150138449654,-0.03882901373576604,-0.06
12.079074382781982,0,-0.05605129409656618,0.03882901373576604,-0.06
12.079074382781982,1,-0.010959163393016261,0.07,-0.06
12.079074382781982,2,0.03413296731053367,0.03882901373576604,-0.06
12.079074382781982,3,0.035283009434210796,-0.03882901373576604,-0.051495565883035874
12.079074382781982,4,0.03273805710480865,-0.07,-0.06
12.079074382781982,5,-0.038656853398939546,-0.03882901373576604,-0.06
12.109496116638184,0,-0.05700472768974507,0.03882901373576604,-0.06
12.109496116638184,1,-0.011912596986195142,0.07,-0.06
12.109496116638184,2,0.033179533717354784,0.03882901373576604,-0.06
12.109496116638184,3,0.04035778497608444,-0.03882901373576604,-0.04797096111380644
12.109496116638184,4,0.031784623511629764,-0.07,-0.06
12.109496116638184,5,-0.03961028699211844,-0.03882901373576604,-0.06
12.134792566299438,0,-0.05779753210415496,0.03882901373576604,-0.06
12.134792566299438,1,-0.012705401400605035,0.07,-0.06
12.134792566299438,2,0.032386729302944894,0.03882901373576604,-0.06
12.134792566299438,3,0.0445775906138557,-0.03882901373576604,-0.0450869122106442
12.134792566299438,4,0.030991819097219875,-0.07,-0.06
12.134792566299438,5,-0.04040309140652832,-0.03882901373576604,-0.06
12.15131688117981,0,-0.058315413069969804,0.03882901373576604,-0.06
12.15131688117981,1,-0.013223282366419875,0.07,-0.06
12.15131688117981,2,0.03186884833713005,0.03882901373576604,-0.06
12.15131688117981,3,0.04733408008278295,-0.03882901373576604,-0.043231226955284405
12.15131688117981,4,0.03047393813140503,-0.07,-0.06
12.15131688117981,5,-0.04092097237234316,-0.03882901373576604,-0.06
12.167841672897339,0,-0.05883330898011909,0.03882901373576604,-0.06
12.167841672897339,1,-0.013741178276569158,0.07,-0.06
12.167841672897339,2,0.031350952426980765,0.03882901373576604,-0.06
12.167841672897339,3,0.050090649094893344,-0.03882901373576604,-0.041401165236401485
12.167841672897339,4,0.02995604222125575,-0.07,-0.06
12.167841672897339,5,-0.04143886828249245,-0.03882901373576604,-0.06
12.181102991104126,0,-0.05924892586533513,0.03882901373576604,-0.06
12.181102991104126,1,-0.014156795161785191,0.07,-0.06
12.181102991104126,2,0.03093533554176473,0.03882901373576604,-0.06
12.181102991104126,3,0.05230282456151584,-0.03882901373576604,-0.03995298800696526
12.181102991104126,4,0.029540425336039712,-0.07,-0.06
12.181102991104126,5,-0.04185448516770848,-0.03882901373576604,-0.06
12.199185609817505,0,-0.05981564491611224,0.03882901373576604,-0.06
12.199185609817505,1,-0.01472351421256232,0.07,-0.06
12.199185609817505,2,0.03036861649098761,0.03882901373576604,-0.06
12.199185609817505,3,0.05531926115298173,-0.03882901373576604,-0.038010444516356184
12.199185609817505,4,0.028973706285262586,-0.07,-0.06
12.199185609817505,5,-0.04242120421848561,-0.03882901373576604,-0.06
12.229477643966675,0,-0.06076501365032243,0.03882901373576604,-0.06
12.229477643966675,1,-0.015672882946772496,0.07,-0.06
12.229477643966675,2,0.029419247756777428,0.03882901373576604,-0.06
12.229477643966675,3,0.060372400949038216,-0.03882901373576604,-0.03484839864486204
12.229477643966675,4,0.028024337551052412,-0.07,-0.06
12.229477643966675,5,-0.043370572952695786,-0.03882901373576604,-0.06
12.2572603225708,0,-0.061635737824522197,0.03882901373576604,-0.06
12.2572603225708,1,-0.016543607120972272,0.07,-0.06
12.2572603225708,2,0.028548523582577652,0.03882901373576604,-0.06
12.2572603225708,3,0.06500694474376066,-0.03882901373576604,-0.032061657559942155
12.2572603225708,4,0.02715361337685264,-0.07,-0.06
12.2572603225708,5,-0.04424129712689556,-0.03882901373576604,-0.06
12.27312707901001,0,-0.06213301055313906,0.03882901373576604,-0.06
12.27312707901001,1,-0.01704087984958913,0.07,-0.06
12.27312707901001,2,0.02805125085396079,0.03882901373576604,-0.06
12.27312707901001,3,0.06765374416312218,-0.03882901373576604,-0.030523629681629843
12.27312707901001,4,0.02665634064823577,-0.07,-0.06
12.27312707901001,5,-0.04473856985551242,-0.03882901373576604,-0.06
12.290338516235352,0,-0.0626724263048874,0.03882901373576604,-0.06
12.290338516235352,1,-0.017580295601337458,0.07,-0.06
12.290338516235352,2,0.027511835102212466,0.03882901373576604,-0.06
12.290338516235352,3,0.07052485535897055,-0.03882901373576604,-0.028902377267701545
12.290338516235352,4,0.026116924896487443,-0.07,-0.06
12.290338516235352,5,-0.04527798560726075,-0.03882901373576604,-0.06
12.305016040802002,0,-0.06313242786340147,0.03882901373576604,-0.06
12.305016040802002,1,-0.018040297159851528,0.07,-0.06
12.305016040802002,2,0.027051833543698393,0.03882901373576604,-0.06
12.305016040802002,3,0.07297327407955256,-0.03882901373576604,-0.027560517546951276
12.305016040802002,4,0.02565692333797337,-0.07,-0.06
12.305016040802002,5,-0.045737987165774825,-0.03882901373576604,-0.06
12.320027351379395,0,-0.06360289045602618,0.03882901373576604,-0.06
12.320027351379395,1,-0.018510759752476253,0.07,-0.06
12.320027351379395,2,0.02658137095107367,0.03882901373576604,-0.06
12.320027351379395,3,0.07547737302834055,-0.03882901373576604,-0.026228691065976716
12.320027351379395,4,0.025186460745348655,-0.07,-0.06
12.320027351379395,5,-0.04620844975839955,-0.03882901373576604,-0.06
12.338130235671997,0,-0.06417024464101716,0.03882901373576604,-0.06
12.338130235671997,1,-0.01907811393746724,0.07,-0.06
12.338130235671997,2,0.026014016766082684,0.03882901373576604,-0.06
12.338130235671997,3,0.07849719020509038,-0.03882901373576604,-0.024679488504521833
12.338130235671997,4,0.024619106560357668,-0.07,-0.06
12.338130235671997,5,-0.04677580394339054,-0.03882901373576604,-0.06
12.358262777328491,0,-0.0648012093855681,0.03882901373576604,-0.06
12.358262777328491,1,-0.019709078682018183,0.07,-0.06
12.358262777328491,2,0.025383052021531738,0.03882901373576604,-0.06
12.358262777328491,3,0.08185558294092399,-0.03882901373576604,-0.023032944007761125
12.358262777328491,4,0.023988141815806722,-0.07,-0.06
12.358262777328491,5,-0.047406768687941477,-0.03882901373576604,-0.06
12.38355541229248,0,-0.06559389424530244,0.03882901373576604,-0.06
12.38355541229248,1,-0.020501763541752524,0.07,-0.06
12.38355541229248,2,0.024590367161797397,0.03882901373576604,-0.06
12.38355541229248,3,0.08607475223323002,-0.03882901373576604,-0.02108389128736788
12.38355541229248,4,0.023195456956072384,-0.07,-0.06
12.38355541229248,5,-0.04819945354767581,-0.03882901373576604,-0.06
12.412221193313599,0,-0.0664922953268921,0.03882901373576604,-0.06
12.412221193313599,1,-0.021400164623342186,0.07,-0.06
12.412221193313599,2,0.023691966080207752,0.03882901373576604,-0.06
12.412221193313599,3,0.09085661000314878,-0.03882901373576604,-0.01904400160121214
12.412221193313599,4,0.022297055874482725,-0.07,-0.06
12.412221193313599,5,-0.04909785462926547,-0.03882901373576604,-0.06
12.426231145858765,0,-0.06693137481718489,0.03882901373576604,-0.06
12.426231145858765,1,-0.021839244113634963,0.07,-0.06
12.426231145858765,2,0.02325288658991498,0.03882901373576604,-0.06
12.426231145858765,3,0.09319366826731891,-0.03882901373576604,-0.01811512699798131
12.426231145858765,4,0.021857976384189952,-0.07,-0.06
12.426231145858765,5,-0.04953693411955825,-0.03882901373576604,-0.06
12.4438796043396,0,-0.06748448705145094,0.03882901373576604,-0.06
12.4438796043396,1,-0.022392356347901016,0.07,-0.06
12.4438796043396,2,0.02613768049250232,0.03882901373576604,-0.057946218114504865
12.4438796043396,3,0.09269977465367214,-0.03882901373576604,-0.06
12.4438796043396,4,0.021304864149923896,-0.07,-0.06
12.4438796043396,5,-0.0500900463538243,-0.03882901373576604,-0.06
12.458224296569824,0,-0.06793405746452325,0.03882901373576604,-0.06
12.458224296569824,1,-0.02284192676097332,0.07,-0.06
12.458224296569824,2,0.028530578071244702,0.03882901373576604,-0.05625061394371838
12.458224296569824,3,0.09225020424059983,-0.03882901373576604,-0.06
12.458224296569824,4,0.02085529373685158,-0.07,-0.06
12.458224296569824,5,-0.05053961676689661,-0.03882901373576604,-0.06
12.473607778549194,0,-0.06841618411018134,0.03882901373576604,-0.06
12.473607778549194,1,-0.023324053406631417,0.07,-0.06
12.473607778549194,2,0.03109676047448232,0.03882901373576604,-0.054437080541059536
12.473607778549194,3,0.09176807759494174,-0.03882901373576604,-0.06
12.473607778549194,4,0.02037316709119349,-0.07,-0.06
12.473607778549194,5,-0.05102174341255471,-0.03882901373576604,-0.06
12.48876404762268,0,-0.06889118978047697,0.03882901373576604,-0.06
12.48876404762268,1,-0.023799059076927042,0.07,-0.06
12.48876404762268,2,0.03362504055094831,0.03882901373576604,-0.05265754099090871
12.48876404762268,3,0.09129307192464611,-0.03882901373576604,-0.06
12.48876404762268,4,0.019898161420897863,-0.07,-0.06
12.48876404762268,5,-0.05149674908285034,-0.03882901373576604,-0.06
12.504092454910278,0,-0.0693715903555068,0.03882901373576604,-0.06
12.504092454910278,1,-0.024279459651956884,0.07,-0.06
12.504092454910278,2,0.03618203571653195,0.03882901373576604,-0.05086741905667258
12.504092454910278,3,0.09081267134961628,-0.03882901373576604,-0.06
12.504092454910278,4,0.019417760845868024,-0.07,-0.06
12.504092454910278,5,-0.051977149657880174,-0.03882901373576604,-0.06
12.521269083023071,0,-0.06990991517084075,0.03882901373576604,-0.06
12.521269083023071,1,-0.02481778446729082,0.07,-0.06
12.521269083023071,2,0.039047340260010256,0.03882901373576604,-0.048875862227031996
12.521269083023071,3,0.09027434653428235,-0.03882901373576604,-0.06
12.521269083023071,4,0.018879436030534085,-0.07,-0.06
12.521269083023071,5,-0.0525154744732141,-0.03882901373576604,-0.06
12.539135694503784,0,-0.07046986443811483,0.03882901373576604,-0.06
12.539135694503784,1,-0.025377733734564905,0.07,-0.06
12.539135694503784,2,0.04202774378950859,0.03882901373576604,-0.04682387920894819
12.539135694503784,3,0.08971439726700825,-0.03882901373576604,-0.06
12.539135694503784,4,0.018319486763259996,-0.07,-0.06
12.539135694503784,5,-0.053075423740488195,-0.03882901373576604,-0.06
12.567019701004028,0,-0.0713437642833839,0.03882901373576604,-0.06
12.567019701004028,1,-0.02625163357983398,0.07,-0.06
12.567019701004028,2,0.046679190510650705,0.03882901373576604,-0.043669882667060685
12.567019701004028,3,0.08884049742173918,-0.03882901373576604,-0.06
12.567019701004028,4,0.017445586917990922,-0.07,-0.06
12.567019701004028,5,-0.053949323585757276,-0.03882901373576604,-0.06
12.583159446716309,0,-0.07184959264346984,0.03882901373576604,-0.06
12.583159446716309,1,-0.026757461939919916,0.07,-0.06
12.583159446716309,2,0.049371528402366374,0.03882901373576604,-0.04187595017954014
12.583159446716309,3,0.08833466906165324,-0.03882901373576604,-0.06
12.583159446716309,4,0.016939758557904992,-0.07,-0.06
12.583159446716309,5,-0.0544551519458432,-0.03882901373576604,-0.06
12.599350214004517,0,-0.07235702004734125,0.03882901373576604,-0.06
12.599350214004517,1,-0.02726488934379133,0.07,-0.06
12.599350214004517,2,0.052072377414679245,0.03882901373576604,-0.04010294966149762
12.599350214004517,3,0.08782724165778183,-0.03882901373576604,-0.06
12.599350214004517,4,0.016432331154033575,-0.07,-0.06
12.599350214004517,5,-0.054962579349714616,-0.03882901373576604,-0.06
12.628111362457275,0,-0.07325840999581967,0.03882901373576604,-0.06
12.628111362457275,1,-0.02816627929226974,0.07,-0.06
12.628111362457275,2,0.056870143821228285,0.03882901373576604,-0.03702716963828745
12.628111362457275,3,0.08692585170930342,-0.03882901373576604,-0.06
12.628111362457275,4,0.015530941205555166,-0.07,-0.06
12.628111362457275,5,-0.055863969298193025,-0.03882901373576604,-0.06
12.643808364868164,0,-0.07375036254137454,0.03882901373576604,-0.06
12.643808364868164,1,-0.028658231837824618,0.07,-0.06
12.643808364868164,2,0.05948862586738793,0.03882901373576604,-0.03539254473194148
12.643808364868164,3,0.08643389916374854,-0.03882901373576604,-0.06
12.643808364868164,4,0.015038988660000287,-0.07,-0.06
12.643808364868164,5,-0.05635592184374791,-0.03882901373576604,-0.06
12.659745931625366,0,-0.07424985450365632,0.03882901373576604,-0.06
12.659745931625366,1,-0.029157723800106384,0.07,-0.06
12.659745931625366,2,0.062147237449447425,0.03882901373576604,-0.03376766599624274
12.659745931625366,3,0.08593440720146678,-0.03882901373576604,-0.06
12.659745931625366,4,0.01453949669771852,-0.07,-0.06
12.659745931625366,5,-0.056855413806029674,-0.03882901373576604,-0.06
12.675415992736816,0,-0.07474096269431513,0.03882901373576604,-0.06
12.675415992736816,1,-0.029648831990765193,0.07,-0.06
12.675415992736816,2,0.06476122530575901,0.03882901373576604,-0.03220647715503054
12.675415992736816,3,0.08544329901080797,-0.03882901373576604,-0.06
12.675415992736816,4,0.014048388507059712,-0.07,-0.06
12.675415992736816,5,-0.05734652199668848,-0.03882901373576604,-0.06
12.689302921295166,0,-0.0751761865463214,0.03882901373576604,-0.06
12.689302921295166,1,-0.030084055842771473,0.07,-0.06
12.689302921295166,2,0.06707776142867608,0.03882901373576604,-0.03085485893693347
12.689302921295166,3,0.08500807515880168,-0.03882901373576604,-0.06
12.689302921295166,4,0.013613164655053434,-0.07,-0.06
12.689302921295166,5,-0.05778174584869476,-0.03882901373576604,-0.06
12.705080509185791,0,-0.07567066468439729,0.03882901373576604,-0.06
12.705080509185791,1,-0.030578533980847356,0.07,-0.06
12.705080509185791,2,0.0697096862727883,0.03882901373576604,-0.02935754939938658
12.705080509185791,3,0.0845135970207258,-0.03882901373576604,-0.06
12.705080509185791,4,0.013118686516977557,-0.07,-0.06
12.705080509185791,5,-0.05827622398677064,-0.03882901373576604,-0.06
12.719632148742676,0,-0.07612672093861819,0.03882901373576604,-0.06
12.719632148742676,1,-0.031034590235068268,0.07,-0.06
12.719632148742676,2,0.07213710559301838,0.03882901373576604,-0.028014455031789502
12.719632148742676,3,0.0840575407665049,-0.03882901373576604,-0.06
12.719632148742676,4,0.012662630262756644,-0.07,-0.06
12.719632148742676,5,-0.05873228024099156,-0.03882901373576604,-0.06
12.738357782363892,0,-0.07671359242439275,0.03882901373576604,-0.06
12.738357782363892,1,-0.031621461720842826,0.07,-0.06
12.738357782363892,2,0.07526080616696387,0.03882901373576604,-0.026342211946856327
12.738357782363892,3,0.08347066928073034,-0.03882901373576604,-0.06
12.738357782363892,4,0.012075758776982075,-0.07,-0.06
12.738357782363892,5,-0.05931915172676611,-0.03882901373576604,-0.06
12.767827033996582,0,-0.0776371747095202,0.03882901373576604,-0.06
12.767827033996582,1,-0.032545044005970254,0.07,-0.06
12.767827033996582,2,0.0801766942004927,0.03882901373576604,-0.023845792890495175
12.767827033996582,3,0.0825470869956029,-0.03882901373576604,-0.06
12.767827033996582,4,0.011152176491854645,-0.07,-0.06
12.767827033996582,5,-0.06024273401189355,-0.03882901373576604,-0.06
12.78276252746582,0,-0.07810526115296834,0.03882901373576604,-0.06
12.78276252746582,1,-0.033013130449418414,0.07,-0.06
12.78276252746582,2,0.08266814578315959,0.03882901373576604,-0.022647047650339126
12.78276252746582,3,0.08207900055215475,-0.03882901373576604,-0.06
12.78276252746582,4,0.01068409004840649,-0.07,-0.06
12.78276252746582,5,-0.0607108204553417,-0.03882901373576604,-0.06
12.798351287841797,0,-0.07859382133460449,0.03882901373576604,-0.06
12.798351287841797,1,-0.033501690631054556,0.07,-0.06
12.798351287841797,2,0.08526857152674389,0.03882901373576604,-0.02144572848635931
12.798351287841797,3,0.0815904403705186,-0.03882901373576604,-0.06
12.798351287841797,4,0.010195529866770353,-0.07,-0.06
12.798351287841797,5,-0.06119938063697785,-0.03882901373576604,-0.06
12.813602924346924,0,-0.07907181587178887,0.03882901373576604,-0.06
12.813602924346924,1,-0.03397968516823894,0.07,-0.06
12.813602924346924,2,0.08781276023984015,0.03882901373576604,-0.020321224860378073
12.813602924346924,3,0.08111244583333421,-0.03882901373576604,-0.06
12.813602924346924,4,0.009717535329585964,-0.07,-0.06
12.813602924346924,5,-0.06167737517416223,-0.03882901373576604,-0.06
12.829629898071289,0,-0.07957410989677885,0.03882901373576604,-0.06
12.829629898071289,1,-0.034481979193228915,0.07,-0.06
12.829629898071289,2,0.09048628616874052,0.03882901373576604,-0.01919535312262676
12.829629898071289,3,0.08061015180834424,-0.03882901373576604,-0.06
12.829629898071289,4,0.00921524130459599,-0.07,-0.06
12.829629898071289,5,-0.06217966919915221,-0.03882901373576604,-0.06
12.858149290084839,0,-0.08046792306769426,0.03882901373576604,-0.06
12.858149290084839,1,-0.0329997967202404,0.07,-0.05858038762159223
12.858149290084839,2,0.09286772853752795,0.03882901373576604,-0.06
12.858149290084839,3,0.07971633863742883,-0.03882901373576604,-0.06
12.858149290084839,4,0.008321428133680574,-0.07,-0.06
12.858149290084839,5,-0.06307348237006762,-0.03882901373576604,-0.06
12.872523784637451,0,-0.0809184275016693,0.03882901373576604,-0.06
12.872523784637451,1,-0.030601927692551063,0.07,-0.05688014694081274
12.872523784637451,2,0.09241722410355291,0.03882901373576604,-0.06
12.872523784637451,3,0.07926583420345377,-0.03882901373576604,-0.06
12.872523784637451,4,0.007870923699705521,-0.07,-0.06
12.872523784637451,5,-0.06352398680404267,-0.03882901373576604,-0.06
12.889524936676025,0,-0.08145125280192793,0.03882901373576604,-0.06
12.889524936676025,1,-0.027765895040472454,0.07,-0.054874041452359
12.889524936676025,2,0.0918843988032943,0.03882901373576604,-0.06
12.889524936676025,3,0.07873300890319515,-0.03882901373576604,-0.06
12.889524936676025,4,0.007338098399446904,-0.07,-0.06
12.889524936676025,5,-0.0640568121043013,-0.03882901373576604,-0.06
12.906212329864502,0,-0.08197424473012255,0.03882901373576604,-0.06
12.906212329864502,1,-0.02498220180290744,0.07,-0.052913019168096105
12.906212329864502,2,0.09136140687509967,0.03882901373576604,-0.06
12.906212329864502,3,0.07821001697500055,-0.03882901373576604,-0.06
12.906212329864502,4,0.00681510647125229,-0.07,-0.06
12.906212329864502,5,-0.06457980403249591,-0.03882901373576604,-0.06
12.92084550857544,0,-0.08243285646553335,0.03882901373576604,-0.06
12.92084550857544,1,-0.022541180598358485,0.07,-0.051202402321938706
12.92084550857544,2,0.09090279513968888,0.03882901373576604,-0.06
12.92084550857544,3,0.07775140523958975,-0.03882901373576604,-0.06
12.92084550857544,4,0.0063564947358414866,-0.07,-0.06
12.92084550857544,5,-0.06503841576790671,-0.03882901373576604,-0.06
12.937731266021729,0,-0.08296206523685658,0.03882901373576604,-0.06
12.937731266021729,1,-0.01972439739660251,0.07,-0.04924171819899825
12.937731266021729,2,0.09037358636836565,0.03882901373576604,-0.06
12.937731266021729,3,0.0772221964682665,-0.03882901373576604,-0.06
12.937731266021729,4,0.005827285964518263,-0.07,-0.06
12.937731266021729,5,-0.06556762453922994,-0.03882901373576604,-0.06
12.967325687408447,0,-0.0838895704097755,0.03882901373576604,-0.06
12.967325687408447,1,-0.014787629277496465,0.07,-0.04584874559206095
12.967325687408447,2,0.08944608119544672,0.03882901373576604,-0.06
12.967325687408447,3,0.07629469129534758,-0.03882901373576604,-0.06
12.967325687408447,4,0.004899780791599334,-0.07,-0.06
12.967325687408447,5,-0.06649512971214887,-0.03882901373576604,-0.06
12.983490228652954,0,-0.08439617587525251,0.03882901373576604,-0.06
12.983490228652954,1,-0.012091155140256916,0.07,-0.04402378494936203
12.983490228652954,2,0.08893947572996971,0.03882901373576604,-0.06
12.983490228652954,3,0.07578808582987058,-0.03882901373576604,-0.06
12.983490228652954,4,0.004393175326122331,-0.07,-0.06
12.983490228652954,5,-0.06700173517762587,-0.03882901373576604,-0.06
12.99928331375122,0,-0.08489113970419782,0.03882901373576604,-0.06
12.99928331375122,1,-0.009456645142692281,0.07,-0.0422633499416835
12.99928331375122,2,0.08844451190102441,0.03882901373576604,-0.06
12.99928331375122,3,0.07529312200092528,-0.03882901373576604,-0.06
12.99928331375122,4,0.0038982114971770265,-0.07,-0.06
12.99928331375122,5,-0.06749669900657118,-0.03882901373576604,-0.06
13.028095960617065,0,-0.08579414364079616,0.03882901373576604,-0.06
13.028095960617065,1,-0.004650288072362892,0.07,-0.039117275217901884
13.028095960617065,2,0.08754150796442607,0.03882901373576604,-0.06
13.028095960617065,3,0.07439011806432694,-0.03882901373576604,-0.06
13.028095960617065,4,0.0029952075605786913,-0.07,-0.06
13.028095960617065,5,-0.06839970294316951,-0.03882901373576604,-0.06
13.04271912574768,0,-0.08625244154518363,0.03882901373576604,-0.06
13.04271912574768,1,-0.00221093727466012,0.07,-0.037556838454265946
13.04271912574768,2,0.0870832100600386,0.03882901373576604,-0.06
13.04271912574768,3,0.07393182015993946,-0.03882901373576604,-0.06
13.04271912574768,4,0.002536909656191207,-0.07,-0.06
13.04271912574768,5,-0.068858000847557,-0.03882901373576604,-0.06
13.05774211883545,0,-0.08672327027400221,0.03882901373576604,-0.06
13.05774211883545,1,0.0002951104821150712,0.07,-0.03598178013510672
13.05774211883545,2,0.08661238133122,0.03882901373576604,-0.06
13.05774211883545,3,0.07346099143112086,-0.03882901373576604,-0.06
13.05774211883545,4,0.002066080927372615,-0.07,-0.06
13.05774211883545,5,-0.0693288295763756,-0.03882901373576604,-0.06
13.072249174118042,0,-0.08717792923295264,0.03882901373576604,-0.06
13.072249174118042,1,0.0027150925147204847,0.07,-0.03448964277642391
13.072249174118042,2,0.08615772237226958,0.03882901373576604,-0.06
13.072249174118042,3,0.07300633247217045,-0.03882901373576604,-0.06
13.072249174118042,4,0.0016114219684221969,-0.07,-0.06
13.072249174118042,5,-0.06978348853532601,-0.03882901373576604,-0.06
13.089266538619995,0,-0.08771126264058235,0.03882901373576604,-0.06
13.089266538619995,1,0.0055538296350262405,0.07,-0.032777804734570634
13.089266538619995,2,0.08562438896463986,0.03882901373576604,-0.06
13.089266538619995,3,0.07247299906454073,-0.03882901373576604,-0.06
13.089266538619995,4,0.0010780885607924835,-0.07,-0.06
13.089266538619995,5,-0.07031682194295572,-0.03882901373576604,-0.06
13.10379695892334,0,-0.08816665387192052,0.03882901373576604,-0.06
13.10379695892334,1,0.007977709283606076,0.07,-0.03135101981942244
13.10379695892334,2,0.08516899773330171,0.03882901373576604,-0.06
13.10379695892334,3,0.07201760783320257,-0.03882901373576604,-0.06
13.10379695892334,4,0.0006226973294543169,-0.07,-0.06
13.10379695892334,5,-0.07077221317429389,-0.03882901373576604,-0.06
13.119852542877197,0,-0.08866984455697711,0.03882901373576604,-0.06
13.119852542877197,1,0.010656007803495538,0.07,-0.029813989498778854
13.119852542877197,2,0.0846658070482451,0.03882901373576604,-0.06
13.119852542877197,3,0.07151441714814596,-0.03882901373576604,-0.06
13.119852542877197,4,0.00011950664439771291,-0.07,-0.06
13.119852542877197,5,-0.07127540385935048,-0.03882901373576604,-0.06
13.13806438446045,0,-0.08924061352238852,0.03882901373576604,-0.06
13.13806438446045,1,0.013694000597595455,0.07,-0.028123473721734377
13.13806438446045,2,0.08409503808283371,0.03882901373576604,-0.06
13.13806438446045,3,0.07094364818273458,-0.03882901373576604,-0.06
13.13806438446045,4,-0.00045126232101367264,-0.07,-0.06
13.13806438446045,5,-0.07184617282476187,-0.03882901373576604,-0.06
13.143064260482788,0,-0.0893973123411988,0.03882901373576604,-0.06
13.143064260482788,1,0.014528050644529045,0.07,-0.027669601652658776
13.143064260482788,2,0.08393833926402343,0.03882901373576604,-0.06
13.143064260482788,3,0.0707869493639243,-0.03882901373576604,-0.06
13.143064260482788,4,-0.0006079611398239511,-0.07,-0.06
13.143064260482788,5,-0.07200287164357215,-0.03882901373576604,-0.06
13.166225671768188,0,-0.09012320349813664,0.03882901373576604,-0.06
13.166225671768188,1,0.018391701679740077,0.07,-0.025627206979611884
13.166225671768188,2,0.08321244810708558,0.03882901373576604,-0.06
13.166225671768188,3,0.07006105820698644,-0.03882901373576604,-0.06
13.166225671768188,4,-0.0013338522967618132,-0.07,-0.06
13.166225671768188,5,-0.07272876280051001,-0.03882901373576604,-0.06
13.183465003967285,0,-0.09066349349344995,0.03882901373576604,-0.06
13.183465003967285,1,0.02126746615180279,0.07,-0.024173813439742085
13.183465003967285,2,0.08267215811177228,0.03882901373576604,-0.06
13.183465003967285,3,0.06952076821167315,-0.03882901373576604,-0.06
13.183465003967285,4,-0.0018741422920751007,-0.07,-0.06
13.183465003967285,5,-0.0732690527958233,-0.03882901373576604,-0.06
13.198657512664795,0,-0.0911396349331633,0.03882901373576604,-0.06
13.198657512664795,1,0.02380179151018829,0.07,-0.022942397122743548
13.198657512664795,2,0.08219601667205892,0.03882901373576604,-0.06
13.198657512664795,3,0.06904462677195979,-0.03882901373576604,-0.06
13.198657512664795,4,-0.002350283731788455,-0.07,-0.06
13.198657512664795,5,-0.07374519423553666,-0.03882901373576604,-0.06
13.21642518043518,0,-0.09169648325104031,0.03882901373576604,-0.06
13.21642518043518,1,0.026765689829182718,0.07,-0.021563213232651403
13.21642518043518,2,0.08163916835418192,0.03882901373576604,-0.06
13.21642518043518,3,0.06848777845408278,-0.03882901373576604,-0.06
13.21642518043518,4,-0.002907132049665469,-0.07,-0.06
13.21642518043518,5,-0.07430204255341366,-0.03882901373576604,-0.06
13.230518102645874,0,-0.0921381630555263,0.03882901373576604,-0.06
13.230518102645874,1,0.02911658860722117,0.07,-0.02051754781072957
13.230518102645874,2,0.08119748854969593,0.03882901373576604,-0.06
13.230518102645874,3,0.06804609864959679,-0.03882901373576604,-0.06
13.230518102645874,4,-0.003348811854151463,-0.07,-0.06
13.230518102645874,5,-0.07474372235789965,-0.03882901373576604,-0.06
13.246177196502686,0,-0.0926289275264929,0.03882901373576604,-0.06
13.246177196502686,1,0.031728746970320285,0.07,-0.0194073010135873
13.246177196502686,2,0.08070672407872932,0.03882901373576604,-0.06
13.246177196502686,3,0.06755533417863019,-0.03882901373576604,-0.06
13.246177196502686,4,-0.003839576325118053,-0.07,-0.06
13.246177196502686,5,-0.07523448682886626,-0.03882901373576604,-0.06
13.26244044303894,0,-0.09313862646919976,0.03882901373576604,-0.06
13.26244044303894,1,0.034441686546472165,0.07,-0.018313327743863635
13.26244044303894,2,0.08019702513602245,0.03882901373576604,-0.06
13.26244044303894,3,0.06704563523592331,-0.03882901373576604,-0.06
13.26244044303894,4,-0.0043492752678249225,-0.07,-0.06
13.26244044303894,5,-0.07574418577157313,-0.03882901373576604,-0.06
13.289732694625854,0,-0.0892491007243488,0.03882901373576604,-0.05716616263756776
13.289732694625854,1,0.03424954050624819,0.07,-0.06
13.289732694625854,2,0.07934167120979813,0.03882901373576604,-0.06
13.289732694625854,3,0.06619028130969898,-0.03882901373576604,-0.06
13.289732694625854,4,-0.005204629194049271,-0.07,-0.06
13.289732694625854,5,-0.07659953969779747,-0.03882901373576604,-0.06
13.307404518127441,0,-0.0863011905851678,0.03882901373576604,-0.05508010400767283
13.307404518127441,1,0.033695695999594384,0.07,-0.06
13.307404518127441,2,0.07878782670314431,0.03882901373576604,-0.06
13.307404518127441,3,0.06563643680304518,-0.03882901373576604,-0.06
13.307404518127441,4,-0.005758473700703069,-0.07,-0.06
13.307404518127441,5,-0.07715338420445127,-0.03882901373576604,-0.06
13.321571826934814,0,-0.08393788307055773,0.03882901373576604,-0.053413781747370194
13.321571826934814,1,0.033251684878935164,0.07,-0.06
13.321571826934814,2,0.07834381558248509,0.03882901373576604,-0.06
13.321571826934814,3,0.06519242568238595,-0.03882901373576604,-0.06
13.321571826934814,4,-0.006202484821362302,-0.07,-0.06
13.321571826934814,5,-0.07759739532511051,-0.03882901373576604,-0.06
13.337777614593506,0,-0.08123452844797559,0.03882901373576604,-0.051516898685532164
13.337777614593506,1,0.03274378672852877,0.07,-0.06
13.337777614593506,2,0.0778359174320787,0.03882901373576604,-0.06
13.337777614593506,3,0.06468452753197956,-0.03882901373576604,-0.06
13.337777614593506,4,-0.006710382971768686,-0.07,-0.06
13.337777614593506,5,-0.07810529347551688,-0.03882901373576604,-0.06
13.35447883605957,0,-0.07844852845809919,0.03882901373576604,-0.049575126864186345
13.35447883605957,1,0.03222036141463528,0.07,-0.06
13.35447883605957,2,0.07731249211818521,0.03882901373576604,-0.06
13.35447883605957,3,0.06416110221808607,-0.03882901373576604,-0.06
13.35447883605957,4,-0.007233808285662174,-0.07,-0.06
13.35447883605957,5,-0.07862871878941037,-0.03882901373576604,-0.06
13.371277570724487,0,-0.07564626188726833,0.03882901373576604,-0.04763847254039247
13.371277570724487,1,0.03169387998434805,0.07,-0.06
13.371277570724487,2,0.07678601068789798,0.03882901373576604,-0.06
13.371277570724487,3,0.06363462078779884,-0.03882901373576604,-0.06
13.371277570724487,4,-0.007760289715949419,-0.07,-0.06
13.371277570724487,5,-0.07915520021969762,-0.03882901373576604,-0.06
13.384509801864624,0,-0.07343893855481808,0.03882901373576604,-0.04612660625537432
13.384509801864624,1,0.03127917470353308,0.07,-0.06
13.384509801864624,2,0.076371305407083,0.03882901373576604,-0.06
13.384509801864624,3,0.06321991550698387,-0.03882901373576604,-0.06
13.384509801864624,4,-0.00817499499676438,-0.07,-0.06
13.384509801864624,5,-0.07956990550051257,-0.03882901373576604,-0.06
13.401391983032227,0,-0.07062275192693573,0.03882901373576604,-0.04421768346360281
13.401391983032227,1,0.030750078014718178,0.07,-0.06
13.401391983032227,2,0.0758422087182681,0.03882901373576604,-0.06
13.401391983032227,3,0.06269081881816897,-0.03882901373576604,-0.06
13.401391983032227,4,-0.008704091685579287,-0.07,-0.06
13.401391983032227,5,-0.08009900218932747,-0.03882901373576604,-0.06
13.416536331176758,0,-0.06809646043004852,0.03882901373576604,-0.04252663716321708
13.416536331176758,1,0.03027544595278364,0.07,-0.06
13.416536331176758,2,0.07536757665633356,0.03882901373576604,-0.06
13.416536331176758,3,0.06221618675623443,-0.03882901373576604,-0.06
13.416536331176758,4,-0.009178723747513821,-0.07,-0.06
13.416536331176758,5,-0.08057363425126202,-0.03882901373576604,-0.06
13.433777570724487,0,-0.06522037778525319,0.03882901373576604,-0.04062892505770656
13.433777570724487,1,0.02973509618013257,0.07,-0.06
13.433777570724487,2,0.0748272268836825,0.03882901373576604,-0.06
13.433777570724487,3,0.06167583698358337,-0.03882901373576604,-0.06
13.433777570724487,4,-0.009719073520164885,-0.07,-0.06
13.433777570724487,5,-0.0811139840239131,-0.03882901373576604,-0.06
13.462466955184937,0,-0.060434582627768435,0.03882901373576604,-0.03754423239934619
13.462466955184937,1,0.02883595535398795,0.07,-0.06
13.462466955184937,2,0.07392808605753787,0.03882901373576604,-0.06
13.462466955184937,3,0.06077669615743874,-0.03882901373576604,-0.06
13.462466955184937,4,-0.01061821434630951,-0.07,-0.06
13.462466955184937,5,-0.0820131248500577,-0.03882901373576604,-0.06
13.480165719985962,0,-0.05748217829873938,0.03882901373576604,-0.03569204672185247
13.480165719985962,1,0.028281266492438072,0.07,-0.06
13.480165719985962,2,0.073373397195988,0.03882901373576604,-0.06
13.480165719985962,3,0.06022200729588886,-0.03882901373576604,-0.06
13.480165719985962,4,-0.011172903207859393,-0.07,-0.06
13.480165719985962,5,-0.08256781371160758,-0.03882901373576604,-0.06
13.491584300994873,0,-0.055577397463405336,0.03882901373576604,-0.03451954424563912
13.491584300994873,1,0.027923401987680032,0.07,-0.06
13.491584300994873,2,0.07301553269122996,0.03882901373576604,-0.06
13.491584300994873,3,0.05986414279113082,-0.03882901373576604,-0.06
13.491584300994873,4,-0.01153076771261743,-0.07,-0.06
13.491584300994873,5,-0.08292567821636562,-0.03882901373576604,-0.06
13.509233951568604,0,-0.05263318608224087,0.03882901373576604,-0.032744170320924984
13.509233951568604,1,0.027370252392577864,0.07,-0.06
13.509233951568604,2,0.07246238309612779,0.03882901373576604,-0.06
13.509233951568604,3,0.05931099319602866,-0.03882901373576604,-0.06
13.509233951568604,4,-0.012083917307719601,-0.07,-0.06
13.509233951568604,5,-0.08347882781146779,-0.03882901373576604,-0.06
13.523740530014038,0,-0.05021328359281861,0.03882901373576604,-0.0313204695404034
13.523740530014038,1,0.026915608377961888,0.07,-0.06
13.523740530014038,2,0.07200773908151181,0.03882901373576604,-0.06
13.523740530014038,3,0.05885634918141268,-0.03882901373576604,-0.06
13.523740530014038,4,-0.012538561322335579,-0.07,-0.06
13.523740530014038,5,-0.08393347182608377,-0.03882901373576604,-0.06
13.538758516311646,0,-0.04770807103946651,0.03882901373576604,-0.029882254372249797
13.538758516311646,1,0.026444936564654953,0.07,-0.06
13.538758516311646,2,0.07153706726820488,0.03882901373576604,-0.06
13.538758516311646,3,0.058385677368105744,-0.03882901373576604,-0.06
13.538758516311646,4,-0.013009233135642504,-0.07,-0.06
13.538758516311646,5,-0.08440414363939071,-0.03882901373576604,-0.06
13.556581258773804,0,-0.0447349854828181,0.03882901373576604,-0.028225009673454968
13.556581258773804,1,0.02588636217614969,0.07,-0.06
13.556581258773804,2,0.07097849287969962,0.03882901373576604,-0.06
13.556581258773804,3,0.05782710297960049,-0.03882901373576604,-0.06
13.556581258773804,4,-0.013567807524147766,-0.07,-0.06
13.556581258773804,5,-0.08496271802789597,-0.03882901373576604,-0.06
13.588153600692749,0,-0.03946827224000021,0.03882901373576604,-0.025430000465883562
13.588153600692749,1,0.024896867903957964,0.07,-0.06
13.588153600692749,2,0.06998899860750787,0.03882901373576604,-0.06
13.588153600692749,3,0.056837608707408754,-0.03882901373576604,-0.06
13.588153600692749,4,-0.014557301796339501,-0.07,-0.06
13.588153600692749,5,-0.08595221230008769,-0.03882901373576604,-0.06
13.616751670837402,0,-0.03469770960208895,0.03882901373576604,-0.023064625191783497
13.616751670837402,1,0.024000588917859323,0.07,-0.06
13.616751670837402,2,0.06909271962140925,0.03882901373576604,-0.06
13.616751670837402,3,0.055941329721310114,-0.03882901373576604,-0.06
13.616751670837402,4,-0.015453580782438135,-0.07,-0.06
13.616751670837402,5,-0.08684849128618634,-0.03882901373576604,-0.06
13.637520790100098,0,-0.03123312671674828,0.03882901373576604,-0.02145235387456501
13.637520790100098,1,0.023349673486825925,0.07,-0.06
13.637520790100098,2,0.06844180419037585,0.03882901373576604,-0.06
13.637520790100098,3,0.05529041429027672,-0.03882901373576604,-0.06
13.637520790100098,4,-0.01610449621347153,-0.07,-0.06
13.637520790100098,5,-0.08749940671721973,-0.03882901373576604,-0.06
13.664652824401855,0,-0.02670711959543587,0.03882901373576604,-0.0194871683785127
13.664652824401855,1,0.0224993408569747,0.07,-0.06
13.664652824401855,2,0.06759147156052463,0.03882901373576604,-0.06
13.664652824401855,3,0.05444008166042549,-0.03882901373576604,-0.06
13.664652824401855,4,-0.016954828843322764,-0.07,-0.06
13.664652824401855,5,-0.08834973934707097,-0.03882901373576604,-0.06
13.679619073867798,0,-0.02421053747745569,0.03882901373576604,-0.018474217589581177
13.679619073867798,1,0.022030290503954917,0.07,-0.06
13.679619073867798,2,0.06712242120750483,0.03882901373576604,-0.06
13.679619073867798,3,0.05397103130740571,-0.03882901373576604,-0.06
13.679619073867798,4,-0.01742387919634255,-0.07,-0.06
13.679619073867798,5,-0.08881878970009074,-0.03882901373576604,-0.06
13.696759462356567,0,-0.023599029245511216,0.03882901373576604,-0.06
13.696759462356567,1,0.021493101458038708,0.07,-0.06
13.696759462356567,2,0.06658523216158863,0.03882901373576604,-0.06
13.696759462356567,3,0.053433842261489506,-0.03882901373576604,-0.06
13.696759462356567,4,-0.017961068242258748,-0.07,-0.06
13.696759462356567,5,-0.08935597874600695,-0.03882901373576604,-0.06
13.725106954574585,0,-0.024487454983859645,0.03882901373576604,-0.06
13.725106954574585,1,0.020604675719690276,0.07,-0.06
13.725106954574585,2,0.0656968064232402,0.03882901373576604,-0.06
13.725106954574585,3,0.05254541652314107,-0.03882901373576604,-0.06
13.725106954574585,4,-0.01884949398060718,-0.07,-0.06
13.725106954574585,5,-0.09024440448435539,-0.03882901373576604,-0.06
13.742365837097168,0,-0.025028357696885134,0.03882901373576604,-0.06
13.742365837097168,1,0.02006377300666479,0.07,-0.06
13.742365837097168,2,0.06515590371021471,0.03882901373576604,-0.06
13.742365837097168,3,0.05200451381011558,-0.03882901373576604,-0.06
13.742365837097168,4,-0.01939039669363268,-0.07,-0.06
13.742365837097168,5,-0.09078530719738087,-0.03882901373576604,-0.06
13.758177042007446,0,-0.025523889410539305,0.03882901373576604,-0.06
13.758177042007446,1,0.01956824129301062,0.07,-0.06
13.758177042007446,2,0.06466037199656055,0.03882901373576604,-0.06
13.758177042007446,3,0.05150898209646141,-0.03882901373576604,-0.06
13.758177042007446,4,-0.019885928407286844,-0.07,-0.06
13.758177042007446,5,-0.09128083891103503,-0.03882901373576604,-0.06
13.772918224334717,0,-0.02598588603770162,0.03882901373576604,-0.06
13.772918224334717,1,0.019106244665848305,0.07,-0.06
13.772918224334717,2,0.06419837536939824,0.03882901373576604,-0.06
13.772918224334717,3,0.051046985469299096,-0.03882901373576604,-0.06
13.772918224334717,4,-0.020347925034449158,-0.07,-0.06
13.772918224334717,5,-0.09174283553819734,-0.03882901373576604,-0.06
13.788193941116333,0,-0.02646463526377542,0.03882901373576604,-0.06
13.788193941116333,1,0.01862749543977451,0.07,-0.06
13.788193941116333,2,0.06371962614332444,0.03882901373576604,-0.06
13.788193941116333,3,0.0505682362432253,-0.03882901373576604,-0.06
13.788193941116333,4,-0.020826674260522947,-0.07,-0.06
13.788193941116333,5,-0.09222158476427114,-0.03882901373576604,-0.06
13.804856777191162,0,-0.026986857558746177,0.03882901373576604,-0.06
13.804856777191162,1,0.01810527314480375,0.07,-0.06
13.804856777191162,2,0.06319740384835368,0.03882901373576604,-0.06
13.804856777191162,3,0.050046013948254545,-0.03882901373576604,-0.06
13.804856777191162,4,-0.021348896555493713,-0.07,-0.06
13.804856777191162,5,-0.0927438070592419,-0.03882901373576604,-0.06
13.819713115692139,0,-0.02745246324267667,0.03882901373576604,-0.06
13.819713115692139,1,0.01763966746087326,0.07,-0.06
13.819713115692139,2,0.06273179816442319,0.03882901373576604,-0.06
13.819713115692139,3,0.049580408264324055,-0.03882901373576604,-0.06
13.819713115692139,4,-0.021814502239424202,-0.07,-0.06
13.819713115692139,5,-0.0932094127431724,-0.03882901373576604,-0.06
13.836409091949463,0,-0.02797572416889127,0.03882901373576604,-0.06
13.836409091949463,1,0.017116406534658655,0.07,-0.06
13.836409091949463,2,0.06220853723820858,0.03882901373576604,-0.06
13.836409091949463,3,0.049057147338109446,-0.03882901373576604,-0.06
13.836409091949463,4,-0.0223377631656388,-0.07,-0.06
13.836409091949463,5,-0.09063994009869772,-0.03882901373576604,-0.058152322714885844
13.850327491760254,0,-0.02841193434697084,0.03882901373576604,-0.06
13.850327491760254,1,0.016680196356579084,0.07,-0.06
13.850327491760254,2,0.061772327060129015,0.03882901373576604,-0.06
13.850327491760254,3,0.04862093716002988,-0.03882901373576604,-0.06
13.850327491760254,4,-0.022773973343718376,-0.07,-0.06
13.850327491760254,5,-0.08831815412569265,-0.03882901373576604,-0.05650667828141093
13.86548113822937,0,-0.028886857823427026,0.03882901373576604,-0.06
13.86548113822937,1,0.016205272880122898,0.07,-0.06
13.86548113822937,2,0.06129740358367282,0.03882901373576604,-0.06
13.86548113822937,3,0.04814601368357369,-0.03882901373576604,-0.06
13.86548113822937,4,-0.023248896820174562,-0.07,-0.06
13.86548113822937,5,-0.08579031153673398,-0.03882901373576604,-0.054719359429860455
13.883317947387695,0,-0.029445873069798383,0.03882901373576604,-0.06
13.883317947387695,1,0.015646257633751545,0.07,-0.06
13.883317947387695,2,0.06073838833730147,0.03882901373576604,-0.06
13.883317947387695,3,0.04758699843720233,-0.03882901373576604,-0.06
13.883317947387695,4,-0.02380791206654592,-0.07,-0.06
13.883317947387695,5,-0.08281487945618261,-0.03882901373576604,-0.05262445723699711
13.90402865409851,0,-0.030094957819862413,0.03882901373576604,-0.06
13.90402865409851,1,0.01499717288368751,0.07,-0.06
13.90402865409851,2,0.06008930358723744,0.03882901373576604,-0.06
13.90402865409851,3,0.0469379136871383,-0.03882901373576604,-0.06
13.90402865409851,4,-0.024456996816609945,-0.07,-0.06
13.90402865409851,5,-0.0793600406107783,-0.03882901373576604,-0.05020878056728073
13.933130025863647,0,-0.031007010550966465,0.03882901373576604,-0.06
13.933130025863647,1,0.014085120152583461,0.07,-0.06
13.933130025863647,2,0.05917725085613339,0.03882901373576604,-0.06
13.933130025863647,3,0.046025860956034254,-0.03882901373576604,-0.06
13.933130025863647,4,-0.025369049547714004,-0.07,-0.06
13.933130025863647,5,-0.07450552014305076,-0.03882901373576604,-0.0468555325574611
13.957855463027954,0,-0.031781919124879925,0.03882901373576604,-0.06
13.957855463027954,1,0.013310211578670001,0.07,-0.06
13.957855463027954,2,0.05840234228221993,0.03882901373576604,-0.06
13.957855463027954,3,0.0452509523821208,-0.03882901373576604,-0.06
13.957855463027954,4,-0.02614395812162746,-0.07,-0.06
13.957855463027954,5,-0.07038096746710326,-0.03882901373576604,-0.044054925079113696
13.974363327026367,0,-0.032299284511156455,0.03882901373576604,-0.06
13.974363327026367,1,0.01279284619239347,0.07,-0.06
13.974363327026367,2,0.0578849768959434,0.03882901373576604,-0.06
13.974363327026367,3,0.04473358699584426,-0.03882901373576604,-0.06
13.974363327026367,4,-0.02666132350790399,-0.07,-0.06
13.974363327026367,5,-0.06762722223799474,-0.03882901373576604,-0.04221494922356549
13.990214824676514,0,-0.03279607902107112,0.03882901373576604,-0.06
13.990214824676514,1,0.012296051682478807,0.07,-0.06
13.990214824676514,2,0.05738818238602874,0.03882901373576604,-0.06
13.990214824676514,3,0.0442367924859296,-0.03882901373576604,-0.06
13.990214824676514,4,-0.027158118017818655,-0.07,-0.06
13.990214824676514,5,-0.06498296820049405,-0.03882901373576604,-0.04047367605609274
14.006858348846436,0,-0.03331769607049691,0.03882901373576604,-0.06
14.006858348846436,1,0.011774434633053023,0.07,-0.06
14.006858348846436,2,0.05686656533660295,0.03882901373576604,-0.06
14.006858348846436,3,0.043715175436503814,-0.03882901373576604,-0.06
14.006858348846436,4,-0.027679735067244436,-0.07,-0.06
14.006858348846436,5,-0.062206592935778966,-0.03882901373576604,-0.03867505271195558
14.037601709365845,0,-0.03428120961725812,0.03882901373576604,-0.06
14.037601709365845,1,0.010810921086291805,0.07,-0.06
14.037601709365845,2,0.05590305178984173,0.03882901373576604,-0.06
14.037601709365845,3,0.042751661889742595,-0.03882901373576604,-0.06
14.037601709365845,4,-0.02864324861400566,-0.07,-0.06
14.037601709365845,5,-0.05707816551686973,-0.03882901373576604,-0.03544183926236791
14.066179990768433,0,-0.03517686841347735,0.03882901373576604,-0.06
14.066179990768433,1,0.009915262290072585,0.07,-0.06
14.066179990768433,2,0.055007392993622506,0.03882901373576604,-0.06
14.066179990768433,3,0.04185600309352337,-0.03882901373576604,-0.06
14.066179990768433,4,-0.029538907410224878,-0.07,-0.06
14.066179990768433,5,-0.05231090392105922,-0.03882901373576604,-0.03255266849309783
14.083405017852783,0,-0.03571671007875733,0.03882901373576604,-0.06
14.083405017852783,1,0.009375420624792605,0.07,-0.06
14.083405017852783,2,0.05446755132834252,0.03882901373576604,-0.06
14.083405017852783,3,0.0413161614282434,-0.03882901373576604,-0.06
14.083405017852783,4,-0.030078749075504854,-0.07,-0.06
14.083405017852783,5,-0.049437525744491055,-0.03882901373576604,-0.030871152595536144
14.11227822303772,0,-0.036621611945830024,0.03882901373576604,-0.06
14.11227822303772,1,0.008470518757719895,0.07,-0.06
14.11227822303772,2,0.05356264946126983,0.03882901373576604,-0.06
14.11227822303772,3,0.040411259561170684,-0.03882901373576604,-0.06
14.11227822303772,4,-0.03098365094257756,-0.07,-0.06
14.11227822303772,5,-0.04462106668990145,-0.03882901373576604,-0.028162616920502793
14.126505374908447,0,-0.03706749858046195,0.03882901373576604,-0.06
14.126505374908447,1,0.008024632123087978,0.07,-0.06
14.126505374908447,2,0.05311676282663791,0.03882901373576604,-0.06
14.126505374908447,3,0.039965372926538775,-0.03882901373576604,-0.06
14.126505374908447,4,-0.031429537577209475,-0.07,-0.06
14.126505374908447,5,-0.04224777650580588,-0.03882901373576604,-0.02688195942203496
14.141231060028076,0,-0.037529009516754835,0.03882901373576604,-0.06
14.141231060028076,1,0.007563121186795084,0.07,-0.06
14.141231060028076,2,0.05265525189034501,0.03882901373576604,-0.06
14.141231060028076,3,0.03950386199024587,-0.03882901373576604,-0.06
14.141231060028076,4,-0.03189104851350238,-0.07,-0.06
14.141231060028076,5,-0.03979132392372556,-0.03882901373576604,-0.02559603468795013
14.157886743545532,0,-0.03805100764670894,0.03882901373576604,-0.06
14.157886743545532,1,0.007041123056840978,0.07,-0.06
14.157886743545532,2,0.052133253760390914,0.03882901373576604,-0.06
14.157886743545532,3,0.038981863860291774,-0.03882901373576604,-0.06
14.157886743545532,4,-0.032413046643456477,-0.07,-0.06
14.157886743545532,5,-0.03701292030784011,-0.03882901373576604,-0.024192072493496225
14.174393653869629,0,-0.03856834314431659,0.03882901373576604,-0.06
14.174393653869629,1,0.006523787559233346,0.07,-0.06
14.174393653869629,2,0.051615918262783264,0.03882901373576604,-0.06
14.174393653869629,3,0.03846452836268413,-0.03882901373576604,-0.06
14.174393653869629,4,-0.03293038214106412,-0.07,-0.06
14.174393653869629,5,-0.03425933416509789,-0.03882901373576604,-0.022855603908868878
14.18929409980774,0,-0.03903533117918313,0.03882901373576604,-0.06
14.18929409980774,1,0.006056799524366801,0.07,-0.06
14.18929409980774,2,0.05114893022791673,0.03882901373576604,-0.06
14.18929409980774,3,0.037997540327817596,-0.03882901373576604,-0.06
14.18929409980774,4,-0.03339737017593066,-0.07,-0.06
14.18929409980774,5,-0.031773729006392595,-0.03882901373576604,-0.02169788477874366
14.204309225082397,0,-0.0395059133264834,0.03882901373576604,-0.06
14.204309225082397,1,0.005586217377066534,0.07,-0.06
14.204309225082397,2,0.050678348080616456,0.03882901373576604,-0.06
14.204309225082397,3,0.03752695818051732,-0.03882901373576604,-0.06
14.204309225082397,4,-0.03386795232323093,-0.07,-0.06
14.204309225082397,5,-0.029268993712139407,-0.03882901373576604,-0.020579499077806478
14.221325397491455,0,-0.040039209373277,0.03882901373576604,-0.06
14.221325397491455,1,0.005052921330272927,0.07,-0.06
14.221325397491455,2,0.05014505203382285,0.03882901373576604,-0.06
14.221325397491455,3,0.03699366213372372,-0.03882901373576604,-0.06
14.221325397491455,4,-0.034401248370024534,-0.07,-0.06
14.221325397491455,5,-0.02643045544979153,-0.03882901373576604,-0.01937238516042243
14.238283395767212,0,-0.04057068221126846,0.03882901373576604,-0.06
14.238283395767212,1,0.004521448492281464,0.07,-0.06
14.238283395767212,2,0.04961357919583139,0.03882901373576604,-0.06
14.238283395767212,3,0.03646218929573226,-0.03882901373576604,-0.06
14.238283395767212,4,-0.03493272120801601,-0.07,-0.06
14.238283395767212,5,-0.02360162145578812,-0.03882901373576604,-0.018235024017797544
14.251431703567505,0,-0.04098275728922132,0.03882901373576604,-0.06
14.251431703567505,1,0.0041093734143286065,0.07,-0.06
14.251431703567505,2,0.049201504117878526,0.03882901373576604,-0.06
14.251431703567505,3,0.036050114217779386,-0.03882901373576604,-0.06
14.251431703567505,4,-0.033164777417946316,-0.07,-0.05869745234506492
14.251431703567505,5,-0.023588316591594626,-0.03882901373576604,-0.06
14.268106698989868,0,-0.0415053606647204,0.03882901373576604,-0.06
14.268106698989868,1,0.0035867700388295307,0.07,-0.06
14.268106698989868,2,0.048678900742379454,0.03882901373576604,-0.06
14.268106698989868,3,0.03552751084228031,-0.03882901373576604,-0.06
14.268106698989868,4,-0.030383152303143236,-0.07,-0.05672517164027567
14.268106698989868,5,-0.024110919967093712,-0.03882901373576604,-0.06
14.285399198532104,0,-0.04204731695332417,0.03882901373576604,-0.06
14.285399198532104,1,0.0030448137502257543,0.07,-0.06
14.285399198532104,2,0.04813694445377568,0.03882901373576604,-0.06
14.285399198532104,3,0.03498555455367654,-0.03882901373576604,-0.06
14.285399198532104,4,-0.027498518766159143,-0.07,-0.05468528730268909
14.285399198532104,5,-0.02465287625569748,-0.03882901373576604,-0.06
14.31517505645752,0,-0.04298050844549896,0.03882901373576604,-0.06
14.31517505645752,1,0.002111622258050976,0.07,-0.06
14.31517505645752,2,0.0472037529616009,0.03882901373576604,-0.06
14.31517505645752,3,0.03405236306150175,-0.03882901373576604,-0.06
14.31517505645752,4,-0.022531484465864015,-0.07,-0.05119562718262545
14.31517505645752,5,-0.025586067747872268,-0.03882901373576604,-0.06
14.329380750656128,0,-0.04342572258508091,0.03882901373576604,-0.06
14.329380750656128,1,0.001666408118469017,0.07,-0.06
14.329380750656128,2,0.04675853882201895,0.03882901373576604,-0.06
14.329380750656128,3,0.03360714892191981,-0.03882901373576604,-0.06
14.329380750656128,4,-0.02016177372501055,-0.07,-0.049545114425831524
14.329380750656128,5,-0.026031281887454218,-0.03882901373576604,-0.06
14.344411611557007,0,-0.043896797895417825,0.03882901373576604,-0.06
14.344411611557007,1,0.0011953328081321078,0.07,-0.06
14.344411611557007,2,0.04628746351168203,0.03882901373576604,-0.06
14.344411611557007,3,0.03313607361158289,-0.03882901373576604,-0.06
14.344411611557007,4,-0.017654413505713364,-0.07,-0.04781164969975079
14.344411611557007,5,-0.026502357197791128,-0.03882901373576604,-0.06
14.358286619186401,0,-0.04433164813906301,0.03882901373576604,-0.06
14.358286619186401,1,0.0007604825644869219,0.07,-0.06
14.358286619186401,2,0.04585261326803684,0.03882901373576604,-0.06
14.358286619186401,3,0.032701223367937717,-0.03882901373576604,-0.06
14.358286619186401,4,-0.015339865962375073,-0.07,-0.04622514281614485
14.358286619186401,5,-0.026937207441436316,-0.03882901373576604,-0.06
14.373792171478271,0,-0.04481760053433871,0.03882901373576604,-0.06
14.373792171478271,1,0.0002745301692112247,0.07,-0.06
14.373792171478271,2,0.045366660872761144,0.03882901373576604,-0.06
14.373792171478271,3,0.03221527097266201,-0.03882901373576604,-0.06
14.373792171478271,4,-0.012753320504250706,-0.07,-0.044469869140833625
14.373792171478271,5,-0.027423159836712015,-0.03882901373576604,-0.06
14.39245057106018,0,-0.0454023648689567,0.03882901373576604,-0.06
14.39245057106018,1,-0.0003102341654067692,0.07,-0.06
14.39245057106018,2,0.04478189653814316,0.03882901373576604,-0.06
14.39245057106018,3,0.03163050663804402,-0.03882901373576604,-0.06
14.39245057106018,4,-0.009640835519129542,-0.07,-0.042385651609304076
14.39245057106018,5,-0.028007924171330006,-0.03882901373576604,-0.06
14.404438734054565,0,-0.04577808038120783,0.03882901373576604,-0.06
14.404438734054565,1,-0.0006859496776579061,0.07,-0.06
14.404438734054565,2,0.044406181025892014,0.03882901373576604,-0.06
14.404438734054565,3,0.03125479112579288,-0.03882901373576604,-0.06
14.404438734054565,4,-0.007641040351521186,-0.07,-0.04106441697338589
14.404438734054565,5,-0.028383639683581142,-0.03882901373576604,-0.06
14.420324087142944,0,-0.04627593593886801,0.03882901373576604,-0.06
14.420324087142944,1,-0.001183805235318083,0.07,-0.06
14.420324087142944,2,0.04390832546823185,0.03882901373576604,-0.06
14.420324087142944,3,0.030756935568132707,-0.03882901373576604,-0.06
14.420324087142944,4,-0.004991138748016763,-0.07,-0.0393373522569838
14.420324087142944,5,-0.028881495241241315,-0.03882901373576604,-0.06
14.439303398132324,0,-0.04687075781056667,0.03882901373576604,-0.06
14.439303398132324,1,-0.0017786271070167373,0.07,-0.06
14.439303398132324,2,0.04331350359653319,0.03882901373576604,-0.06
14.439303398132324,3,0.030162113696434054,-0.03882901373576604,-0.06
14.439303398132324,4,-0.0018251212006347335,-0.07,-0.0373124516982973
14.439303398132324,5,-0.029476317112939972,-0.03882901373576604,-0.06
14.453673362731934,0,-0.04732112027336449,0.03882901373576604,-0.06
14.453673362731934,1,-0.00222898956981457,0.07,-0.06
14.453673362731934,2,0.042863141133735363,0.03882901373576604,-0.06
14.453673362731934,3,0.02971175123363622,-0.03882901373576604,-0.06
14.453673362731934,4,0.0005719921668146711,-0.07,-0.0358095880779155
14.453673362731934,5,-0.029926679575737806,-0.03882901373576604,-0.06
14.472549200057983,0,-0.04791269922448885,0.03882901373576604,-0.06
14.472549200057983,1,-0.00282056852093893,0.07,-0.06
14.472549200057983,2,0.04227156218261101,0.03882901373576604,-0.06
14.472549200057983,3,0.029120172282511868,-0.03882901373576604,-0.06
14.472549200057983,4,0.0037207488434528565,-0.07,-0.03387832046972954
14.472549200057983,5,-0.03051825852686216,-0.03882901373576604,-0.06
14.500129461288452,0,-0.04877707952871724,0.03882901373576604,-0.06
14.500129461288452,1,-0.003684948825167309,0.07,-0.06
14.500129461288452,2,0.04140718187838262,0.03882901373576604,-0.06
14.500129461288452,3,0.02825579197828348,-0.03882901373576604,-0.06
14.500129461288452,4,0.008321526556927548,-0.07,-0.031151344602042715
14.500129461288452,5,-0.03138263883109055,-0.03882901373576604,-0.06
14.517654657363892,0,-0.049326328652529575,0.03882901373576604,-0.06
14.517654657363892,1,-0.004234197948979648,0.07,-0.06
14.517654657363892,2,0.040857932754570274,0.03882901373576604,-0.06
14.517654657363892,3,0.027706542854471133,-0.03882901373576604,-0.06
14.517654657363892,4,0.011244977167289501,-0.07,-0.02948176649366776
14.517654657363892,5,-0.031931887954902885,-0.03882901373576604,-0.06
14.54671835899353,0,-0.05023720078121257,0.03882901373576604,-0.06
14.54671835899353,1,-0.005145070077662649,0.07,-0.06
14.54671835899353,2,0.03994706062588728,0.03882901373576604,-0.06
14.54671835899353,3,0.026795670725788145,-0.03882901373576604,-0.06
14.54671835899353,4,0.01609321372354808,-0.07,-0.026830157427977265
14.54671835899353,5,-0.03284276008358588,-0.03882901373576604,-0.06
14.563231945037842,0,-0.05075474549950243,0.03882901373576604,-0.06
14.563231945037842,1,-0.005662614795952499,0.07,-0.06
14.563231945037842,2,0.039429515907597426,0.03882901373576604,-0.06
14.563231945037842,3,0.026278126007498293,-0.03882901373576604,-0.06
14.563231945037842,4,0.018847913470854422,-0.07,-0.025392753875225216
14.563231945037842,5,-0.033360304801875726,-0.03882901373576604,-0.06
14.591419219970703,0,-0.051638149941477744,0.03882901373576604,-0.06
14.591419219970703,1,-0.0065460192379278165,0.07,-0.06
14.591419219970703,2,0.038546111465622104,0.03882901373576604,-0.06
14.591419219970703,3,0.025394721565522964,-0.03882901373576604,-0.06
14.591419219970703,4,0.0235499496564808,-0.07,-0.023062645142700844
14.591419219970703,5,-0.034243709243851055,-0.03882901373576604,-0.06
14.607820749282837,0,-0.052152182741173315,0.03882901373576604,-0.06
14.607820749282837,1,-0.007060052037623386,0.07,-0.06
14.607820749282837,2,0.03803207866592653,0.03882901373576604,-0.06
14.607820749282837,3,0.0248806887658274,-0.03882901373576604,-0.06
14.607820749282837,4,0.026285956755746576,-0.07,-0.02178189369733924
14.607820749282837,5,-0.03475774204354662,-0.03882901373576604,-0.06
14.625332832336426,0,-0.05270102089578845,0.03882901373576604,-0.06
14.625332832336426,1,-0.007608890192238523,0.07,-0.06
14.625332832336426,2,0.0374832405113114,0.03882901373576604,-0.06
14.625332832336426,3,0.02433185061121227,-0.03882901373576604,-0.06
14.625332832336426,4,0.02920721992857186,-0.07,-0.020478108562099036
14.625332832336426,5,-0.035306580198161755,-0.03882901373576604,-0.06
14.639171123504639,0,-0.053134720425681466,0.03882901373576604,-0.06
14.639171123504639,1,-0.008042589722131547,0.07,-0.06
14.639171123504639,2,0.03704954098141839,0.03882901373576604,-0.06
14.639171123504639,3,0.02389815108131925,-0.03882901373576604,-0.06
14.639171123504639,4,0.03151564264680749,-0.07,-0.019495805894989462
14.639171123504639,5,-0.03574027972805477,-0.03882901373576604,-0.06
14.660431623458862,0,-0.05380103599335918,0.03882901373576604,-0.06
14.660431623458862,1,-0.008708905289809254,0.07,-0.06
14.660431623458862,2,0.03638322541374067,0.03882901373576604,-0.06
14.660431623458862,3,0.023305715088011526,-0.03882901373576604,-0.05995585242714506
14.660431623458862,4,0.03498831520801571,-0.07,-0.06
14.660431623458862,5,-0.03640659529573249,-0.03882901373576604,-0.06
14.688385486602783,0,-0.05467712518362426,0.03882901373576604,-0.06
14.688385486602783,1,-0.009584994480074344,0.07,-0.06
14.688385486602783,2,0.03550713622347558,0.03882901373576604,-0.06
14.688385486602783,3,0.02796881488548531,-0.03882901373576604,-0.056648362267425756
14.688385486602783,4,0.03411222601775062,-0.07,-0.06
14.688385486602783,5,-0.03728268448599757,-0.03882901373576604,-0.06
14.704753160476685,0,-0.05519009693557433,0.03882901373576604,-0.06
14.704753160476685,1,-0.010097966232024393,0.07,-0.06
14.704753160476685,2,0.03499416447152553,0.03882901373576604,-0.06
14.704753160476685,3,0.030699174418747338,-0.03882901373576604,-0.05471763378419873
14.704753160476685,4,0.03359925426580056,-0.07,-0.06
14.704753160476685,5,-0.03779565623794763,-0.03882901373576604,-0.06
14.717832088470459,0,-0.05559999761286562,0.03882901373576604,-0.06
14.717832088470459,1,-0.010507866909315692,0.07,-0.06
14.717832088470459,2,0.03458426379423424,0.03882901373576604,-0.06
14.717832088470459,3,0.03288092461781443,-0.03882901373576604,-0.053180410101039945
14.717832088470459,4,0.03318935358850927,-0.07,-0.06
14.717832088470459,5,-0.03820555691523893,-0.03882901373576604,-0.06
14.734512090682983,0,-0.05612275790387635,0.03882901373576604,-0.06
14.734512090682983,1,-0.01103062720032643,0.07,-0.06
14.734512090682983,2,0.0340615035032235,0.03882901373576604,-0.06
14.734512090682983,3,0.0356633849360406,-0.03882901373576604,-0.05122962372181599
14.734512090682983,4,0.03266659329749853,-0.07,-0.06
14.734512090682983,5,-0.03872831720624966,-0.03882901373576604,-0.06
14.75047254562378,0,-0.05662296719421142,0.03882901373576604,-0.06
14.75047254562378,1,-0.011530836490661495,0.07,-0.06
14.75047254562378,2,0.03356129421288843,0.03882901373576604,-0.06
14.75047254562378,3,0.03832581459089136,-0.03882901373576604,-0.04937576074423351
14.75047254562378,4,0.032166384007163464,-0.07,-0.06
14.75047254562378,5,-0.03922852649658473,-0.03882901373576604,-0.06
14.767174243927002,0,-0.05714640745243935,0.03882901373576604,-0.06
14.767174243927002,1,-0.012054276748889429,0.07,-0.06
14.767174243927002,2,0.033037853954660495,0.03882901373576604,-0.06
14.767174243927002,3,0.04111189412395092,-0.03882901373576604,-0.047452093446090374
14.767174243927002,4,0.03164294374893554,-0.07,-0.06
14.767174243927002,5,-0.039751966754812657,-0.03882901373576604,-0.06
14.796462059020996,0,-0.05806430341831092,0.03882901373576604,-0.06
14.796462059020996,1,-0.012972172714760997,0.07,-0.06
14.796462059020996,2,0.03211995798878892,0.03882901373576604,-0.06
14.796462059020996,3,0.04599751597629064,-0.03882901373576604,-0.04412797814118784
14.796462059020996,4,0.030725047783063966,-0.07,-0.06
14.796462059020996,5,-0.04066986272068423,-0.03882901373576604,-0.06
14.811601400375366,0,-0.058538778564733794,0.03882901373576604,-0.06
14.811601400375366,1,-0.013446647861183872,0.07,-0.06
14.811601400375366,2,0.031645482842366054,0.03882901373576604,-0.06
14.811601400375366,3,0.04852297226975476,-0.03882901373576604,-0.04243861798633084
14.811601400375366,4,0.03025057263664109,-0.07,-0.06
14.811601400375366,5,-0.0411443378671071,-0.03882901373576604,-0.06
14.826480388641357,0,-0.05900509410455036,0.03882901373576604,-0.06
14.826480388641357,1,-0.01391296340100044,0.07,-0.06
14.826480388641357,2,0.03117916730254949,0.03882901373576604,-0.06
14.826480388641357,3,0.051004997985218244,-0.03882901373576604,-0.04080029051337932
14.826480388641357,4,0.029784257096824522,-0.07,-0.06
14.826480388641357,5,-0.04161065340692367,-0.03882901373576604,-0.06
14.842351198196411,0,-0.059502493860010004,0.03882901373576604,-0.06
14.842351198196411,1,-0.014410363156460076,0.07,-0.06
14.842351198196411,2,0.030681767547089844,0.03882901373576604,-0.06
14.842351198196411,3,0.053652473521636546,-0.03882901373576604,-0.03907907482363064
14.842351198196411,4,0.029286857341364884,-0.07,-0.06
14.842351198196411,5,-0.04210805316238331,-0.03882901373576604,-0.06
14.857925415039062,0,-0.059990598239445615,0.03882901373576604,-0.06
14.857925415039062,1,-0.01489846753589569,0.07,-0.06
14.857925415039062,2,0.030193663167654247,0.03882901373576604,-0.06
14.857925415039062,3,0.056250473198134705,-0.03882901373576604,-0.03741873765889886
14.857925415039062,4,0.02879875296192928,-0.07,-0.06
14.857925415039062,5,-0.04259615754181892,-0.03882901373576604,-0.06
14.871433019638062,0,-0.06041393387340186,0.03882901373576604,-0.06
14.871433019638062,1,-0.015321803169851933,0.07,-0.06
14.871433019638062,2,0.029770327533697995,0.03882901373576604,-0.06
14.871433019638062,3,0.058503732718854874,-0.03882901373576604,-0.03600350973594407
14.871433019638062,4,0.028375417327973027,-0.07,-0.06
14.871433019638062,5,-0.04301949317577517,-0.03882901373576604,-0.06
14.886804580688477,0,-0.060895686910698854,0.03882901373576604,-0.06
14.886804580688477,1,-0.01580355620714893,0.07,-0.06
14.886804580688477,2,0.029288574496400998,0.03882901373576604,-0.06
14.886804580688477,3,0.061067926542513716,-0.03882901373576604,-0.03442293878374897
14.886804580688477,4,0.02789366429067603,-0.07,-0.06
14.886804580688477,5,-0.043501246213072164,-0.03882901373576604,-0.06
14.903988361358643,0,-0.06143423589104945,0.03882901373576604,-0.06
14.903988361358643,1,-0.016342105187499525,0.07,-0.06
14.903988361358643,2,0.028750025516050406,0.03882901373576604,-0.06
14.903988361358643,3,0.0639344242337393,-0.03882901373576604,-0.032696242068750686
14.903988361358643,4,0.02735511531032544,-0.07,-0.06
14.903988361358643,5,-0.044039795193422764,-0.03882901373576604,-0.06
14.92088770866394,0,-0.061963870575904335,0.03882901373576604,-0.06
14.92088770866394,1,-0.016871739872354397,0.07,-0.06
14.92088770866394,2,0.028220390831195527,0.03882901373576604,-0.06
14.92088770866394,3,0.06675347441621508,-0.03882901373576604,-0.03104220489480512
14.92088770866394,4,0.026825480625470556,-0.07,-0.06
14.92088770866394,5,-0.04456942987827763,-0.03882901373576604,-0.06
14.934623956680298,0,-0.062394372018226375,0.03882901373576604,-0.06
14.934623956680298,1,-0.01730224131467644,0.07,-0.06
14.934623956680298,2,0.027789889388873484,0.03882901373576604,-0.06
14.934623956680298,3,0.06904487489325634,-0.03882901373576604,-0.029731806115511638
14.934623956680298,4,0.026394979183148513,-0.07,-0.06
14.934623956680298,5,-0.04499993132059968,-0.03882901373576604,-0.06
14.951529502868652,0,-0.06292420097942902,0.03882901373576604,-0.06
14.951529502868652,1,-0.017832070275879092,0.07,-0.06
14.951529502868652,2,0.027260060427670832,0.03882901373576604,-0.06
14.951529502868652,3,0.07186495913711309,-0.03882901373576604,-0.028163172671647092
14.951529502868652,4,0.025865150221945868,-0.07,-0.06
14.951529502868652,5,-0.04552976028180232,-0.03882901373576604,-0.06
14.969170570373535,0,-0.0634770815765112,0.03882901373576604,-0.06
14.969170570373535,1,-0.01838495087296127,0.07,-0.06
14.969170570373535,2,0.02670717983058865,0.03882901373576604,-0.06
14.969170570373535,3,0.07480773874098082,-0.03882901373576604,-0.026580730389347662
14.969170570373535,4,0.02531226962486369,-0.07,-0.06
14.969170570373535,5,-0.04608264087888451,-0.03882901373576604,-0.06
14.997254371643066,0,-0.06435724309791223,0.03882901373576604,-0.06
14.997254371643066,1,-0.019265112394362287,0.07,-0.06
14.997254371643066,2,0.025827018309187634,0.03882901373576604,-0.06
14.997254371643066,3,0.07949251405586336,-0.03882901373576604,-0.024182961438486188
14.997254371643066,4,0.024432108103462667,-0.07,-0.06
14.997254371643066,5,-0.046962802400285525,-0.03882901373576604,-0.06
15.014521598815918,0,-0.06489840733679048,0.03882901373576604,-0.06
15.014521598815918,1,-0.01980627663324055,0.07,-0.06
15.014521598815918,2,0.02528585407030938,0.03882901373576604,-0.06
15.014521598815918,3,0.08237293180414043,-0.03882901373576604,-0.02278667630101612
15.014521598815918,4,0.023890943864584416,-0.07,-0.06
15.014521598815918,5,-0.047503966639163786,-0.03882901373576604,-0.06
15.030654430389404,0,-0.06540401900402697,0.03882901373576604,-0.06
15.030654430389404,1,-0.02031188830047705,0.07,-0.06
15.030654430389404,2,0.02478024240307289,0.03882901373576604,-0.06
15.030654430389404,3,0.0850641163197004,-0.03882901373576604,-0.02153829856493835
15.030654430389404,4,0.02338533219734792,-0.07,-0.06
15.030654430389404,5,-0.04800957830640028,-0.03882901373576604,-0.06
15.046305179595947,0,-0.0658945219491408,0.03882901373576604,-0.06
15.046305179595947,1,-0.020802391245590877,0.07,-0.06
15.046305179595947,2,0.02428973945795905,0.03882901373576604,-0.06
15.046305179595947,3,0.08767488267709436,-0.03882901373576604,-0.020380851694116714
15.046305179595947,4,0.02289482925223409,-0.07,-0.06
15.046305179595947,5,-0.04850008125151411,-0.03882901373576604,-0.06
15.062031507492065,0,-0.06638739357126397,0.03882901373576604,-0.06
15.062031507492065,1,-0.021295262867714042,0.07,-0.06
15.062031507492065,2,0.02379686783583588,0.03882901373576604,-0.06
15.062031507492065,3,0.0902982566290178,-0.03882901373576604,-0.01927263284568624
15.062031507492065,4,0.02240195763011092,-0.07,-0.06
15.062031507492065,5,-0.04899295287363728,-0.03882901373576604,-0.06
15.07553482055664,0,-0.06681059470621023,0.03882901373576604,-0.06
15.07553482055664,1,-0.021718464002660306,0.07,-0.06
15.07553482055664,2,0.023373666700889625,0.03882901373576604,-0.06
15.07553482055664,3,0.09255080026108961,-0.03882901373576604,-0.018366083637872878
15.07553482055664,4,0.021978756495164658,-0.07,-0.06
15.07553482055664,5,-0.04941615400858355,-0.03882901373576604,-0.06
15.091301918029785,0,-0.06730474406892835,0.03882901373576604,-0.06
15.091301918029785,1,-0.022212613365378414,0.07,-0.06
15.091301918029785,2,0.025180974857149332,0.03882901373576604,-0.058624911325584485
15.091301918029785,3,0.09287951763619473,-0.03882901373576604,-0.06
15.091301918029785,4,0.021484607132446543,-0.07,-0.06
15.091301918029785,5,-0.049910303371301645,-0.03882901373576604,-0.06
15.106241703033447,0,-0.0677729650113865,0.03882901373576604,-0.06
15.106241703033447,1,-0.022680834307836566,0.07,-0.06
15.106241703033447,2,0.027673142328464607,0.03882901373576604,-0.056857796189060096
15.106241703033447,3,0.09241129669373659,-0.03882901373576604,-0.06
15.106241703033447,4,0.02101638618998839,-0.07,-0.06
15.106241703033447,5,-0.050378524313759804,-0.03882901373576604,-0.06
15.121422290802002,0,-0.06824873284273876,0.03882901373576604,-0.06
15.121422290802002,1,-0.023156602139188836,0.07,-0.06
15.121422290802002,2,0.03020547910727132,0.03882901373576604,-0.05506623893741647
15.121422290802002,3,0.09193552886238432,-0.03882901373576604,-0.06
15.121422290802002,4,0.02054061835863613,-0.07,-0.06
15.121422290802002,5,-0.05085429214511207,-0.03882901373576604,-0.06
15.13819408416748,0,-0.06877436991812992,0.03882901373576604,-0.06
15.13819408416748,1,-0.023682239214579997,0.07,-0.06
15.13819408416748,2,0.03300325148825413,0.03882901373576604,-0.05309440065995082
15.13819408416748,3,0.09140989178699316,-0.03882901373576604,-0.06
15.13819408416748,4,0.020014981283244967,-0.07,-0.06
15.13819408416748,5,-0.05137992922050323,-0.03882901373576604,-0.06
15.154536485671997,0,-0.06928654962035447,0.03882901373576604,-0.06
15.154536485671997,1,-0.024194418916804537,0.07,-0.06
15.154536485671997,2,0.03572939523280913,0.03882901373576604,-0.05118349799131208
15.154536485671997,3,0.09089771208476863,-0.03882901373576604,-0.06
15.154536485671997,4,0.019502801581020426,-0.07,-0.06
15.154536485671997,5,-0.05189210892272777,-0.03882901373576604,-0.06
15.171604633331299,0,-0.06982147459960245,0.03882901373576604,-0.06
15.171604633331299,1,-0.02472934389605251,0.07,-0.06
15.171604633331299,2,0.0385766037021205,0.03882901373576604,-0.049201876107341294
15.171604633331299,3,0.09036278710552065,-0.03882901373576604,-0.06
15.171604633331299,4,0.01896787660177245,-0.07,-0.06
15.171604633331299,5,-0.05242703390197574,-0.03882901373576604,-0.06
15.20041036605835,0,-0.07072426184335134,0.03882901373576604,-0.06
15.20041036605835,1,-0.025632131139801423,0.07,-0.06
15.20041036605835,2,0.0433818073962942,0.03882901373576604,-0.045899190211593666
15.20041036605835,3,0.08945999986177174,-0.03882901373576604,-0.06
15.20041036605835,4,0.018065089358023548,-0.07,-0.06
15.20041036605835,5,-0.053329821145724654,-0.03882901373576604,-0.06
15.216633558273315,0,-0.07123270546196495,0.03882901373576604,-0.06
15.216633558273315,1,-0.026140574758415004,0.07,-0.06
15.216633558273315,2,0.046088065345061366,0.03882901373576604,-0.04406704106630607
15.216633558273315,3,0.08895155624315815,-0.03882901373576604,-0.06
15.216633558273315,4,0.01755664573940995,-0.07,-0.06
15.216633558273315,5,-0.05383826476433824,-0.03882901373576604,-0.06
15.232559204101562,0,-0.07173182381588561,0.03882901373576604,-0.06
15.232559204101562,1,-0.026639693112335678,0.07,-0.06
15.232559204101562,2,0.04874468834754208,0.03882901373576604,-0.04229135133771701
15.232559204101562,3,0.08845243788923747,-0.03882901373576604,-0.06
15.232559204101562,4,0.01705752738548928,-0.07,-0.06
15.232559204101562,5,-0.05433738311825891,-0.03882901373576604,-0.06
15.248648643493652,0,-0.07223607554868772,0.03882901373576604,-0.06
15.248648643493652,1,-0.027143944845137793,0.07,-0.06
15.248648643493652,2,0.05142863443343529,0.03882901373576604,-0.04052298356443575
15.248648643493652,3,0.08794818615643536,-0.03882901373576604,-0.06
15.248648643493652,4,0.016553275652687167,-0.07,-0.06
15.248648643493652,5,-0.054841634851061034,-0.03882901373576604,-0.06
15.278305530548096,0,-0.07316553842941878,0.03882901373576604,-0.06
15.278305530548096,1,-0.02807340772586885,0.07,-0.06
15.278305530548096,2,0.05637582270953415,0.03882901373576604,-0.0373393876955401
15.278305530548096,3,0.0870187232757043,-0.03882901373576604,-0.06
15.278305530548096,4,0.015623812771956107,-0.07,-0.06
15.278305530548096,5,-0.05577109773179209,-0.03882901373576604,-0.06
15.293923616409302,0,-0.07365501768762321,0.03882901373576604,-0.06
15.293923616409302,1,-0.028562886984073294,0.07,-0.06
15.293923616409302,2,0.058981140358882245,0.03882901373576604,-0.03570676317033724
15.293923616409302,3,0.08652924401749987,-0.03882901373576604,-0.06
15.293923616409302,4,0.015134333513751671,-0.07,-0.06
15.293923616409302,5,-0.056260576989996515,-0.03882901373576604,-0.06
15.321449518203735,0,-0.07451769433772501,0.03882901373576604,-0.06
15.321449518203735,1,-0.029425563634175082,0.07,-0.06
15.321449518203735,2,0.0635728501494777,0.03882901373576604,-0.03291161078189058
15.321449518203735,3,0.08566656736739808,-0.03882901373576604,-0.06
15.321449518203735,4,0.01427165686364988,-0.07,-0.06
15.321449518203735,5,-0.05712325364009831,-0.03882901373576604,-0.06
15.338697910308838,0,-0.07505826827539273,0.03882901373576604,-0.06
15.338697910308838,1,-0.02996613757184281,0.07,-0.06
15.338697910308838,2,0.06645012594202028,0.03882901373576604,-0.031218009978038606
15.338697910308838,3,0.08512599342973035,-0.03882901373576604,-0.06
15.338697910308838,4,0.013731082925982158,-0.07,-0.06
15.338697910308838,5,-0.05766382757776604,-0.03882901373576604,-0.06
15.354362964630127,0,-0.07554921955053988,0.03882901373576604,-0.06
15.354362964630127,1,-0.03045708884698995,0.07,-0.06
15.354362964630127,2,0.06906327859490878,0.03882901373576604,-0.0297214092801063
15.354362964630127,3,0.0846350421545832,-0.03882901373576604,-0.06
15.354362964630127,4,0.013240131650835006,-0.07,-0.06
15.354362964630127,5,-0.05815477885291318,-0.03882901373576604,-0.06
15.371484518051147,0,-0.07608581829524556,0.03882901373576604,-0.06
15.371484518051147,1,-0.030993687591695632,0.07,-0.06
15.371484518051147,2,0.0719193959007331,0.03882901373576604,-0.028133386966925078
15.371484518051147,3,0.08409844340987753,-0.03882901373576604,-0.06
15.371484518051147,4,0.012703532906129337,-0.07,-0.06
15.371484518051147,5,-0.05869137759761887,-0.03882901373576604,-0.06
15.400475263595581,0,-0.07699440394075864,0.03882901373576604,-0.06
15.400475263595581,1,-0.03190227323720873,0.07,-0.06
15.400475263595581,2,0.07675546234996952,0.03882901373576604,-0.025565273733019714
15.400475263595581,3,0.08318985776436444,-0.03882901373576604,-0.06
15.400475263595581,4,0.011794947260616237,-0.07,-0.06
15.400475263595581,5,-0.059599963243131965,-0.03882901373576604,-0.06
15.41654109954834,0,-0.07749791592900579,0.03882901373576604,-0.06
15.41654109954834,1,-0.03240578522545587,0.07,-0.06
15.41654109954834,2,0.07943547104829674,0.03882901373576604,-0.024211225662497782
15.41654109954834,3,0.08268634577611729,-0.03882901373576604,-0.06
15.41654109954834,4,0.011291435272369092,-0.07,-0.06
15.41654109954834,5,-0.0601034752313791,-0.03882901373576604,-0.06
15.444887638092041,0,-0.07838631177868535,0.03882901373576604,-0.06
15.444887638092041,1,-0.03329418107513541,0.07,-0.06
15.444887638092041,2,0.08416407465709566,0.03882901373576604,-0.021949647935319755
15.444887638092041,3,0.08179794992643774,-0.03882901373576604,-0.06
15.444887638092041,4,0.010403039422689546,-0.07,-0.06
15.444887638092041,5,-0.06099187108105865,-0.03882901373576604,-0.06
15.459933519363403,0,-0.07885785783555724,0.03882901373576604,-0.06
15.459933519363403,1,-0.03376572713200731,0.07,-0.06
15.459933519363403,2,0.08667394048666212,0.03882901373576604,-0.020818257978603594
15.459933519363403,3,0.08132640386956586,-0.03882901373576604,-0.06
15.459933519363403,4,0.009931493365817659,-0.07,-0.06
15.459933519363403,5,-0.06146341713793054,-0.03882901373576604,-0.06
15.46944284439087,0,-0.07915588522520237,0.03882901373576604,-0.06
15.46944284439087,1,-0.03406375452165244,0.07,-0.06
15.46944284439087,2,0.08826023041665813,0.03882901373576604,-0.020128759405742325
15.46944284439087,3,0.08102837647992071,-0.03882901373576604,-0.06
15.46944284439087,4,0.009633465976172526,-0.07,-0.06
15.46944284439087,5,-0.061761444527575676,-0.03882901373576604,-0.06
15.495343923568726,0,-0.07996763905568698,0.03882901373576604,-0.06
15.495343923568726,1,-0.03487550835213704,0.07,-0.06
15.495343923568726,2,0.09258089681066531,0.03882901373576604,-0.018354257297551087
15.495343923568726,3,0.0802166226494361,-0.03882901373576604,-0.06
15.495343923568726,4,0.008821712145687914,-0.07,-0.06
15.495343923568726,5,-0.06257319835806027,-0.03882901373576604,-0.06
15.52337908744812,0,-0.08084627625497473,0.03882901373576604,-0.06
15.52337908744812,1,-0.030985962180805834,0.07,-0.057152259741302294
15.52337908744812,2,0.0924893753502475,0.03882901373576604,-0.06
15.52337908744812,3,0.07933798545014836,-0.03882901373576604,-0.06
15.52337908744812,4,0.00794307494640016,-0.07,-0.06
15.52337908744812,5,-0.06345183555734804,-0.03882901373576604,-0.06
15.538275957107544,0,-0.08131315220733294,0.03882901373576604,-0.06
15.538275957107544,1,-0.02850095359597418,0.07,-0.055393328122490634
15.538275957107544,2,0.09202249939788928,0.03882901373576604,-0.06
15.538275957107544,3,0.07887110949779015,-0.03882901373576604,-0.06
15.538275957107544,4,0.007476198994041954,-0.07,-0.06
15.538275957107544,5,-0.06391871150970625,-0.03882901373576604,-0.06
15.55619740486145,0,-0.08187482007306807,0.03882901373576604,-0.06
15.55619740486145,1,-0.025511402600413444,0.07,-0.05328506545896115
15.55619740486145,2,0.09146083153215416,0.03882901373576604,-0.06
15.55619740486145,3,0.07830944163205503,-0.03882901373576604,-0.06
15.55619740486145,4,0.006914531128306828,-0.07,-0.06
15.55619740486145,5,-0.06448037937544136,-0.03882901373576604,-0.06
15.571833610534668,0,-0.08236486721598135,0.03882901373576604,-0.06
15.571833610534668,1,-0.0229030623101056,0.07,-0.05145538402619613
15.571833610534668,2,0.09097078438924086,0.03882901373576604,-0.06
15.571833610534668,3,0.07781939448914173,-0.03882901373576604,-0.06
15.571833610534668,4,0.006424483985393528,-0.07,-0.06
15.571833610534668,5,-0.06497042651835466,-0.03882901373576604,-0.06
15.58634090423584,0,-0.082819533647099,0.03882901373576604,-0.06
15.58634090423584,1,-0.020483040505908608,0.07,-0.04976822601287065
15.58634090423584,2,0.09051611795812323,0.03882901373576604,-0.06
15.58634090423584,3,0.07736472805802408,-0.03882901373576604,-0.06
15.58634090423584,4,0.005969817554275895,-0.07,-0.06
15.58634090423584,5,-0.06542509294947231,-0.03882901373576604,-0.06
15.603660345077515,0,-0.08336233429059885,0.03882901373576604,-0.06
15.603660345077515,1,-0.01759391277907647,0.07,-0.047770004499055725
15.603660345077515,2,0.08997331731462338,0.03882901373576604,-0.06
15.603660345077515,3,0.07682192741452423,-0.03882901373576604,-0.06
15.603660345077515,4,0.005427016910776039,-0.07,-0.06
15.603660345077515,5,-0.06596789359297216,-0.03882901373576604,-0.06
15.617788791656494,0,-0.0838051274480009,0.03882901373576604,-0.06
15.617788791656494,1,-0.01523708803389323,0.07,-0.04615502592250012
15.617788791656494,2,0.08953052415722132,0.03882901373576604,-0.06
15.617788791656494,3,0.07637913425712219,-0.03882901373576604,-0.06
15.617788791656494,4,0.004984223753373985,-0.07,-0.06
15.617788791656494,5,-0.06641068675037422,-0.03882901373576604,-0.06
15.639394521713257,0,-0.08448226271381591,0.03882901373576604,-0.06
15.639394521713257,1,-0.011632946633713503,0.07,-0.04371592549555901
15.639394521713257,2,0.0888533888914063,0.03882901373576604,-0.06
15.639394521713257,3,0.07570199899130717,-0.03882901373576604,-0.06
15.639394521713257,4,0.004307088487558973,-0.07,-0.06
15.639394521713257,5,-0.06708782201618921,-0.03882901373576604,-0.06
15.667290925979614,0,-0.08535655111178053,0.03882901373576604,-0.06
15.667290925979614,1,-0.006979431789809457,0.07,-0.0406306098778534
15.667290925979614,2,0.0879791004934417,0.03882901373576604,-0.06
15.667290925979614,3,0.07482771059334256,-0.03882901373576604,-0.06
15.667290925979614,4,0.0034328000895943647,-0.07,-0.06
15.667290925979614,5,-0.06796211041415384,-0.03882901373576604,-0.06
15.695514917373657,0,-0.08624110626750801,0.03882901373576604,-0.06
15.695514917373657,1,-0.002271270779080429,0.07,-0.0375951164580382
15.695514917373657,2,0.0870945453377142,0.03882901373576604,-0.06
15.695514917373657,3,0.07394315543761507,-0.03882901373576604,-0.06
15.695514917373657,4,0.002548244933866869,-0.07,-0.06
15.695514917373657,5,-0.06884666556988132,-0.03882901373576604,-0.06
15.711037635803223,0,-0.0867275966588237,0.03882901373576604,-0.06
15.711037635803223,1,0.0003181382336373906,0.07,-0.03596744504626934
15.711037635803223,2,0.08660805494639852,0.03882901373576604,-0.06
15.711037635803223,3,0.07345666504629939,-0.03882901373576604,-0.06
15.711037635803223,4,0.002061754542551196,-0.07,-0.06
15.711037635803223,5,-0.069333155961197,-0.03882901373576604,-0.06
15.727607250213623,0,-0.0872468973364107,0.03882901373576604,-0.06
15.727607250213623,1,0.003082184304964016,0.07,-0.03426588439156616
15.727607250213623,2,0.08608875426881152,0.03882901373576604,-0.06
15.727607250213623,3,0.07293736436871238,-0.03882901373576604,-0.06
15.727607250213623,4,0.0015424538649641978,-0.07,-0.06
15.727607250213623,5,-0.069852456638784,-0.03882901373576604,-0.06
15.74323844909668,0,-0.08773678756381234,0.03882901373576604,-0.06
15.74323844909668,1,0.005689689391848768,0.07,-0.03269696411929858
15.74323844909668,2,0.08559886404140989,0.03882901373576604,-0.06
15.74323844909668,3,0.07244747414131075,-0.03882901373576604,-0.06
15.74323844909668,4,0.0010525636375625566,-0.07,-0.06
15.74323844909668,5,-0.07034234686618565,-0.03882901373576604,-0.06
15.756301403045654,0,-0.08814618760589976,0.03882901373576604,-0.06
15.756301403045654,1,0.00786877489428029,0.07,-0.0314144271367149
15.756301403045654,2,0.08518946399932245,0.03882901373576604,-0.06
15.756301403045654,3,0.07203807409922333,-0.03882901373576604,-0.06
15.756301403045654,4,0.0006431635954751267,-0.07,-0.06
15.756301403045654,5,-0.07075174690827307,-0.03882901373576604,-0.06
15.772804021835327,0,-0.0886633886044974,0.03882901373576604,-0.06
15.772804021835327,1,0.01062164514837415,0.07,-0.02983343800070633
15.772804021835327,2,0.0846722630007248,0.03882901373576604,-0.06
15.772804021835327,3,0.07152087310062567,-0.03882901373576604,-0.06
15.772804021835327,4,0.000125962596877484,-0.07,-0.06
15.772804021835327,5,-0.07126894790687072,-0.03882901373576604,-0.06
15.789036512374878,0,-0.08917212363763265,0.03882901373576604,-0.06
15.789036512374878,1,0.013329454189212768,0.07,-0.028323259352610312
15.789036512374878,2,0.08416352796758957,0.03882901373576604,-0.06
15.789036512374878,3,0.07101213806749043,-0.03882901373576604,-0.06
15.789036512374878,4,-0.0003827724362577653,-0.07,-0.06
15.789036512374878,5,-0.07177768294000597,-0.03882901373576604,-0.06
15.820996284484863,0,-0.09017376018155995,0.03882901373576604,-0.06
15.820996284484863,1,0.01866079626834113,0.07,-0.02548874076989778
15.820996284484863,2,0.08316189142366226,0.03882901373576604,-0.06
15.820996284484863,3,0.07001050152356313,-0.03882901373576604,-0.06
15.820996284484863,4,-0.0013844089801850633,-0.07,-0.06
15.820996284484863,5,-0.07277931948393326,-0.03882901373576604,-0.06
15.84864354133606,0,-0.0910402401647777,0.03882901373576604,-0.06
15.84864354133606,1,0.023272749799048597,0.07,-0.023195546764802323
15.84864354133606,2,0.08229541144044453,0.03882901373576604,-0.06
15.84864354133606,3,0.06914402154034538,-0.03882901373576604,-0.06
15.84864354133606,4,-0.002250888963402806,-0.07,-0.06
15.84864354133606,5,-0.07364579946715101,-0.03882901373576604,-0.06
15.864840745925903,0,-0.0915478693171641,0.03882901373576604,-0.06
15.864840745925903,1,0.025974672644334007,0.07,-0.02192473770326224
15.864840745925903,2,0.08178778228805812,0.03882901373576604,-0.06
15.864840745925903,3,0.06863639238795899,-0.03882901373576604,-0.06
15.864840745925903,4,-0.0027585181157892113,-0.07,-0.06
15.864840745925903,5,-0.07415342861953741,-0.03882901373576604,-0.06
15.882022619247437,0,-0.09208635852017692,0.03882901373576604,-0.06
15.882022619247437,1,0.028840852162826985,0.07,-0.02063793931444176
15.882022619247437,2,0.0812492930850453,0.03882901373576604,-0.06
15.882022619247437,3,0.06809790318494616,-0.03882901373576604,-0.06
15.882022619247437,4,-0.0032970073188020367,-0.07,-0.06
15.882022619247437,5,-0.07469191782255023,-0.03882901373576604,-0.06
15.895532846450806,0,-0.09250977634797261,0.03882901373576604,-0.06
15.895532846450806,1,0.03109454917105448,0.07,-0.019671780521311973
15.895532846450806,2,0.0808258752572496,0.03882901373576604,-0.06
15.895532846450806,3,0.06767448535715048,-0.03882901373576604,-0.06
15.895532846450806,4,-0.003720425146597728,-0.07,-0.06
15.895532846450806,5,-0.07511533565034592,-0.03882901373576604,-0.06
15.912379026412964,0,-0.093037744739537,0.03882901373576604,-0.06
15.912379026412964,1,0.0339047302886089,0.07,-0.018524993928493272
15.912379026412964,2,0.08029790686568522,0.03882901373576604,-0.06
15.912379026412964,3,0.06714651696558607,-0.03882901373576604,-0.06
15.912379026412964,4,-0.004248393538162119,-0.07,-0.06
15.912379026412964,5,-0.0756433040419103,-0.03882901373576604,-0.06
15.928560733795166,0,-0.09163945292123034,0.03882901373576604,-0.058861483919069285
15.928560733795166,1,0.0346986327006183,0.07,-0.06
15.928560733795166,2,0.07979076340416823,0.03882901373576604,-0.06
15.928560733795166,3,0.0666393735040691,-0.03882901373576604,-0.06
15.928560733795166,4,-0.004755536999679101,-0.07,-0.06
15.928560733795166,5,-0.07615044750342731,-0.03882901373576604,-0.06
15.959851264953613,0,-0.08641974969965491,0.03882901373576604,-0.05516385928071284
15.959851264953613,1,0.033717970530082846,0.07,-0.06
15.959851264953613,2,0.07881010123363277,0.03882901373576604,-0.06
15.959851264953613,3,0.06565871133353364,-0.03882901373576604,-0.06
15.959851264953613,4,-0.005736199170214563,-0.07,-0.06
15.959851264953613,5,-0.07713110967396276,-0.03882901373576604,-0.06
15.987993240356445,0,-0.08172527011642791,0.03882901373576604,-0.05186039447102394
15.987993240356445,1,0.03283598579987968,0.07,-0.06
15.987993240356445,2,0.07792811650342961,0.03882901373576604,-0.06
15.987993240356445,3,0.06477672660333048,-0.03882901373576604,-0.06
15.987993240356445,4,-0.006618183900417721,-0.07,-0.06
15.987993240356445,5,-0.07801309440416593,-0.03882901373576604,-0.06
16.00464129447937,0,-0.07894813919147288,0.03882901373576604,-0.04992223064011696
16.00464129447937,1,0.03231422677927668,0.07,-0.06
16.00464129447937,2,0.07740635748282661,0.03882901373576604,-0.06
16.00464129447937,3,0.06425496758272747,-0.03882901373576604,-0.06
16.00464129447937,4,-0.007139942921020728,-0.07,-0.06
16.00464129447937,5,-0.07853485342476892,-0.03882901373576604,-0.06
16.021275997161865,0,-0.0761732354756461,0.03882901373576604,-0.04800126432355919
16.021275997161865,1,0.031792886200038104,0.07,-0.06
16.021275997161865,2,0.07688501690358804,0.03882901373576604,-0.06
16.021275997161865,3,0.06373362700348889,-0.03882901373576604,-0.06
16.021275997161865,4,-0.007661283500259307,-0.07,-0.06
16.021275997161865,5,-0.0790561940040075,-0.03882901373576604,-0.06
16.03800106048584,0,-0.07338325832661212,0.03882901373576604,-0.04608863902334331
16.03800106048584,1,0.03126871366942243,0.07,-0.06
16.03800106048584,2,0.07636084437297236,0.03882901373576604,-0.06
16.03800106048584,3,0.06320945447287322,-0.03882901373576604,-0.06
16.03800106048584,4,-0.008185456030874977,-0.07,-0.06
16.03800106048584,5,-0.07958036653462316,-0.03882901373576604,-0.06
16.051509141921997,0,-0.0711299192627088,0.03882901373576604,-0.044559687445440345
16.051509141921997,1,0.030845363091131735,0.07,-0.06
16.051509141921997,2,0.07593749379468166,0.03882901373576604,-0.06
16.051509141921997,3,0.06278610389458253,-0.03882901373576604,-0.06
16.051509141921997,4,-0.008608806609165675,-0.07,-0.06
16.051509141921997,5,-0.08000371711291387,-0.03882901373576604,-0.06
16.067524909973145,0,-0.06845826259861248,0.03882901373576604,-0.04276749168137902
16.067524909973145,1,0.03034342025800119,0.07,-0.06
16.067524909973145,2,0.0754355509615511,0.03882901373576604,-0.06
16.067524909973145,3,0.06228416106145198,-0.03882901373576604,-0.06
16.067524909973145,4,-0.009110749442296215,-0.07,-0.06
16.067524909973145,5,-0.08050565994604442,-0.03882901373576604,-0.06
16.08751153945923,0,-0.0651242100768232,0.03882901373576604,-0.04056601159453445
16.08751153945923,1,0.02971702847979004,0.07,-0.06
16.08751153945923,2,0.07480915918333997,0.03882901373576604,-0.06
16.08751153945923,3,0.061657769283240835,-0.03882901373576604,-0.06
16.08751153945923,4,-0.009737141220507369,-0.07,-0.06
16.08751153945923,5,-0.08113205172425556,-0.03882901373576604,-0.06
16.117430210113525,0,-0.06013335259317423,0.03882901373576604,-0.03735339402549753
16.117430210113525,1,0.028779361159449342,0.07,-0.06
16.117430210113525,2,0.07387149186299927,0.03882901373576604,-0.06
16.117430210113525,3,0.06072010196290014,-0.03882901373576604,-0.06
16.117430210113525,4,-0.01067480854084806,-0.07,-0.06
16.117430210113525,5,-0.08206971904459626,-0.03882901373576604,-0.06
16.145392894744873,0,-0.05546878124681215,0.03882901373576604,-0.034453238133867005
16.145392894744873,1,0.02790299549899705,0.07,-0.06
16.145392894744873,2,0.07299512620254697,0.03882901373576604,-0.06
16.145392894744873,3,0.05984373630244783,-0.03882901373576604,-0.06
16.145392894744873,4,-0.011551174201300354,-0.07,-0.06
16.145392894744873,5,-0.08294608470504855,-0.03882901373576604,-0.06
16.160320281982422,0,-0.05297868189825881,0.03882901373576604,-0.03295009940477787
16.160320281982422,1,0.027435163109234433,0.07,-0.06
16.160320281982422,2,0.07252729381278436,0.03882901373576604,-0.06
16.160320281982422,3,0.05937590391268523,-0.03882901373576604,-0.06
16.160320281982422,4,-0.012019006591062977,-0.07,-0.06
16.160320281982422,5,-0.08341391709481116,-0.03882901373576604,-0.06
16.176838636398315,0,-0.05022318671912095,0.03882901373576604,-0.0313262280080439
16.176838636398315,1,0.02691746894760014,0.07,-0.06
16.176838636398315,2,0.07200959965115006,0.03882901373576604,-0.06
16.176838636398315,3,0.05885820975105093,-0.03882901373576604,-0.06
16.176838636398315,4,-0.012536700752697262,-0.07,-0.06
16.176838636398315,5,-0.08393161125644547,-0.03882901373576604,-0.06
16.19247579574585,0,-0.04761468734244681,0.03882901373576604,-0.029829369094052358
16.19247579574585,1,0.026427391916017957,0.07,-0.06
16.19247579574585,2,0.07151952261956787,0.03882901373576604,-0.06
16.19247579574585,3,0.058368132719468745,-0.03882901373576604,-0.06
16.19247579574585,4,-0.013026777784279445,-0.07,-0.06
16.19247579574585,5,-0.08442168828802765,-0.03882901373576604,-0.06
16.209514379501343,0,-0.04477241055049082,0.03882901373576604,-0.028245525340143907
16.209514379501343,1,0.025893393485505494,0.07,-0.06
16.209514379501343,2,0.07098552418905542,0.03882901373576604,-0.06
16.209514379501343,3,0.057834134288956285,-0.03882901373576604,-0.06
16.209514379501343,4,-0.013560776214791917,-0.07,-0.06
16.209514379501343,5,-0.0849556867185401,-0.03882901373576604,-0.06
16.23839259147644,0,-0.03995511629247812,0.03882901373576604,-0.025680493371045936
16.23839259147644,1,0.02498833470292113,0.07,-0.06
16.23839259147644,2,0.07008046540647106,0.03882901373576604,-0.06
16.23839259147644,3,0.056929075506371926,-0.03882901373576604,-0.06
16.23839259147644,4,-0.014465834997376274,-0.07,-0.06
16.23839259147644,5,-0.08586074550112446,-0.03882901373576604,-0.06
16.25473928451538,0,-0.03722825665927475,0.03882901373576604,-0.024298920861906888
16.25473928451538,1,0.024476020501686596,0.07,-0.06
16.25473928451538,2,0.06956815120523653,0.03882901373576604,-0.06
16.25473928451538,3,0.05641676130513738,-0.03882901373576604,-0.06
16.25473928451538,4,-0.014978149198610798,-0.07,-0.06
16.25473928451538,5,-0.086373059702359,-0.03882901373576604,-0.06
16.271668910980225,0,-0.03440415548466885,0.03882901373576604,-0.022924497260561873
16.271668910980225,1,0.023945436851594542,0.07,-0.06
16.271668910980225,2,0.06903756755514447,0.03882901373576604,-0.06
16.271668910980225,3,0.05588617765504533,-0.03882901373576604,-0.06
16.271668910980225,4,-0.01550873284870286,-0.07,-0.06
16.271668910980225,5,-0.08690364335245106,-0.03882901373576604,-0.06
16.276679515838623,0,-0.03356831571611434,0.03882901373576604,-0.02252904456770395
16.276679515838623,1,0.023788401785259275,0.07,-0.06
16.276679515838623,2,0.0688805324888092,0.03882901373576604,-0.06
16.276679515838623,3,0.05572914258871007,-0.03882901373576604,-0.06
16.276679515838623,4,-0.015665767915038126,-0.07,-0.06
16.276679515838623,5,-0.08706067841878633,-0.03882901373576604,-0.06
16.301605939865112,0,-0.029410235588468548,0.03882901373576604,-0.0206412517795432
16.301605939865112,1,0.02300719417437776,0.07,-0.06
16.301605939865112,2,0.06809932487792769,0.03882901373576604,-0.06
16.301605939865112,3,0.05494793497782856,-0.03882901373576604,-0.06
16.301605939865112,4,-0.01644697552591964,-0.07,-0.06
16.301605939865112,5,-0.08784188602966785,-0.03882901373576604,-0.06
16.33482336997986,0,-0.023869098363778478,0.03882901373576604,-0.018339710619569384
16.33482336997986,1,0.02196614194835498,0.07,-0.06
16.33482336997986,2,0.06705827265190491,0.03882901373576604,-0.06
16.33482336997986,3,0.053906882751805774,-0.03882901373576604,-0.06
16.33482336997986,4,-0.017488027751942418,-0.07,-0.06
16.33482336997986,5,-0.08888293825569062,-0.03882901373576604,-0.06
16.362480401992798,0,-0.023992775097268777,0.03882901373576604,-0.06
16.362480401992798,1,0.021099355606281144,0.07,-0.06
16.362480401992798,2,0.06619148630983107,0.03882901373576604,-0.06
16.362480401992798,3,0.05304009640973194,-0.03882901373576604,-0.06
16.362480401992798,4,-0.01835481409401625,-0.07,-0.06
16.362480401992798,5,-0.08974972459776445,-0.03882901373576604,-0.06
16.37864899635315,0,-0.024499507589588562,0.03882901373576604,-0.06
16.37864899635315,1,0.020592623113961362,0.07,-0.06
16.37864899635315,2,0.0656847538175113,0.03882901373576604,-0.06
16.37864899635315,3,0.05253336391741216,-0.03882901373576604,-0.06
16.37864899635315,4,-0.01886154658633604,-0.07,-0.06
16.37864899635315,5,-0.09025645709008423,-0.03882901373576604,-0.06
16.39229917526245,0,-0.024927311579543504,0.03882901373576604,-0.06
16.39229917526245,1,0.020164819124006424,0.07,-0.06
16.39229917526245,2,0.06525694982755635,0.03882901373576604,-0.06
16.39229917526245,3,0.05210555992745721,-0.03882901373576604,-0.06
16.39229917526245,4,-0.01928935057629098,-0.07,-0.06
16.39229917526245,5,-0.09068426108003919,-0.03882901373576604,-0.06
16.40731930732727,0,-0.02539805064235543,0.03882901373576604,-0.06
16.40731930732727,1,0.019694080061194493,0.07,-0.06
16.40731930732727,2,0.06478621076474442,0.03882901373576604,-0.06
16.40731930732727,3,0.051634820864645284,-0.03882901373576604,-0.06
16.40731930732727,4,-0.019760089639102914,-0.07,-0.06
16.40731930732727,5,-0.0911550001428511,-0.03882901373576604,-0.06
16.423341751098633,0,-0.025900202696168197,0.03882901373576604,-0.06
16.423341751098633,1,0.019191928007381735,0.07,-0.06
16.423341751098633,2,0.06428405871093167,0.03882901373576604,-0.06
16.423341751098633,3,0.051132668810832525,-0.03882901373576604,-0.06
16.423341751098633,4,-0.020262241692915673,-0.07,-0.06
16.423341751098633,5,-0.09165715219666387,-0.03882901373576604,-0.06
16.439654111862183,0,-0.02641144090532277,0.03882901373576604,-0.06
16.439654111862183,1,0.01868068979822715,0.07,-0.06
16.439654111862183,2,0.06377282050177709,0.03882901373576604,-0.06
16.439654111862183,3,0.050621430601677946,-0.03882901373576604,-0.06
16.439654111862183,4,-0.020773479902070253,-0.07,-0.06
16.439654111862183,5,-0.09216839040581845,-0.03882901373576604,-0.06
16.453518629074097,0,-0.026845962373610192,0.03882901373576604,-0.06
16.453518629074097,1,0.018246168329939732,0.07,-0.06
16.453518629074097,2,0.06333829903348966,0.03882901373576604,-0.06
16.453518629074097,3,0.05018690913339052,-0.03882901373576604,-0.06
16.453518629074097,4,-0.021208001370357676,-0.07,-0.06
16.453518629074097,5,-0.09260291187410587,-0.03882901373576604,-0.06
16.47152304649353,0,-0.02741023055353854,0.03882901373576604,-0.06
16.47152304649353,1,0.01768190015001139,0.07,-0.06
16.47152304649353,2,0.06277403085356131,0.03882901373576604,-0.06
16.47152304649353,3,0.04962264095346218,-0.03882901373576604,-0.06
16.47152304649353,4,-0.021772269550286015,-0.07,-0.06
16.47152304649353,5,-0.09316718005403421,-0.03882901373576604,-0.06
16.48875665664673,0,-0.027950341216838506,0.03882901373576604,-0.06
16.48875665664673,1,0.01714178948671142,0.07,-0.06
16.48875665664673,2,0.062233920190261346,0.03882901373576604,-0.06
16.48875665664673,3,0.04908253029016221,-0.03882901373576604,-0.06
16.48875665664673,4,-0.022312380213585982,-0.07,-0.06
16.48875665664673,5,-0.0907750441952806,-0.03882901373576604,-0.058248161411254634
16.51701283454895,0,-0.02883590511514095,0.03882901373576604,-0.06
16.51701283454895,1,0.016256225588408973,0.07,-0.06
16.51701283454895,2,0.061348356291958894,0.03882901373576604,-0.06
16.51701283454895,3,0.04819696639185977,-0.03882901373576604,-0.06
16.51701283454895,4,-0.02319794411188843,-0.07,-0.06
16.51701283454895,5,-0.08606151401968884,-0.03882901373576604,-0.05491082895753328
16.534036874771118,0,-0.02936944774345288,0.03882901373576604,-0.06
16.534036874771118,1,0.015722682960097045,0.07,-0.06
16.534036874771118,2,0.06081481366364698,0.03882901373576604,-0.06
16.534036874771118,3,0.04766342376354784,-0.03882901373576604,-0.06
16.534036874771118,4,-0.023731486740200355,-0.07,-0.06
16.534036874771118,5,-0.08322166329481898,-0.03882901373576604,-0.052910166992500854
16.562508821487427,0,-0.03026177395309114,0.03882901373576604,-0.06
16.562508821487427,1,0.014830356750458788,0.07,-0.06
16.562508821487427,2,0.059922487454008716,0.03882901373576604,-0.06
16.562508821487427,3,0.04677109755390958,-0.03882901373576604,-0.06
16.562508821487427,4,-0.024623812949838612,-0.07,-0.06
16.562508821487427,5,-0.07847213982885123,-0.03882901373576604,-0.049591519157373795
16.576574325561523,0,-0.030702594458346614,0.03882901373576604,-0.06
16.576574325561523,1,0.014389536245203312,0.07,-0.06
16.576574325561523,2,0.05948166694875324,0.03882901373576604,-0.06
16.576574325561523,3,0.04633027704865411,-0.03882901373576604,-0.06
16.576574325561523,4,-0.025064633455094094,-0.07,-0.06
16.576574325561523,5,-0.07612581478384398,-0.03882901373576604,-0.047968590036052645
16.591321229934692,0,-0.031164770417522258,0.03882901373576604,-0.06
16.591321229934692,1,0.013927360286027668,0.07,-0.06
16.591321229934692,2,0.059019490989577594,0.03882901373576604,-0.06
16.591321229934692,3,0.04586810108947846,-0.03882901373576604,-0.06
16.591321229934692,4,-0.02552680941426974,-0.07,-0.06
16.591321229934692,5,-0.07366582253011342,-0.03882901373576604,-0.046281403268468725
16.60664463043213,0,-0.03164501407704043,0.03882901373576604,-0.06
16.60664463043213,1,0.013447116626509492,0.07,-0.06
16.60664463043213,2,0.05853924733005942,0.03882901373576604,-0.06
16.60664463043213,3,0.045387857429960286,-0.03882901373576604,-0.06
16.60664463043213,4,-0.026007053073787912,-0.07,-0.06
16.60664463043213,5,-0.07110966256795287,-0.03882901373576604,-0.04454601205102442
16.622153759002686,0,-0.03213107855482446,0.03882901373576604,-0.06
16.622153759002686,1,0.012961052148725467,0.07,-0.06
16.622153759002686,2,0.05805318285227539,0.03882901373576604,-0.06
16.622153759002686,3,0.044901792952176264,-0.03882901373576604,-0.06
16.622153759002686,4,-0.026493117551571937,-0.07,-0.06
16.622153759002686,5,-0.06852252053595487,-0.03882901373576604,-0.0428103164151145
16.64045238494873,0,-0.032704567389104613,0.03882901373576604,-0.06
16.64045238494873,1,0.012387563314445309,0.07,-0.06
16.64045238494873,2,0.057479694017995235,0.03882901373576604,-0.06
16.64045238494873,3,0.04432830411789611,-0.03882901373576604,-0.06
16.64045238494873,4,-0.027066606385852097,-0.07,-0.06
16.64045238494873,5,-0.06547005088252142,-0.03882901373576604,-0.04079243088422573
16.65425944328308,0,-0.03313728806509156,0.03882901373576604,-0.06
16.65425944328308,1,0.011954842638458368,0.07,-0.06
16.65425944328308,2,0.057046973342008284,0.03882901373576604,-0.06
16.65425944328308,3,0.04389558344190915,-0.03882901373576604,-0.06
16.65425944328308,4,-0.027499327061839038,-0.07,-0.06
16.65425944328308,5,-0.06316683824278219,-0.03882901373576604,-0.0392935234841368
16.67327642440796,0,-0.03373329053921128,0.03882901373576604,-0.06
16.67327642440796,1,0.011358840164338647,0.07,-0.06
16.67327642440796,2,0.056450970867888584,0.03882901373576604,-0.06
16.67327642440796,3,0.04329958096778944,-0.03882901373576604,-0.06
16.67327642440796,4,-0.02809532953595876,-0.07,-0.06
16.67327642440796,5,-0.059994536783931206,-0.03882901373576604,-0.03726558918896222
16.687357187271118,0,-0.03417458926316895,0.03882901373576604,-0.06
16.687357187271118,1,0.010917541440380967,0.07,-0.06
16.687357187271118,2,0.0560096721439309,0.03882901373576604,-0.06
16.687357187271118,3,0.042858282243831765,-0.03882901373576604,-0.06
16.687357187271118,4,-0.028536628259916434,-0.07,-0.06
16.687357187271118,5,-0.057645666357063106,-0.03882901373576604,-0.035793523557570914
16.70386290550232,0,-0.03469188739994049,0.03882901373576604,-0.06
16.70386290550232,1,0.010400243303609434,0.07,-0.06
16.70386290550232,2,0.05549237400715937,0.03882901373576604,-0.06
16.70386290550232,3,0.042340984107060234,-0.03882901373576604,-0.06
16.70386290550232,4,-0.02905392639668797,-0.07,-0.06
16.70386290550232,5,-0.054892279072278755,-0.03882901373576604,-0.03410232585088077
